utc_time,latitude,longitude
2025-04-11T18:49:22Z,27.112684,-165.447109
2025-04-11T18:49:23Z,27.112686,-165.447105
2025-04-11T18:49:24Z,27.112688,-165.447102
2025-04-11T18:49:25Z,27.112690,-165.447098
2025-04-11T18:49:26Z,27.112692,-165.447095
2025-04-11T18:49:27Z,27.112695,-165.447091
2025-04-11T18:49:28Z,27.112697,-165.447087
2025-04-11T18:49:29Z,27.112699,-165.447084
2025-04-11T18:49:30Z,27.112701,-165.447080
2025-04-11T18:49:31Z,27.112703,-165.447077
2025-04-11T18:49:32Z,27.112705,-165.447073
2025-04-11T18:49:33Z,27.112707,-165.447070
2025-04-11T18:49:34Z,27.112710,-165.447066
2025-04-11T18:49:35Z,27.112712,-165.447062
2025-04-11T18:49:36Z,27.112714,-165.447059
2025-04-11T18:49:37Z,27.112716,-165.447055
2025-04-11T18:49:38Z,27.112718,-165.447052
2025-04-11T18:49:39Z,27.112720,-165.447048
2025-04-11T18:49:40Z,27.112723,-165.447044
2025-04-11T18:49:41Z,27.112725,-165.447041
2025-04-11T18:49:42Z,27.112727,-165.447037
2025-04-11T18:49:43Z,27.112729,-165.447034
2025-04-11T18:49:44Z,27.112731,-165.447030
2025-04-11T18:49:45Z,27.112733,-165.447027
2025-04-11T18:49:46Z,27.112735,-165.447023
2025-04-11T18:49:47Z,27.112738,-165.447019
2025-04-11T18:49:48Z,27.112740,-165.447016
2025-04-11T18:49:49Z,27.112742,-165.447012
2025-04-11T18:49:50Z,27.112744,-165.447009
2025-04-11T18:49:51Z,27.112746,-165.447005
2025-04-11T18:49:52Z,27.112748,-165.447001
2025-04-11T18:49:53Z,27.112750,-165.446998
2025-04-11T18:49:54Z,27.112753,-165.446994
2025-04-11T18:49:55Z,27.112755,-165.446991
2025-04-11T18:49:56Z,27.112757,-165.446987
2025-04-11T18:49:57Z,27.112759,-165.446984
2025-04-11T18:49:58Z,27.112761,-165.446980
2025-04-11T18:49:59Z,27.112763,-165.446976
2025-04-11T18:50:00Z,27.112766,-165.446973
2025-04-11T18:50:01Z,27.112768,-165.446969
2025-04-11T18:50:02Z,27.112770,-165.446966
2025-04-11T18:50:03Z,27.112772,-165.446963
2025-04-11T18:50:04Z,27.112774,-165.446960
2025-04-11T18:50:05Z,27.112776,-165.446957
2025-04-11T18:50:06Z,27.112778,-165.446954
2025-04-11T18:50:07Z,27.112780,-165.446951
2025-04-11T18:50:08Z,27.112782,-165.446948
2025-04-11T18:50:09Z,27.112784,-165.446945
2025-04-11T18:50:10Z,27.112786,-165.446942
2025-04-11T18:50:11Z,27.112788,-165.446939
2025-04-11T18:50:12Z,27.112790,-165.446936
2025-04-11T18:50:13Z,27.112792,-165.446933
2025-04-11T18:50:14Z,27.112795,-165.446930
2025-04-11T18:50:15Z,27.112797,-165.446927
2025-04-11T18:50:16Z,27.112798,-165.446924
2025-04-11T18:50:17Z,27.112798,-165.446919
2025-04-11T18:50:18Z,27.112798,-165.446914
2025-04-11T18:50:19Z,27.112798,-165.446910
2025-04-11T18:50:20Z,27.112798,-165.446905
2025-04-11T18:50:21Z,27.112798,-165.446901
2025-04-11T18:50:22Z,27.112798,-165.446896
2025-04-11T18:50:23Z,27.112799,-165.446891
2025-04-11T18:50:24Z,27.112801,-165.446887
2025-04-11T18:50:25Z,27.112803,-165.446882
2025-04-11T18:50:26Z,27.112805,-165.446878
2025-04-11T18:50:27Z,27.112807,-165.446873
2025-04-11T18:50:28Z,27.112809,-165.446868
2025-04-11T18:50:29Z,27.112812,-165.446864
2025-04-11T18:50:30Z,27.112814,-165.446861
2025-04-11T18:50:31Z,27.112816,-165.446860
2025-04-11T18:50:32Z,27.112818,-165.446859
2025-04-11T18:50:33Z,27.112820,-165.446859
2025-04-11T18:50:34Z,27.112823,-165.446858
2025-04-11T18:50:35Z,27.112825,-165.446857
2025-04-11T18:50:36Z,27.112827,-165.446856
2025-04-11T18:50:37Z,27.112827,-165.446830
2025-04-11T18:50:38Z,27.112825,-165.446777
2025-04-11T18:50:39Z,27.112823,-165.446723
2025-04-11T18:50:40Z,27.112821,-165.446670
2025-04-11T18:50:41Z,27.112819,-165.446617
2025-04-11T18:50:42Z,27.112817,-165.446563
2025-04-11T18:50:43Z,27.112815,-165.446510
2025-04-11T18:50:44Z,27.112813,-165.446457
2025-04-11T18:50:45Z,27.112811,-165.446403
2025-04-11T18:50:46Z,27.112809,-165.446350
2025-04-11T18:50:47Z,27.112807,-165.446296
2025-04-11T18:50:48Z,27.112805,-165.446243
2025-04-11T18:50:49Z,27.112803,-165.446190
2025-04-11T18:50:50Z,27.112801,-165.446136
2025-04-11T18:50:51Z,27.112800,-165.446102
2025-04-11T18:50:52Z,27.112802,-165.446097
2025-04-11T18:50:53Z,27.112803,-165.446092
2025-04-11T18:50:54Z,27.112804,-165.446087
2025-04-11T18:50:55Z,27.112806,-165.446082
2025-04-11T18:50:56Z,27.112807,-165.446077
2025-04-11T18:50:57Z,27.112808,-165.446072
2025-04-11T18:50:58Z,27.112811,-165.446095
2025-04-11T18:50:59Z,27.112817,-165.446189
2025-04-11T18:51:00Z,27.112823,-165.446283
2025-04-11T18:51:01Z,27.112828,-165.446376
2025-04-11T18:51:02Z,27.112834,-165.446470
2025-04-11T18:51:03Z,27.112840,-165.446564
2025-04-11T18:51:04Z,27.112846,-165.446657
2025-04-11T18:51:05Z,27.112852,-165.446732
2025-04-11T18:51:06Z,27.112855,-165.446728
2025-04-11T18:51:07Z,27.112859,-165.446724
2025-04-11T18:51:08Z,27.112863,-165.446720
2025-04-11T18:51:09Z,27.112866,-165.446716
2025-04-11T18:51:10Z,27.112870,-165.446712
2025-04-11T18:51:11Z,27.112874,-165.446708
2025-04-11T18:51:12Z,27.112877,-165.446704
2025-04-11T18:51:13Z,27.112881,-165.446699
2025-04-11T18:51:14Z,27.112885,-165.446695
2025-04-11T18:51:15Z,27.112888,-165.446691
2025-04-11T18:51:16Z,27.112892,-165.446687
2025-04-11T18:51:17Z,27.112896,-165.446683
2025-04-11T18:51:18Z,27.112899,-165.446679
2025-04-11T18:51:19Z,27.112902,-165.446675
2025-04-11T18:51:20Z,27.112904,-165.446672
2025-04-11T18:51:21Z,27.112905,-165.446669
2025-04-11T18:51:22Z,27.112906,-165.446666
2025-04-11T18:51:23Z,27.112907,-165.446663
2025-04-11T18:51:24Z,27.112908,-165.446660
2025-04-11T18:51:25Z,27.112909,-165.446657
2025-04-11T18:51:26Z,27.112911,-165.446654
2025-04-11T18:51:27Z,27.112912,-165.446651
2025-04-11T18:51:28Z,27.112913,-165.446648
2025-04-11T18:51:29Z,27.112914,-165.446645
2025-04-11T18:51:30Z,27.112915,-165.446641
2025-04-11T18:51:31Z,27.112916,-165.446638
2025-04-11T18:51:32Z,27.112918,-165.446635
2025-04-11T18:51:33Z,27.112919,-165.446632
2025-04-11T18:51:34Z,27.112920,-165.446629
2025-04-11T18:51:35Z,27.112921,-165.446626
2025-04-11T18:51:36Z,27.112922,-165.446623
2025-04-11T18:51:37Z,27.112924,-165.446620
2025-04-11T18:51:38Z,27.112925,-165.446617
2025-04-11T18:51:39Z,27.112926,-165.446614
2025-04-11T18:51:40Z,27.112927,-165.446611
2025-04-11T18:51:41Z,27.112928,-165.446608
2025-04-11T18:51:42Z,27.112930,-165.446606
2025-04-11T18:51:43Z,27.112931,-165.446603
2025-04-11T18:51:44Z,27.112932,-165.446601
2025-04-11T18:51:45Z,27.112934,-165.446599
2025-04-11T18:51:46Z,27.112935,-165.446596
2025-04-11T18:51:47Z,27.112936,-165.446593
2025-04-11T18:51:48Z,27.112936,-165.446589
2025-04-11T18:51:49Z,27.112935,-165.446584
2025-04-11T18:51:50Z,27.112935,-165.446580
2025-04-11T18:51:51Z,27.112935,-165.446575
2025-04-11T18:51:52Z,27.112935,-165.446570
2025-04-11T18:51:53Z,27.112934,-165.446566
2025-04-11T18:51:54Z,27.112934,-165.446561
2025-04-11T18:51:55Z,27.112937,-165.446555
2025-04-11T18:51:56Z,27.112939,-165.446548
2025-04-11T18:51:57Z,27.112942,-165.446542
2025-04-11T18:51:58Z,27.112944,-165.446536
2025-04-11T18:51:59Z,27.112946,-165.446530
2025-04-11T18:52:00Z,27.112949,-165.446523
2025-04-11T18:52:01Z,27.112951,-165.446517
2025-04-11T18:52:02Z,27.112953,-165.446512
2025-04-11T18:52:03Z,27.112955,-165.446507
2025-04-11T18:52:04Z,27.112958,-165.446501
2025-04-11T18:52:05Z,27.112960,-165.446496
2025-04-11T18:52:06Z,27.112962,-165.446491
2025-04-11T18:52:07Z,27.112964,-165.446485
2025-04-11T18:52:08Z,27.112966,-165.446480
2025-04-11T18:52:09Z,27.112956,-165.446477
2025-04-11T18:52:10Z,27.112946,-165.446474
2025-04-11T18:52:11Z,27.112936,-165.446471
2025-04-11T18:52:12Z,27.112926,-165.446468
2025-04-11T18:52:13Z,27.112916,-165.446465
2025-04-11T18:52:14Z,27.112906,-165.446462
2025-04-11T18:52:15Z,27.112896,-165.446459
2025-04-11T18:52:16Z,27.112886,-165.446456
2025-04-11T18:52:17Z,27.112875,-165.446453
2025-04-11T18:52:18Z,27.112865,-165.446450
2025-04-11T18:52:19Z,27.112855,-165.446447
2025-04-11T18:52:20Z,27.112845,-165.446444
2025-04-11T18:52:21Z,27.112835,-165.446441
2025-04-11T18:52:22Z,27.112828,-165.446428
2025-04-11T18:52:23Z,27.112849,-165.446343
2025-04-11T18:52:24Z,27.112870,-165.446258
2025-04-11T18:52:25Z,27.112890,-165.446172
2025-04-11T18:52:26Z,27.112911,-165.446087
2025-04-11T18:52:27Z,27.112932,-165.446002
2025-04-11T18:52:28Z,27.112952,-165.445916
2025-04-11T18:52:29Z,27.112972,-165.445839
2025-04-11T18:52:30Z,27.112976,-165.445913
2025-04-11T18:52:31Z,27.112979,-165.445988
2025-04-11T18:52:32Z,27.112983,-165.446062
2025-04-11T18:52:33Z,27.112986,-165.446137
2025-04-11T18:52:34Z,27.112989,-165.446211
2025-04-11T18:52:35Z,27.112993,-165.446286
2025-04-11T18:52:36Z,27.112996,-165.446350
2025-04-11T18:52:37Z,27.112998,-165.446345
2025-04-11T18:52:38Z,27.113000,-165.446339
2025-04-11T18:52:39Z,27.113001,-165.446333
2025-04-11T18:52:40Z,27.113003,-165.446328
2025-04-11T18:52:41Z,27.113005,-165.446322
2025-04-11T18:52:42Z,27.113006,-165.446316
2025-04-11T18:52:43Z,27.113008,-165.446311
2025-04-11T18:52:44Z,27.113010,-165.446307
2025-04-11T18:52:45Z,27.113011,-165.446303
2025-04-11T18:52:46Z,27.113013,-165.446299
2025-04-11T18:52:47Z,27.113014,-165.446295
2025-04-11T18:52:48Z,27.113016,-165.446291
2025-04-11T18:52:49Z,27.113018,-165.446288
2025-04-11T18:52:50Z,27.113019,-165.446284
2025-04-11T18:52:51Z,27.113020,-165.446279
2025-04-11T18:52:52Z,27.113021,-165.446274
2025-04-11T18:52:53Z,27.113021,-165.446269
2025-04-11T18:52:54Z,27.113022,-165.446264
2025-04-11T18:52:55Z,27.113023,-165.446259
2025-04-11T18:52:56Z,27.113024,-165.446254
2025-04-11T18:52:57Z,27.113024,-165.446249
2025-04-11T18:52:58Z,27.113025,-165.446243
2025-04-11T18:52:59Z,27.113026,-165.446238
2025-04-11T18:53:00Z,27.113027,-165.446233
2025-04-11T18:53:01Z,27.113027,-165.446228
2025-04-11T18:53:02Z,27.113028,-165.446223
2025-04-11T18:53:03Z,27.113029,-165.446218
2025-04-11T18:53:04Z,27.113030,-165.446213
2025-04-11T18:53:05Z,27.113030,-165.446208
2025-04-11T18:53:06Z,27.113031,-165.446203
2025-04-11T18:53:07Z,27.113032,-165.446198
2025-04-11T18:53:08Z,27.113033,-165.446193
2025-04-11T18:53:09Z,27.113033,-165.446188
2025-04-11T18:53:10Z,27.113034,-165.446183
2025-04-11T18:53:11Z,27.113035,-165.446178
2025-04-11T18:53:12Z,27.113036,-165.446173
2025-04-11T18:53:13Z,27.113036,-165.446168
2025-04-11T18:53:14Z,27.113037,-165.446163
2025-04-11T18:53:15Z,27.113038,-165.446158
2025-04-11T18:53:16Z,27.113039,-165.446153
2025-04-11T18:53:17Z,27.113039,-165.446148
2025-04-11T18:53:18Z,27.113040,-165.446144
2025-04-11T18:53:19Z,27.113044,-165.446139
2025-04-11T18:53:20Z,27.113047,-165.446135
2025-04-11T18:53:21Z,27.113051,-165.446131
2025-04-11T18:53:22Z,27.113054,-165.446127
2025-04-11T18:53:23Z,27.113058,-165.446123
2025-04-11T18:53:24Z,27.113061,-165.446119
2025-04-11T18:53:25Z,27.113065,-165.446115
2025-04-11T18:53:26Z,27.113065,-165.446109
2025-04-11T18:53:27Z,27.113066,-165.446103
2025-04-11T18:53:28Z,27.113066,-165.446097
2025-04-11T18:53:29Z,27.113066,-165.446091
2025-04-11T18:53:30Z,27.113066,-165.446085
2025-04-11T18:53:31Z,27.113067,-165.446079
2025-04-11T18:53:32Z,27.113067,-165.446073
2025-04-11T18:53:33Z,27.113067,-165.446067
2025-04-11T18:53:34Z,27.113068,-165.446061
2025-04-11T18:53:35Z,27.113068,-165.446055
2025-04-11T18:53:36Z,27.113068,-165.446048
2025-04-11T18:53:37Z,27.113068,-165.446042
2025-04-11T18:53:38Z,27.113069,-165.446036
2025-04-11T18:53:39Z,27.113069,-165.446030
2025-04-11T18:53:40Z,27.113071,-165.446027
2025-04-11T18:53:41Z,27.113074,-165.446024
2025-04-11T18:53:42Z,27.113077,-165.446021
2025-04-11T18:53:43Z,27.113079,-165.446018
2025-04-11T18:53:44Z,27.113082,-165.446015
2025-04-11T18:53:45Z,27.113084,-165.446012
2025-04-11T18:53:46Z,27.113087,-165.446008
2025-04-11T18:53:47Z,27.113090,-165.446004
2025-04-11T18:53:48Z,27.113093,-165.445998
2025-04-11T18:53:49Z,27.113096,-165.445993
2025-04-11T18:53:50Z,27.113099,-165.445988
2025-04-11T18:53:51Z,27.113102,-165.445983
2025-04-11T18:53:52Z,27.113106,-165.445978
2025-04-11T18:53:53Z,27.113109,-165.445972
2025-04-11T18:53:54Z,27.113110,-165.445966
2025-04-11T18:53:55Z,27.113111,-165.445960
2025-04-11T18:53:56Z,27.113113,-165.445954
2025-04-11T18:53:57Z,27.113114,-165.445948
2025-04-11T18:53:58Z,27.113115,-165.445941
2025-04-11T18:53:59Z,27.113116,-165.445935
2025-04-11T18:54:00Z,27.113118,-165.445929
2025-04-11T18:54:01Z,27.113119,-165.445923
2025-04-11T18:54:02Z,27.113120,-165.445917
2025-04-11T18:54:03Z,27.113121,-165.445910
2025-04-11T18:54:04Z,27.113122,-165.445904
2025-04-11T18:54:05Z,27.113124,-165.445898
2025-04-11T18:54:06Z,27.113125,-165.445892
2025-04-11T18:54:07Z,27.113126,-165.445886
2025-04-11T18:54:08Z,27.113127,-165.445879
2025-04-11T18:54:09Z,27.113129,-165.445873
2025-04-11T18:54:10Z,27.113130,-165.445867
2025-04-11T18:54:11Z,27.113131,-165.445861
2025-04-11T18:54:12Z,27.113132,-165.445855
2025-04-11T18:54:13Z,27.113134,-165.445848
2025-04-11T18:54:14Z,27.113135,-165.445842
2025-04-11T18:54:15Z,27.113136,-165.445837
2025-04-11T18:54:16Z,27.113137,-165.445832
2025-04-11T18:54:17Z,27.113137,-165.445828
2025-04-11T18:54:18Z,27.113138,-165.445823
2025-04-11T18:54:19Z,27.113139,-165.445818
2025-04-11T18:54:20Z,27.113140,-165.445813
2025-04-11T18:54:21Z,27.113141,-165.445809
2025-04-11T18:54:22Z,27.113142,-165.445802
2025-04-11T18:54:23Z,27.113143,-165.445796
2025-04-11T18:54:24Z,27.113145,-165.445790
2025-04-11T18:54:25Z,27.113146,-165.445784
2025-04-11T18:54:26Z,27.113147,-165.445778
2025-04-11T18:54:27Z,27.113148,-165.445772
2025-04-11T18:54:28Z,27.113150,-165.445765
2025-04-11T18:54:29Z,27.113152,-165.445760
2025-04-11T18:54:30Z,27.113154,-165.445755
2025-04-11T18:54:31Z,27.113156,-165.445749
2025-04-11T18:54:32Z,27.113158,-165.445744
2025-04-11T18:54:33Z,27.113160,-165.445739
2025-04-11T18:54:34Z,27.113162,-165.445734
2025-04-11T18:54:35Z,27.113164,-165.445728
2025-04-11T18:54:36Z,27.113165,-165.445722
2025-04-11T18:54:37Z,27.113166,-165.445715
2025-04-11T18:54:38Z,27.113166,-165.445709
2025-04-11T18:54:39Z,27.113167,-165.445702
2025-04-11T18:54:40Z,27.113167,-165.445696
2025-04-11T18:54:41Z,27.113167,-165.445689
2025-04-11T18:54:42Z,27.113168,-165.445683
2025-04-11T18:54:43Z,27.113167,-165.445675
2025-04-11T18:54:44Z,27.113165,-165.445668
2025-04-11T18:54:45Z,27.113163,-165.445660
2025-04-11T18:54:46Z,27.113161,-165.445653
2025-04-11T18:54:47Z,27.113159,-165.445646
2025-04-11T18:54:48Z,27.113157,-165.445638
2025-04-11T18:54:49Z,27.113156,-165.445631
2025-04-11T18:54:50Z,27.113159,-165.445627
2025-04-11T18:54:51Z,27.113166,-165.445626
2025-04-11T18:54:52Z,27.113173,-165.445625
2025-04-11T18:54:53Z,27.113180,-165.445624
2025-04-11T18:54:54Z,27.113187,-165.445623
2025-04-11T18:54:55Z,27.113194,-165.445621
2025-04-11T18:54:56Z,27.113201,-165.445620
2025-04-11T18:54:57Z,27.113201,-165.445616
2025-04-11T18:54:58Z,27.113199,-165.445611
2025-04-11T18:54:59Z,27.113196,-165.445606
2025-04-11T18:55:00Z,27.113194,-165.445601
2025-04-11T18:55:01Z,27.113191,-165.445596
2025-04-11T18:55:02Z,27.113188,-165.445591
2025-04-11T18:55:03Z,27.113186,-165.445586
2025-04-11T18:55:04Z,27.113185,-165.445582
2025-04-11T18:55:05Z,27.113185,-165.445580
2025-04-11T18:55:06Z,27.113186,-165.445577
2025-04-11T18:55:07Z,27.113186,-165.445575
2025-04-11T18:55:08Z,27.113186,-165.445572
2025-04-11T18:55:09Z,27.113187,-165.445569
2025-04-11T18:55:10Z,27.113187,-165.445567
2025-04-11T18:55:11Z,27.113188,-165.445561
2025-04-11T18:55:12Z,27.113189,-165.445555
2025-04-11T18:55:13Z,27.113190,-165.445548
2025-04-11T18:55:14Z,27.113191,-165.445542
2025-04-11T18:55:15Z,27.113192,-165.445535
2025-04-11T18:55:16Z,27.113194,-165.445529
2025-04-11T18:55:17Z,27.113195,-165.445522
2025-04-11T18:55:18Z,27.113195,-165.445517
2025-04-11T18:55:19Z,27.113194,-165.445512
2025-04-11T18:55:20Z,27.113194,-165.445506
2025-04-11T18:55:21Z,27.113193,-165.445501
2025-04-11T18:55:22Z,27.113193,-165.445496
2025-04-11T18:55:23Z,27.113193,-165.445490
2025-04-11T18:55:24Z,27.113192,-165.445485
2025-04-11T18:55:25Z,27.113193,-165.445481
2025-04-11T18:55:26Z,27.113194,-165.445478
2025-04-11T18:55:27Z,27.113195,-165.445476
2025-04-11T18:55:28Z,27.113196,-165.445473
2025-04-11T18:55:29Z,27.113197,-165.445470
2025-04-11T18:55:30Z,27.113199,-165.445467
2025-04-11T18:55:31Z,27.113200,-165.445465
2025-04-11T18:55:32Z,27.113200,-165.445462
2025-04-11T18:55:33Z,27.113199,-165.445459
2025-04-11T18:55:34Z,27.113199,-165.445456
2025-04-11T18:55:35Z,27.113198,-165.445453
2025-04-11T18:55:36Z,27.113198,-165.445450
2025-04-11T18:55:37Z,27.113198,-165.445447
2025-04-11T18:55:38Z,27.113197,-165.445444
2025-04-11T18:55:39Z,27.113197,-165.445438
2025-04-11T18:55:40Z,27.113196,-165.445431
2025-04-11T18:55:41Z,27.113195,-165.445423
2025-04-11T18:55:42Z,27.113194,-165.445416
2025-04-11T18:55:43Z,27.113194,-165.445409
2025-04-11T18:55:44Z,27.113193,-165.445401
2025-04-11T18:55:45Z,27.113192,-165.445394
2025-04-11T18:55:46Z,27.113191,-165.445386
2025-04-11T18:55:47Z,27.113190,-165.445378
2025-04-11T18:55:48Z,27.113188,-165.445369
2025-04-11T18:55:49Z,27.113187,-165.445361
2025-04-11T18:55:50Z,27.113186,-165.445352
2025-04-11T18:55:51Z,27.113184,-165.445344
2025-04-11T18:55:52Z,27.113183,-165.445336
2025-04-11T18:55:53Z,27.113185,-165.445331
2025-04-11T18:55:54Z,27.113189,-165.445330
2025-04-11T18:55:55Z,27.113194,-165.445329
2025-04-11T18:55:56Z,27.113198,-165.445327
2025-04-11T18:55:57Z,27.113203,-165.445326
2025-04-11T18:55:58Z,27.113207,-165.445325
2025-04-11T18:55:59Z,27.113212,-165.445324
2025-04-11T18:56:00Z,27.113214,-165.445320
2025-04-11T18:56:01Z,27.113213,-165.445315
2025-04-11T18:56:02Z,27.113212,-165.445309
2025-04-11T18:56:03Z,27.113211,-165.445303
2025-04-11T18:56:04Z,27.113210,-165.445297
2025-04-11T18:56:05Z,27.113209,-165.445291
2025-04-11T18:56:06Z,27.113208,-165.445285
2025-04-11T18:56:07Z,27.113208,-165.445281
2025-04-11T18:56:08Z,27.113208,-165.445279
2025-04-11T18:56:09Z,27.113208,-165.445276
2025-04-11T18:56:10Z,27.113209,-165.445273
2025-04-11T18:56:11Z,27.113209,-165.445270
2025-04-11T18:56:12Z,27.113209,-165.445268
2025-04-11T18:56:13Z,27.113209,-165.445265
2025-04-11T18:56:14Z,27.113209,-165.445262
2025-04-11T18:56:15Z,27.113208,-165.445258
2025-04-11T18:56:16Z,27.113207,-165.445255
2025-04-11T18:56:17Z,27.113206,-165.445252
2025-04-11T18:56:18Z,27.113206,-165.445248
2025-04-11T18:56:19Z,27.113205,-165.445245
2025-04-11T18:56:20Z,27.113204,-165.445241
2025-04-11T18:56:21Z,27.113206,-165.445236
2025-04-11T18:56:22Z,27.113210,-165.445230
2025-04-11T18:56:23Z,27.113213,-165.445224
2025-04-11T18:56:24Z,27.113216,-165.445218
2025-04-11T18:56:25Z,27.113220,-165.445212
2025-04-11T18:56:26Z,27.113223,-165.445206
2025-04-11T18:56:27Z,27.113227,-165.445200
2025-04-11T18:56:28Z,27.113229,-165.445194
2025-04-11T18:56:29Z,27.113230,-165.445189
2025-04-11T18:56:30Z,27.113231,-165.445183
2025-04-11T18:56:31Z,27.113232,-165.445178
2025-04-11T18:56:32Z,27.113233,-165.445173
2025-04-11T18:56:33Z,27.113234,-165.445167
2025-04-11T18:56:34Z,27.113235,-165.445162
2025-04-11T18:56:35Z,27.113235,-165.445157
2025-04-11T18:56:36Z,27.113234,-165.445154
2025-04-11T18:56:37Z,27.113233,-165.445151
2025-04-11T18:56:38Z,27.113232,-165.445148
2025-04-11T18:56:39Z,27.113231,-165.445144
2025-04-11T18:56:40Z,27.113230,-165.445141
2025-04-11T18:56:41Z,27.113229,-165.445138
2025-04-11T18:56:42Z,27.113228,-165.445134
2025-04-11T18:56:43Z,27.113228,-165.445130
2025-04-11T18:56:44Z,27.113228,-165.445125
2025-04-11T18:56:45Z,27.113228,-165.445120
2025-04-11T18:56:46Z,27.113229,-165.445116
2025-04-11T18:56:47Z,27.113229,-165.445111
2025-04-11T18:56:48Z,27.113229,-165.445107
2025-04-11T18:56:49Z,27.113230,-165.445103
2025-04-11T18:56:50Z,27.113231,-165.445100
2025-04-11T18:56:51Z,27.113232,-165.445097
2025-04-11T18:56:52Z,27.113233,-165.445094
2025-04-11T18:56:53Z,27.113235,-165.445091
2025-04-11T18:56:54Z,27.113236,-165.445088
2025-04-11T18:56:55Z,27.113237,-165.445085
2025-04-11T18:56:56Z,27.113238,-165.445081
2025-04-11T18:56:57Z,27.113238,-165.445076
2025-04-11T18:56:58Z,27.113238,-165.445071
2025-04-11T18:56:59Z,27.113238,-165.445066
2025-04-11T18:57:00Z,27.113239,-165.445061
2025-04-11T18:57:01Z,27.113239,-165.445056
2025-04-11T18:57:02Z,27.113239,-165.445052
2025-04-11T18:57:03Z,27.113239,-165.445047
2025-04-11T18:57:04Z,27.113240,-165.445042
2025-04-11T18:57:05Z,27.113240,-165.445037
2025-04-11T18:57:06Z,27.113240,-165.445032
2025-04-11T18:57:07Z,27.113241,-165.445027
2025-04-11T18:57:08Z,27.113241,-165.445022
2025-04-11T18:57:09Z,27.113242,-165.445017
2025-04-11T18:57:10Z,27.113242,-165.445012
2025-04-11T18:57:11Z,27.113243,-165.445008
2025-04-11T18:57:12Z,27.113244,-165.445004
2025-04-11T18:57:13Z,27.113245,-165.444999
2025-04-11T18:57:14Z,27.113246,-165.444995
2025-04-11T18:57:15Z,27.113247,-165.444991
2025-04-11T18:57:16Z,27.113248,-165.444986
2025-04-11T18:57:17Z,27.113249,-165.444982
2025-04-11T18:57:18Z,27.113248,-165.444978
2025-04-11T18:57:19Z,27.113247,-165.444974
2025-04-11T18:57:20Z,27.113247,-165.444970
2025-04-11T18:57:21Z,27.113246,-165.444966
2025-04-11T18:57:22Z,27.113245,-165.444962
2025-04-11T18:57:23Z,27.113245,-165.444959
2025-04-11T18:57:24Z,27.113244,-165.444955
2025-04-11T18:57:25Z,27.113245,-165.444950
2025-04-11T18:57:26Z,27.113246,-165.444946
2025-04-11T18:57:27Z,27.113247,-165.444942
2025-04-11T18:57:28Z,27.113248,-165.444938
2025-04-11T18:57:29Z,27.113249,-165.444934
2025-04-11T18:57:30Z,27.113250,-165.444930
2025-04-11T18:57:31Z,27.113250,-165.444925
2025-04-11T18:57:32Z,27.113250,-165.444920
2025-04-11T18:57:33Z,27.113250,-165.444914
2025-04-11T18:57:34Z,27.113250,-165.444908
2025-04-11T18:57:35Z,27.113250,-165.444903
2025-04-11T18:57:36Z,27.113250,-165.444897
2025-04-11T18:57:37Z,27.113250,-165.444891
2025-04-11T18:57:38Z,27.113251,-165.444886
2025-04-11T18:57:39Z,27.113253,-165.444884
2025-04-11T18:57:40Z,27.113255,-165.444882
2025-04-11T18:57:41Z,27.113257,-165.444879
2025-04-11T18:57:42Z,27.113259,-165.444877
2025-04-11T18:57:43Z,27.113262,-165.444875
2025-04-11T18:57:44Z,27.113264,-165.444872
2025-04-11T18:57:45Z,27.113265,-165.444869
2025-04-11T18:57:46Z,27.113266,-165.444865
2025-04-11T18:57:47Z,27.113267,-165.444861
2025-04-11T18:57:48Z,27.113268,-165.444857
2025-04-11T18:57:49Z,27.113269,-165.444852
2025-04-11T18:57:50Z,27.113270,-165.444848
2025-04-11T18:57:51Z,27.113271,-165.444844
2025-04-11T18:57:52Z,27.113272,-165.444840
2025-04-11T18:57:53Z,27.113273,-165.444836
2025-04-11T18:57:54Z,27.113274,-165.444831
2025-04-11T18:57:55Z,27.113275,-165.444827
2025-04-11T18:57:56Z,27.113276,-165.444823
2025-04-11T18:57:57Z,27.113277,-165.444819
2025-04-11T18:57:58Z,27.113278,-165.444815
2025-04-11T18:57:59Z,27.113279,-165.444810
2025-04-11T18:58:00Z,27.113280,-165.444806
2025-04-11T18:58:01Z,27.113281,-165.444802
2025-04-11T18:58:02Z,27.113281,-165.444798
2025-04-11T18:58:03Z,27.113282,-165.444794
2025-04-11T18:58:04Z,27.113283,-165.444789
2025-04-11T18:58:05Z,27.113284,-165.444785
2025-04-11T18:58:06Z,27.113285,-165.444781
2025-04-11T18:58:07Z,27.113285,-165.444778
2025-04-11T18:58:08Z,27.113286,-165.444775
2025-04-11T18:58:09Z,27.113286,-165.444771
2025-04-11T18:58:10Z,27.113286,-165.444768
2025-04-11T18:58:11Z,27.113286,-165.444764
2025-04-11T18:58:12Z,27.113287,-165.444761
2025-04-11T18:58:13Z,27.113287,-165.444758
2025-04-11T18:58:14Z,27.113289,-165.444754
2025-04-11T18:58:15Z,27.113290,-165.444751
2025-04-11T18:58:16Z,27.113291,-165.444748
2025-04-11T18:58:17Z,27.113293,-165.444744
2025-04-11T18:58:18Z,27.113294,-165.444741
2025-04-11T18:58:19Z,27.113296,-165.444738
2025-04-11T18:58:20Z,27.113297,-165.444734
2025-04-11T18:58:21Z,27.113298,-165.444731
2025-04-11T18:58:22Z,27.113298,-165.444727
2025-04-11T18:58:23Z,27.113299,-165.444724
2025-04-11T18:58:24Z,27.113299,-165.444720
2025-04-11T18:58:25Z,27.113300,-165.444717
2025-04-11T18:58:26Z,27.113300,-165.444713
2025-04-11T18:58:27Z,27.113301,-165.444710
2025-04-11T18:58:28Z,27.113303,-165.444707
2025-04-11T18:58:29Z,27.113304,-165.444704
2025-04-11T18:58:30Z,27.113306,-165.444702
2025-04-11T18:58:31Z,27.113307,-165.444699
2025-04-11T18:58:32Z,27.113309,-165.444696
2025-04-11T18:58:33Z,27.113310,-165.444694
2025-04-11T18:58:34Z,27.113311,-165.444692
2025-04-11T18:58:35Z,27.113310,-165.444690
2025-04-11T18:58:36Z,27.113310,-165.444689
2025-04-11T18:58:37Z,27.113309,-165.444687
2025-04-11T18:58:38Z,27.113309,-165.444686
2025-04-11T18:58:39Z,27.113308,-165.444685
2025-04-11T18:58:40Z,27.113307,-165.444683
2025-04-11T18:58:41Z,27.113308,-165.444681
2025-04-11T18:58:42Z,27.113312,-165.444677
2025-04-11T18:58:43Z,27.113317,-165.444673
2025-04-11T18:58:44Z,27.113322,-165.444669
2025-04-11T18:58:45Z,27.113326,-165.444665
2025-04-11T18:58:46Z,27.113331,-165.444660
2025-04-11T18:58:47Z,27.113336,-165.444656
2025-04-11T18:58:48Z,27.113339,-165.444651
2025-04-11T18:58:49Z,27.113339,-165.444645
2025-04-11T18:58:50Z,27.113339,-165.444640
2025-04-11T18:58:51Z,27.113339,-165.444634
2025-04-11T18:58:52Z,27.113340,-165.444628
2025-04-11T18:58:53Z,27.113340,-165.444622
2025-04-11T18:58:54Z,27.113340,-165.444616
2025-04-11T18:58:55Z,27.113340,-165.444611
2025-04-11T18:58:56Z,27.113341,-165.444609
2025-04-11T18:58:57Z,27.113342,-165.444608
2025-04-11T18:58:58Z,27.113343,-165.444606
2025-04-11T18:58:59Z,27.113344,-165.444605
2025-04-11T18:59:00Z,27.113345,-165.444604
2025-04-11T18:59:01Z,27.113346,-165.444602
2025-04-11T18:59:02Z,27.113348,-165.444601
2025-04-11T18:59:03Z,27.113351,-165.444602
2025-04-11T18:59:04Z,27.113354,-165.444603
2025-04-11T18:59:05Z,27.113358,-165.444603
2025-04-11T18:59:06Z,27.113361,-165.444604
2025-04-11T18:59:07Z,27.113364,-165.444605
2025-04-11T18:59:08Z,27.113368,-165.444605
2025-04-11T18:59:09Z,27.113370,-165.444605
2025-04-11T18:59:10Z,27.113371,-165.444602
2025-04-11T18:59:11Z,27.113371,-165.444599
2025-04-11T18:59:12Z,27.113372,-165.444595
2025-04-11T18:59:13Z,27.113372,-165.444592
2025-04-11T18:59:14Z,27.113373,-165.444589
2025-04-11T18:59:15Z,27.113374,-165.444586
2025-04-11T18:59:16Z,27.113374,-165.444583
2025-04-11T18:59:17Z,27.113376,-165.444581
2025-04-11T18:59:18Z,27.113377,-165.444578
2025-04-11T18:59:19Z,27.113379,-165.444576
2025-04-11T18:59:20Z,27.113381,-165.444574
2025-04-11T18:59:21Z,27.113382,-165.444572
2025-04-11T18:59:22Z,27.113384,-165.444570
2025-04-11T18:59:23Z,27.113385,-165.444568
2025-04-11T18:59:24Z,27.113387,-165.444565
2025-04-11T18:59:25Z,27.113388,-165.444562
2025-04-11T18:59:26Z,27.113390,-165.444559
2025-04-11T18:59:27Z,27.113392,-165.444555
2025-04-11T18:59:28Z,27.113393,-165.444552
2025-04-11T18:59:29Z,27.113395,-165.444549
2025-04-11T18:59:30Z,27.113396,-165.444547
2025-04-11T18:59:31Z,27.113398,-165.444545
2025-04-11T18:59:32Z,27.113400,-165.444543
2025-04-11T18:59:33Z,27.113402,-165.444542
2025-04-11T18:59:34Z,27.113404,-165.444540
2025-04-11T18:59:35Z,27.113405,-165.444538
2025-04-11T18:59:36Z,27.113407,-165.444537
2025-04-11T18:59:37Z,27.113409,-165.444535
2025-04-11T18:59:38Z,27.113411,-165.444535
2025-04-11T18:59:39Z,27.113412,-165.444534
2025-04-11T18:59:40Z,27.113414,-165.444534
2025-04-11T18:59:41Z,27.113415,-165.444534
2025-04-11T18:59:42Z,27.113417,-165.444534
2025-04-11T18:59:43Z,27.113418,-165.444533
2025-04-11T18:59:44Z,27.113420,-165.444533
2025-04-11T18:59:45Z,27.113421,-165.444532
2025-04-11T18:59:46Z,27.113421,-165.444531
2025-04-11T18:59:47Z,27.113422,-165.444529
2025-04-11T18:59:48Z,27.113422,-165.444528
2025-04-11T18:59:49Z,27.113423,-165.444527
2025-04-11T18:59:50Z,27.113424,-165.444526
2025-04-11T18:59:51Z,27.113424,-165.444525
2025-04-11T18:59:52Z,27.113426,-165.444523
2025-04-11T18:59:53Z,27.113427,-165.444522
2025-04-11T18:59:54Z,27.113428,-165.444521
2025-04-11T18:59:55Z,27.113430,-165.444520
2025-04-11T18:59:56Z,27.113431,-165.444518
2025-04-11T18:59:57Z,27.113433,-165.444517
2025-04-11T18:59:58Z,27.113434,-165.444516
2025-04-11T18:59:59Z,27.113436,-165.444516
2025-04-11T19:00:00Z,27.113438,-165.444515
2025-04-11T19:00:01Z,27.113440,-165.444515
2025-04-11T19:00:02Z,27.113442,-165.444514
2025-04-11T19:00:03Z,27.113444,-165.444514
2025-04-11T19:00:04Z,27.113446,-165.444513
2025-04-11T19:00:05Z,27.113448,-165.444513
2025-04-11T19:00:06Z,27.113451,-165.444512
2025-04-11T19:00:07Z,27.113454,-165.444510
2025-04-11T19:00:08Z,27.113456,-165.444509
2025-04-11T19:00:09Z,27.113459,-165.444508
2025-04-11T19:00:10Z,27.113462,-165.444507
2025-04-11T19:00:11Z,27.113464,-165.444505
2025-04-11T19:00:12Z,27.113467,-165.444504
2025-04-11T19:00:13Z,27.113467,-165.444504
2025-04-11T19:00:14Z,27.113468,-165.444504
2025-04-11T19:00:15Z,27.113468,-165.444504
2025-04-11T19:00:16Z,27.113468,-165.444503
2025-04-11T19:00:17Z,27.113468,-165.444503
2025-04-11T19:00:18Z,27.113469,-165.444503
2025-04-11T19:00:19Z,27.113469,-165.444503
2025-04-11T19:00:20Z,27.113473,-165.444501
2025-04-11T19:00:21Z,27.113477,-165.444500
2025-04-11T19:00:22Z,27.113480,-165.444498
2025-04-11T19:00:23Z,27.113484,-165.444497
2025-04-11T19:00:24Z,27.113488,-165.444495
2025-04-11T19:00:25Z,27.113491,-165.444494
2025-04-11T19:00:26Z,27.113495,-165.444492
2025-04-11T19:00:27Z,27.113496,-165.444491
2025-04-11T19:00:28Z,27.113497,-165.444489
2025-04-11T19:00:29Z,27.113498,-165.444488
2025-04-11T19:00:30Z,27.113499,-165.444486
2025-04-11T19:00:31Z,27.113500,-165.444485
2025-04-11T19:00:32Z,27.113501,-165.444484
2025-04-11T19:00:33Z,27.113502,-165.444482
2025-04-11T19:00:34Z,27.113505,-165.444482
2025-04-11T19:00:35Z,27.113509,-165.444483
2025-04-11T19:00:36Z,27.113512,-165.444483
2025-04-11T19:00:37Z,27.113516,-165.444484
2025-04-11T19:00:38Z,27.113519,-165.444484
2025-04-11T19:00:39Z,27.113523,-165.444485
2025-04-11T19:00:40Z,27.113526,-165.444485
2025-04-11T19:00:41Z,27.113530,-165.444485
2025-04-11T19:00:42Z,27.113534,-165.444486
2025-04-11T19:00:43Z,27.113538,-165.444486
2025-04-11T19:00:44Z,27.113543,-165.444486
2025-04-11T19:00:45Z,27.113547,-165.444486
2025-04-11T19:00:46Z,27.113551,-165.444487
2025-04-11T19:00:47Z,27.113555,-165.444487
2025-04-11T19:00:48Z,27.113558,-165.444487
2025-04-11T19:00:49Z,27.113561,-165.444487
2025-04-11T19:00:50Z,27.113564,-165.444487
2025-04-11T19:00:51Z,27.113568,-165.444488
2025-04-11T19:00:52Z,27.113571,-165.444488
2025-04-11T19:00:53Z,27.113574,-165.444488
2025-04-11T19:00:54Z,27.113577,-165.444488
2025-04-11T19:00:55Z,27.113580,-165.444486
2025-04-11T19:00:56Z,27.113583,-165.444485
2025-04-11T19:00:57Z,27.113586,-165.444483
2025-04-11T19:00:58Z,27.113589,-165.444482
2025-04-11T19:00:59Z,27.113592,-165.444480
2025-04-11T19:01:00Z,27.113595,-165.444479
2025-04-11T19:01:01Z,27.113598,-165.444477
2025-04-11T19:01:02Z,27.113601,-165.444477
2025-04-11T19:01:03Z,27.113604,-165.444478
2025-04-11T19:01:04Z,27.113606,-165.444478
2025-04-11T19:01:05Z,27.113609,-165.444478
2025-04-11T19:01:06Z,27.113612,-165.444478
2025-04-11T19:01:07Z,27.113615,-165.444479
2025-04-11T19:01:08Z,27.113618,-165.444479
2025-04-11T19:01:09Z,27.113620,-165.444479
2025-04-11T19:01:10Z,27.113621,-165.444479
2025-04-11T19:01:11Z,27.113623,-165.444479
2025-04-11T19:01:12Z,27.113625,-165.444479
2025-04-11T19:01:13Z,27.113627,-165.444479
2025-04-11T19:01:14Z,27.113629,-165.444479
2025-04-11T19:01:15Z,27.113630,-165.444479
2025-04-11T19:01:16Z,27.113632,-165.444479
2025-04-11T19:01:17Z,27.113634,-165.444478
2025-04-11T19:01:18Z,27.113635,-165.444478
2025-04-11T19:01:19Z,27.113637,-165.444477
2025-04-11T19:01:20Z,27.113639,-165.444477
2025-04-11T19:01:21Z,27.113640,-165.444477
2025-04-11T19:01:22Z,27.113642,-165.444476
2025-04-11T19:01:23Z,27.113645,-165.444475
2025-04-11T19:01:24Z,27.113648,-165.444474
2025-04-11T19:01:25Z,27.113651,-165.444473
2025-04-11T19:01:26Z,27.113654,-165.444472
2025-04-11T19:01:27Z,27.113658,-165.444471
2025-04-11T19:01:28Z,27.113661,-165.444469
2025-04-11T19:01:29Z,27.113664,-165.444468
2025-04-11T19:01:30Z,27.113667,-165.444467
2025-04-11T19:01:31Z,27.113669,-165.444467
2025-04-11T19:01:32Z,27.113671,-165.444466
2025-04-11T19:01:33Z,27.113673,-165.444465
2025-04-11T19:01:34Z,27.113675,-165.444465
2025-04-11T19:01:35Z,27.113677,-165.444464
2025-04-11T19:01:36Z,27.113680,-165.444463
2025-04-11T19:01:37Z,27.113681,-165.444464
2025-04-11T19:01:38Z,27.113681,-165.444465
2025-04-11T19:01:39Z,27.113682,-165.444465
2025-04-11T19:01:40Z,27.113683,-165.444466
2025-04-11T19:01:41Z,27.113683,-165.444467
2025-04-11T19:01:42Z,27.113684,-165.444468
2025-04-11T19:01:43Z,27.113685,-165.444469
2025-04-11T19:01:44Z,27.113687,-165.444469
2025-04-11T19:01:45Z,27.113689,-165.444468
2025-04-11T19:01:46Z,27.113691,-165.444468
2025-04-11T19:01:47Z,27.113693,-165.444468
2025-04-11T19:01:48Z,27.113695,-165.444468
2025-04-11T19:01:49Z,27.113697,-165.444467
2025-04-11T19:01:50Z,27.113700,-165.444467
2025-04-11T19:01:51Z,27.113701,-165.444466
2025-04-11T19:01:52Z,27.113703,-165.444464
2025-04-11T19:01:53Z,27.113704,-165.444462
2025-04-11T19:01:54Z,27.113706,-165.444460
2025-04-11T19:01:55Z,27.113708,-165.444459
2025-04-11T19:01:56Z,27.113709,-165.444457
2025-04-11T19:01:57Z,27.113711,-165.444455
2025-04-11T19:01:58Z,27.113712,-165.444455
2025-04-11T19:01:59Z,27.113714,-165.444455
2025-04-11T19:02:00Z,27.113715,-165.444455
2025-04-11T19:02:01Z,27.113717,-165.444455
2025-04-11T19:02:02Z,27.113718,-165.444455
2025-04-11T19:02:03Z,27.113720,-165.444455
2025-04-11T19:02:04Z,27.113722,-165.444455
2025-04-11T19:02:05Z,27.113724,-165.444454
2025-04-11T19:02:06Z,27.113726,-165.444453
2025-04-11T19:02:07Z,27.113729,-165.444452
2025-04-11T19:02:08Z,27.113732,-165.444451
2025-04-11T19:02:09Z,27.113734,-165.444450
2025-04-11T19:02:10Z,27.113737,-165.444448
2025-04-11T19:02:11Z,27.113739,-165.444447
2025-04-11T19:02:12Z,27.113740,-165.444447
2025-04-11T19:02:13Z,27.113741,-165.444447
2025-04-11T19:02:14Z,27.113742,-165.444447
2025-04-11T19:02:15Z,27.113742,-165.444447
2025-04-11T19:02:16Z,27.113743,-165.444447
2025-04-11T19:02:17Z,27.113743,-165.444447
2025-04-11T19:02:18Z,27.113744,-165.444447
2025-04-11T19:02:19Z,27.113746,-165.444445
2025-04-11T19:02:20Z,27.113749,-165.444443
2025-04-11T19:02:21Z,27.113751,-165.444440
2025-04-11T19:02:22Z,27.113754,-165.444437
2025-04-11T19:02:23Z,27.113757,-165.444435
2025-04-11T19:02:24Z,27.113759,-165.444432
2025-04-11T19:02:25Z,27.113762,-165.444430
2025-04-11T19:02:26Z,27.113764,-165.444428
2025-04-11T19:02:27Z,27.113767,-165.444428
2025-04-11T19:02:28Z,27.113769,-165.444427
2025-04-11T19:02:29Z,27.113771,-165.444426
2025-04-11T19:02:30Z,27.113773,-165.444425
2025-04-11T19:02:31Z,27.113775,-165.444424
2025-04-11T19:02:32Z,27.113777,-165.444423
2025-04-11T19:02:33Z,27.113780,-165.444423
2025-04-11T19:02:34Z,27.113783,-165.444422
2025-04-11T19:02:35Z,27.113786,-165.444421
2025-04-11T19:02:36Z,27.113789,-165.444420
2025-04-11T19:02:37Z,27.113792,-165.444420
2025-04-11T19:02:38Z,27.113795,-165.444419
2025-04-11T19:02:39Z,27.113798,-165.444418
2025-04-11T19:02:40Z,27.113800,-165.444418
2025-04-11T19:02:41Z,27.113800,-165.444418
2025-04-11T19:02:42Z,27.113801,-165.444418
2025-04-11T19:02:43Z,27.113802,-165.444419
2025-04-11T19:02:44Z,27.113803,-165.444419
2025-04-11T19:02:45Z,27.113804,-165.444419
2025-04-11T19:02:46Z,27.113805,-165.444419
2025-04-11T19:02:47Z,27.113807,-165.444418
2025-04-11T19:02:48Z,27.113810,-165.444416
2025-04-11T19:02:49Z,27.113812,-165.444414
2025-04-11T19:02:50Z,27.113815,-165.444412
2025-04-11T19:02:51Z,27.113818,-165.444410
2025-04-11T19:02:52Z,27.113820,-165.444408
2025-04-11T19:02:53Z,27.113823,-165.444406
2025-04-11T19:02:54Z,27.113824,-165.444403
2025-04-11T19:02:55Z,27.113825,-165.444400
2025-04-11T19:02:56Z,27.113826,-165.444397
2025-04-11T19:02:57Z,27.113827,-165.444394
2025-04-11T19:02:58Z,27.113827,-165.444391
2025-04-11T19:02:59Z,27.113828,-165.444388
2025-04-11T19:03:00Z,27.113829,-165.444385
2025-04-11T19:03:01Z,27.113831,-165.444383
2025-04-11T19:03:02Z,27.113834,-165.444382
2025-04-11T19:03:03Z,27.113837,-165.444381
2025-04-11T19:03:04Z,27.113840,-165.444380
2025-04-11T19:03:05Z,27.113843,-165.444379
2025-04-11T19:03:06Z,27.113847,-165.444378
2025-04-11T19:03:07Z,27.113850,-165.444377
2025-04-11T19:03:08Z,27.113851,-165.444377
2025-04-11T19:03:09Z,27.113850,-165.444378
2025-04-11T19:03:10Z,27.113850,-165.444379
2025-04-11T19:03:11Z,27.113849,-165.444380
2025-04-11T19:03:12Z,27.113848,-165.444380
2025-04-11T19:03:13Z,27.113848,-165.444381
2025-04-11T19:03:14Z,27.113847,-165.444382
2025-04-11T19:03:15Z,27.113850,-165.444381
2025-04-11T19:03:16Z,27.113854,-165.444379
2025-04-11T19:03:17Z,27.113858,-165.444378
2025-04-11T19:03:18Z,27.113862,-165.444376
2025-04-11T19:03:19Z,27.113866,-165.444374
2025-04-11T19:03:20Z,27.113870,-165.444373
2025-04-11T19:03:21Z,27.113874,-165.444371
2025-04-11T19:03:22Z,27.113878,-165.444369
2025-04-11T19:03:23Z,27.113880,-165.444367
2025-04-11T19:03:24Z,27.113883,-165.444365
2025-04-11T19:03:25Z,27.113885,-165.444363
2025-04-11T19:03:26Z,27.113887,-165.444362
2025-04-11T19:03:27Z,27.113890,-165.444360
2025-04-11T19:03:28Z,27.113892,-165.444358
2025-04-11T19:03:29Z,27.113893,-165.444358
2025-04-11T19:03:30Z,27.113894,-165.444358
2025-04-11T19:03:31Z,27.113895,-165.444359
2025-04-11T19:03:32Z,27.113895,-165.444360
2025-04-11T19:03:33Z,27.113896,-165.444361
2025-04-11T19:03:34Z,27.113896,-165.444362
2025-04-11T19:03:35Z,27.113897,-165.444363
2025-04-11T19:03:36Z,27.113899,-165.444362
2025-04-11T19:03:37Z,27.113902,-165.444359
2025-04-11T19:03:38Z,27.113905,-165.444357
2025-04-11T19:03:39Z,27.113908,-165.444354
2025-04-11T19:03:40Z,27.113911,-165.444352
2025-04-11T19:03:41Z,27.113915,-165.444349
2025-04-11T19:03:42Z,27.113918,-165.444347
2025-04-11T19:03:43Z,27.113921,-165.444343
2025-04-11T19:03:44Z,27.113923,-165.444337
2025-04-11T19:03:45Z,27.113926,-165.444332
2025-04-11T19:03:46Z,27.113928,-165.444326
2025-04-11T19:03:47Z,27.113931,-165.444320
2025-04-11T19:03:48Z,27.113933,-165.444315
2025-04-11T19:03:49Z,27.113936,-165.444309
2025-04-11T19:03:50Z,27.113935,-165.444309
2025-04-11T19:03:51Z,27.113931,-165.444311
2025-04-11T19:03:52Z,27.113927,-165.444314
2025-04-11T19:03:53Z,27.113923,-165.444316
2025-04-11T19:03:54Z,27.113919,-165.444319
2025-04-11T19:03:55Z,27.113915,-165.444321
2025-04-11T19:03:56Z,27.113911,-165.444324
2025-04-11T19:03:57Z,27.113909,-165.444326
2025-04-11T19:03:58Z,27.113912,-165.444326
2025-04-11T19:03:59Z,27.113915,-165.444326
2025-04-11T19:04:00Z,27.113919,-165.444326
2025-04-11T19:04:01Z,27.113922,-165.444327
2025-04-11T19:04:02Z,27.113925,-165.444327
2025-04-11T19:04:03Z,27.113929,-165.444327
2025-04-11T19:04:04Z,27.113931,-165.444326
2025-04-11T19:04:05Z,27.113932,-165.444325
2025-04-11T19:04:06Z,27.113934,-165.444324
2025-04-11T19:04:07Z,27.113935,-165.444324
2025-04-11T19:04:08Z,27.113937,-165.444323
2025-04-11T19:04:09Z,27.113939,-165.444322
2025-04-11T19:04:10Z,27.113940,-165.444321
2025-04-11T19:04:11Z,27.113942,-165.444320
2025-04-11T19:04:12Z,27.113943,-165.444318
2025-04-11T19:04:13Z,27.113945,-165.444317
2025-04-11T19:04:14Z,27.113947,-165.444316
2025-04-11T19:04:15Z,27.113948,-165.444314
2025-04-11T19:04:16Z,27.113950,-165.444313
2025-04-11T19:04:17Z,27.113952,-165.444312
2025-04-11T19:04:18Z,27.113953,-165.444311
2025-04-11T19:04:19Z,27.113952,-165.444310
2025-04-11T19:04:20Z,27.113951,-165.444309
2025-04-11T19:04:21Z,27.113951,-165.444308
2025-04-11T19:04:22Z,27.113950,-165.444307
2025-04-11T19:04:23Z,27.113949,-165.444306
2025-04-11T19:04:24Z,27.113948,-165.444306
2025-04-11T19:04:25Z,27.113949,-165.444304
2025-04-11T19:04:26Z,27.113950,-165.444301
2025-04-11T19:04:27Z,27.113952,-165.444298
2025-04-11T19:04:28Z,27.113954,-165.444295
2025-04-11T19:04:29Z,27.113956,-165.444292
2025-04-11T19:04:30Z,27.113958,-165.444290
2025-04-11T19:04:31Z,27.113960,-165.444287
2025-04-11T19:04:32Z,27.113961,-165.444285
2025-04-11T19:04:33Z,27.113962,-165.444284
2025-04-11T19:04:34Z,27.113963,-165.444283
2025-04-11T19:04:35Z,27.113964,-165.444282
2025-04-11T19:04:36Z,27.113965,-165.444281
2025-04-11T19:04:37Z,27.113966,-165.444280
2025-04-11T19:04:38Z,27.113966,-165.444279
2025-04-11T19:04:39Z,27.113968,-165.444279
2025-04-11T19:04:40Z,27.113972,-165.444282
2025-04-11T19:04:41Z,27.113976,-165.444285
2025-04-11T19:04:42Z,27.113980,-165.444287
2025-04-11T19:04:43Z,27.113984,-165.444290
2025-04-11T19:04:44Z,27.113988,-165.444293
2025-04-11T19:04:45Z,27.113992,-165.444296
2025-04-11T19:04:46Z,27.113995,-165.444297
2025-04-11T19:04:47Z,27.113993,-165.444295
2025-04-11T19:04:48Z,27.113991,-165.444293
2025-04-11T19:04:49Z,27.113989,-165.444290
2025-04-11T19:04:50Z,27.113987,-165.444288
2025-04-11T19:04:51Z,27.113985,-165.444285
2025-04-11T19:04:52Z,27.113983,-165.444283
2025-04-11T19:04:53Z,27.113982,-165.444281
2025-04-11T19:04:54Z,27.113984,-165.444280
2025-04-11T19:04:55Z,27.113985,-165.444280
2025-04-11T19:04:56Z,27.113987,-165.444279
2025-04-11T19:04:57Z,27.113988,-165.444279
2025-04-11T19:04:58Z,27.113989,-165.444278
2025-04-11T19:04:59Z,27.113991,-165.444278
2025-04-11T19:05:00Z,27.113992,-165.444277
2025-04-11T19:05:01Z,27.113995,-165.444273
2025-04-11T19:05:02Z,27.113998,-165.444268
2025-04-11T19:05:03Z,27.114001,-165.444264
2025-04-11T19:05:04Z,27.114005,-165.444259
2025-04-11T19:05:05Z,27.114008,-165.444255
2025-04-11T19:05:06Z,27.114011,-165.444250
2025-04-11T19:05:07Z,27.114012,-165.444246
2025-04-11T19:05:08Z,27.114007,-165.444244
2025-04-11T19:05:09Z,27.114003,-165.444242
2025-04-11T19:05:10Z,27.113999,-165.444240
2025-04-11T19:05:11Z,27.113995,-165.444237
2025-04-11T19:05:12Z,27.113991,-165.444235
2025-04-11T19:05:13Z,27.113986,-165.444233
2025-04-11T19:05:14Z,27.113983,-165.444230
2025-04-11T19:05:15Z,27.113983,-165.444228
2025-04-11T19:05:16Z,27.113984,-165.444225
2025-04-11T19:05:17Z,27.113984,-165.444222
2025-04-11T19:05:18Z,27.113984,-165.444219
2025-04-11T19:05:19Z,27.113984,-165.444216
2025-04-11T19:05:20Z,27.113985,-165.444214
2025-04-11T19:05:21Z,27.113985,-165.444211
2025-04-11T19:05:22Z,27.113987,-165.444210
2025-04-11T19:05:23Z,27.113988,-165.444208
2025-04-11T19:05:24Z,27.113990,-165.444207
2025-04-11T19:05:25Z,27.113991,-165.444206
2025-04-11T19:05:26Z,27.113993,-165.444204
2025-04-11T19:05:27Z,27.113995,-165.444203
2025-04-11T19:05:28Z,27.113997,-165.444202
2025-04-11T19:05:29Z,27.114000,-165.444201
2025-04-11T19:05:30Z,27.114004,-165.444200
2025-04-11T19:05:31Z,27.114008,-165.444199
2025-04-11T19:05:32Z,27.114012,-165.444198
2025-04-11T19:05:33Z,27.114016,-165.444197
2025-04-11T19:05:34Z,27.114019,-165.444197
2025-04-11T19:05:35Z,27.114022,-165.444197
2025-04-11T19:05:36Z,27.114021,-165.444198
2025-04-11T19:05:37Z,27.114020,-165.444200
2025-04-11T19:05:38Z,27.114019,-165.444202
2025-04-11T19:05:39Z,27.114018,-165.444204
2025-04-11T19:05:40Z,27.114017,-165.444206
2025-04-11T19:05:41Z,27.114016,-165.444208
2025-04-11T19:05:42Z,27.114015,-165.444209
2025-04-11T19:05:43Z,27.114017,-165.444208
2025-04-11T19:05:44Z,27.114018,-165.444207
2025-04-11T19:05:45Z,27.114019,-165.444206
2025-04-11T19:05:46Z,27.114021,-165.444205
2025-04-11T19:05:47Z,27.114022,-165.444205
2025-04-11T19:05:48Z,27.114024,-165.444204
2025-04-11T19:05:49Z,27.114025,-165.444203
2025-04-11T19:05:50Z,27.114023,-165.444198
2025-04-11T19:05:51Z,27.114022,-165.444194
2025-04-11T19:05:52Z,27.114020,-165.444190
2025-04-11T19:05:53Z,27.114018,-165.444185
2025-04-11T19:05:54Z,27.114016,-165.444181
2025-04-11T19:05:55Z,27.114015,-165.444176
2025-04-11T19:05:56Z,27.114013,-165.444172
2025-04-11T19:05:57Z,27.114018,-165.444167
2025-04-11T19:05:58Z,27.114023,-165.444162
2025-04-11T19:05:59Z,27.114027,-165.444158
2025-04-11T19:06:00Z,27.114032,-165.444153
2025-04-11T19:06:01Z,27.114037,-165.444148
2025-04-11T19:06:02Z,27.114041,-165.444144
2025-04-11T19:06:03Z,27.114044,-165.444141
2025-04-11T19:06:04Z,27.114041,-165.444144
2025-04-11T19:06:05Z,27.114038,-165.444148
2025-04-11T19:06:06Z,27.114035,-165.444151
2025-04-11T19:06:07Z,27.114032,-165.444155
2025-04-11T19:06:08Z,27.114029,-165.444158
2025-04-11T19:06:09Z,27.114026,-165.444162
2025-04-11T19:06:10Z,27.114023,-165.444165
2025-04-11T19:06:11Z,27.114022,-165.444162
2025-04-11T19:06:12Z,27.114020,-165.444160
2025-04-11T19:06:13Z,27.114019,-165.444157
2025-04-11T19:06:14Z,27.114018,-165.444154
2025-04-11T19:06:15Z,27.114017,-165.444151
2025-04-11T19:06:16Z,27.114015,-165.444149
2025-04-11T19:06:17Z,27.114014,-165.444146
2025-04-11T19:06:18Z,27.114008,-165.444152
2025-04-11T19:06:19Z,27.114002,-165.444158
2025-04-11T19:06:20Z,27.113996,-165.444164
2025-04-11T19:06:21Z,27.113990,-165.444170
2025-04-11T19:06:22Z,27.113984,-165.444176
2025-04-11T19:06:23Z,27.113978,-165.444182
2025-04-11T19:06:24Z,27.113972,-165.444188
2025-04-11T19:06:25Z,27.113974,-165.444182
2025-04-11T19:06:26Z,27.113976,-165.444176
2025-04-11T19:06:27Z,27.113978,-165.444170
2025-04-11T19:06:28Z,27.113981,-165.444164
2025-04-11T19:06:29Z,27.113983,-165.444158
2025-04-11T19:06:30Z,27.113985,-165.444152
2025-04-11T19:06:31Z,27.113987,-165.444146
2025-04-11T19:06:32Z,27.113981,-165.444141
2025-04-11T19:06:33Z,27.113975,-165.444136
2025-04-11T19:06:34Z,27.113969,-165.444131
2025-04-11T19:06:35Z,27.113962,-165.444125
2025-04-11T19:06:36Z,27.113956,-165.444120
2025-04-11T19:06:37Z,27.113950,-165.444115
2025-04-11T19:06:38Z,27.113945,-165.444110
2025-04-11T19:06:39Z,27.113956,-165.444114
2025-04-11T19:06:40Z,27.113967,-165.444118
2025-04-11T19:06:41Z,27.113978,-165.444122
2025-04-11T19:06:42Z,27.113989,-165.444126
2025-04-11T19:06:43Z,27.114001,-165.444131
2025-04-11T19:06:44Z,27.114012,-165.444135
2025-04-11T19:06:45Z,27.114020,-165.444138
2025-04-11T19:06:46Z,27.114017,-165.444139
2025-04-11T19:06:47Z,27.114014,-165.444140
2025-04-11T19:06:48Z,27.114011,-165.444141
2025-04-11T19:06:49Z,27.114008,-165.444142
2025-04-11T19:06:50Z,27.114004,-165.444142
2025-04-11T19:06:51Z,27.114001,-165.444143
2025-04-11T19:06:52Z,27.113998,-165.444144
2025-04-11T19:06:53Z,27.113985,-165.444132
2025-04-11T19:06:54Z,27.113972,-165.444120
2025-04-11T19:06:55Z,27.113960,-165.444108
2025-04-11T19:06:56Z,27.113947,-165.444097
2025-04-11T19:06:57Z,27.113934,-165.444085
2025-04-11T19:06:58Z,27.113922,-165.444073
2025-04-11T19:06:59Z,27.113912,-165.444063
2025-04-11T19:07:00Z,27.113915,-165.444063
2025-04-11T19:07:01Z,27.113919,-165.444064
2025-04-11T19:07:02Z,27.113923,-165.444064
2025-04-11T19:07:03Z,27.113927,-165.444064
2025-04-11T19:07:04Z,27.113931,-165.444064
2025-04-11T19:07:05Z,27.113935,-165.444065
2025-04-11T19:07:06Z,27.113939,-165.444065
2025-04-11T19:07:07Z,27.113939,-165.444058
2025-04-11T19:07:08Z,27.113939,-165.444052
2025-04-11T19:07:09Z,27.113939,-165.444045
2025-04-11T19:07:10Z,27.113940,-165.444039
2025-04-11T19:07:11Z,27.113940,-165.444032
2025-04-11T19:07:12Z,27.113940,-165.444025
2025-04-11T19:07:13Z,27.113940,-165.444019
2025-04-11T19:07:14Z,27.113948,-165.444029
2025-04-11T19:07:15Z,27.113958,-165.444041
2025-04-11T19:07:16Z,27.113968,-165.444053
2025-04-11T19:07:17Z,27.113978,-165.444066
2025-04-11T19:07:18Z,27.113987,-165.444078
2025-04-11T19:07:19Z,27.113997,-165.444090
2025-04-11T19:07:20Z,27.114007,-165.444102
2025-04-11T19:07:21Z,27.114007,-165.444103
2025-04-11T19:07:22Z,27.114008,-165.444102
2025-04-11T19:07:23Z,27.114008,-165.444102
2025-04-11T19:07:24Z,27.114008,-165.444102
2025-04-11T19:07:25Z,27.114008,-165.444102
2025-04-11T19:07:26Z,27.114009,-165.444101
2025-04-11T19:07:27Z,27.114009,-165.444101
2025-04-11T19:07:28Z,27.114008,-165.444099
2025-04-11T19:07:29Z,27.114008,-165.444097
2025-04-11T19:07:30Z,27.114007,-165.444095
2025-04-11T19:07:31Z,27.114007,-165.444092
2025-04-11T19:07:32Z,27.114006,-165.444090
2025-04-11T19:07:33Z,27.114006,-165.444088
2025-04-11T19:07:34Z,27.114005,-165.444086
2025-04-11T19:07:35Z,27.114005,-165.444084
2025-04-11T19:07:36Z,27.114004,-165.444081
2025-04-11T19:07:37Z,27.114004,-165.444079
2025-04-11T19:07:38Z,27.114004,-165.444077
2025-04-11T19:07:39Z,27.114004,-165.444074
2025-04-11T19:07:40Z,27.114003,-165.444072
2025-04-11T19:07:41Z,27.114003,-165.444069
2025-04-11T19:07:42Z,27.114004,-165.444070
2025-04-11T19:07:43Z,27.114005,-165.444070
2025-04-11T19:07:44Z,27.114006,-165.444071
2025-04-11T19:07:45Z,27.114007,-165.444072
2025-04-11T19:07:46Z,27.114008,-165.444072
2025-04-11T19:07:47Z,27.114009,-165.444073
2025-04-11T19:07:48Z,27.114010,-165.444074
2025-04-11T19:07:49Z,27.114010,-165.444073
2025-04-11T19:07:50Z,27.114010,-165.444072
2025-04-11T19:07:51Z,27.114010,-165.444070
2025-04-11T19:07:52Z,27.114009,-165.444069
2025-04-11T19:07:53Z,27.114009,-165.444068
2025-04-11T19:07:54Z,27.114009,-165.444066
2025-04-11T19:07:55Z,27.114009,-165.444065
2025-04-11T19:07:56Z,27.114008,-165.444064
2025-04-11T19:07:57Z,27.114006,-165.444063
2025-04-11T19:07:58Z,27.114005,-165.444062
2025-04-11T19:07:59Z,27.114003,-165.444061
2025-04-11T19:08:00Z,27.114002,-165.444059
2025-04-11T19:08:01Z,27.114001,-165.444058
2025-04-11T19:08:02Z,27.113999,-165.444057
2025-04-11T19:08:03Z,27.113998,-165.444058
2025-04-11T19:08:04Z,27.113996,-165.444060
2025-04-11T19:08:05Z,27.113994,-165.444061
2025-04-11T19:08:06Z,27.113993,-165.444063
2025-04-11T19:08:07Z,27.113991,-165.444064
2025-04-11T19:08:08Z,27.113990,-165.444065
2025-04-11T19:08:09Z,27.113988,-165.444067
2025-04-11T19:08:10Z,27.113991,-165.444066
2025-04-11T19:08:11Z,27.113995,-165.444065
2025-04-11T19:08:12Z,27.113999,-165.444063
2025-04-11T19:08:13Z,27.114002,-165.444062
2025-04-11T19:08:14Z,27.114006,-165.444061
2025-04-11T19:08:15Z,27.114010,-165.444059
2025-04-11T19:08:16Z,27.114013,-165.444058
2025-04-11T19:08:17Z,27.114013,-165.444058
2025-04-11T19:08:18Z,27.114012,-165.444059
2025-04-11T19:08:19Z,27.114010,-165.444059
2025-04-11T19:08:20Z,27.114009,-165.444059
2025-04-11T19:08:21Z,27.114008,-165.444059
2025-04-11T19:08:22Z,27.114006,-165.444060
2025-04-11T19:08:23Z,27.114005,-165.444060
2025-04-11T19:08:24Z,27.114005,-165.444058
2025-04-11T19:08:25Z,27.114004,-165.444056
2025-04-11T19:08:26Z,27.114004,-165.444055
2025-04-11T19:08:27Z,27.114003,-165.444053
2025-04-11T19:08:28Z,27.114003,-165.444051
2025-04-11T19:08:29Z,27.114002,-165.444049
2025-04-11T19:08:30Z,27.114002,-165.444047
2025-04-11T19:08:31Z,27.114001,-165.444049
2025-04-11T19:08:32Z,27.114001,-165.444052
2025-04-11T19:08:33Z,27.114000,-165.444055
2025-04-11T19:08:34Z,27.113999,-165.444058
2025-04-11T19:08:35Z,27.113999,-165.444061
2025-04-11T19:08:36Z,27.113998,-165.444063
2025-04-11T19:08:37Z,27.113997,-165.444066
2025-04-11T19:08:38Z,27.113998,-165.444065
2025-04-11T19:08:39Z,27.113998,-165.444062
2025-04-11T19:08:40Z,27.113999,-165.444059
2025-04-11T19:08:41Z,27.114000,-165.444056
2025-04-11T19:08:42Z,27.114000,-165.444053
2025-04-11T19:08:43Z,27.114001,-165.444050
2025-04-11T19:08:44Z,27.114002,-165.444047
2025-04-11T19:08:45Z,27.114001,-165.444047
2025-04-11T19:08:46Z,27.114001,-165.444047
2025-04-11T19:08:47Z,27.114000,-165.444047
2025-04-11T19:08:48Z,27.113999,-165.444047
2025-04-11T19:08:49Z,27.113999,-165.444047
2025-04-11T19:08:50Z,27.113998,-165.444047
2025-04-11T19:08:51Z,27.113997,-165.444047
2025-04-11T19:08:52Z,27.113997,-165.444045
2025-04-11T19:08:53Z,27.113996,-165.444043
2025-04-11T19:08:54Z,27.113996,-165.444040
2025-04-11T19:08:55Z,27.113995,-165.444038
2025-04-11T19:08:56Z,27.113995,-165.444035
2025-04-11T19:08:57Z,27.113995,-165.444033
2025-04-11T19:08:58Z,27.113994,-165.444031
2025-04-11T19:08:59Z,27.113989,-165.444041
2025-04-11T19:09:00Z,27.113983,-165.444055
2025-04-11T19:09:01Z,27.113977,-165.444069
2025-04-11T19:09:02Z,27.113971,-165.444083
2025-04-11T19:09:03Z,27.113965,-165.444098
2025-04-11T19:09:04Z,27.113959,-165.444112
2025-04-11T19:09:05Z,27.113953,-165.444126
2025-04-11T19:09:06Z,27.113956,-165.444123
2025-04-11T19:09:07Z,27.113962,-165.444114
2025-04-11T19:09:08Z,27.113969,-165.444105
2025-04-11T19:09:09Z,27.113976,-165.444095
2025-04-11T19:09:10Z,27.113983,-165.444086
2025-04-11T19:09:11Z,27.113989,-165.444076
2025-04-11T19:09:12Z,27.113996,-165.444067
2025-04-11T19:09:13Z,27.113998,-165.444063
2025-04-11T19:09:14Z,27.113997,-165.444060
2025-04-11T19:09:15Z,27.113996,-165.444058
2025-04-11T19:09:16Z,27.113996,-165.444056
2025-04-11T19:09:17Z,27.113995,-165.444054
2025-04-11T19:09:18Z,27.113995,-165.444052
2025-04-11T19:09:19Z,27.113994,-165.444050
2025-04-11T19:09:20Z,27.113996,-165.444049
2025-04-11T19:09:21Z,27.113998,-165.444049
2025-04-11T19:09:22Z,27.114001,-165.444049
2025-04-11T19:09:23Z,27.114004,-165.444048
2025-04-11T19:09:24Z,27.114007,-165.444048
2025-04-11T19:09:25Z,27.114010,-165.444048
2025-04-11T19:09:26Z,27.114013,-165.444048
2025-04-11T19:09:27Z,27.114012,-165.444043
2025-04-11T19:09:28Z,27.114008,-165.444035
2025-04-11T19:09:29Z,27.114005,-165.444028
2025-04-11T19:09:30Z,27.114002,-165.444021
2025-04-11T19:09:31Z,27.113999,-165.444013
2025-04-11T19:09:32Z,27.113995,-165.444006
2025-04-11T19:09:33Z,27.113992,-165.443999
2025-04-11T19:09:34Z,27.113992,-165.443999
2025-04-11T19:09:35Z,27.113993,-165.444003
2025-04-11T19:09:36Z,27.113994,-165.444007
2025-04-11T19:09:37Z,27.113995,-165.444012
2025-04-11T19:09:38Z,27.113996,-165.444016
2025-04-11T19:09:39Z,27.113997,-165.444020
2025-04-11T19:09:40Z,27.113999,-165.444025
2025-04-11T19:09:41Z,27.113998,-165.444028
2025-04-11T19:09:42Z,27.113996,-165.444032
2025-04-11T19:09:43Z,27.113994,-165.444035
2025-04-11T19:09:44Z,27.113992,-165.444038
2025-04-11T19:09:45Z,27.113990,-165.444042
2025-04-11T19:09:46Z,27.113989,-165.444045
2025-04-11T19:09:47Z,27.113987,-165.444049
2025-04-11T19:09:48Z,27.113987,-165.444052
2025-04-11T19:09:49Z,27.113988,-165.444055
2025-04-11T19:09:50Z,27.113990,-165.444058
2025-04-11T19:09:51Z,27.113991,-165.444060
2025-04-11T19:09:52Z,27.113993,-165.444063
2025-04-11T19:09:53Z,27.113994,-165.444066
2025-04-11T19:09:54Z,27.113996,-165.444069
2025-04-11T19:09:55Z,27.113996,-165.444071
2025-04-11T19:09:56Z,27.113997,-165.444071
2025-04-11T19:09:57Z,27.113998,-165.444072
2025-04-11T19:09:58Z,27.113998,-165.444073
2025-04-11T19:09:59Z,27.113999,-165.444074
2025-04-11T19:10:00Z,27.113999,-165.444075
2025-04-11T19:10:01Z,27.114000,-165.444076
2025-04-11T19:10:02Z,27.114000,-165.444074
2025-04-11T19:10:03Z,27.113999,-165.444071
2025-04-11T19:10:04Z,27.113998,-165.444068
2025-04-11T19:10:05Z,27.113997,-165.444064
2025-04-11T19:10:06Z,27.113996,-165.444061
2025-04-11T19:10:07Z,27.113995,-165.444057
2025-04-11T19:10:08Z,27.113994,-165.444054
2025-04-11T19:10:09Z,27.113993,-165.444053
2025-04-11T19:10:10Z,27.113994,-165.444055
2025-04-11T19:10:11Z,27.113995,-165.444057
2025-04-11T19:10:12Z,27.113996,-165.444058
2025-04-11T19:10:13Z,27.113997,-165.444060
2025-04-11T19:10:14Z,27.113998,-165.444062
2025-04-11T19:10:15Z,27.113999,-165.444064
2025-04-11T19:10:16Z,27.113999,-165.444066
2025-04-11T19:10:17Z,27.114000,-165.444068
2025-04-11T19:10:18Z,27.114001,-165.444070
2025-04-11T19:10:19Z,27.114001,-165.444072
2025-04-11T19:10:20Z,27.114002,-165.444074
2025-04-11T19:10:21Z,27.114003,-165.444076
2025-04-11T19:10:22Z,27.114004,-165.444078
2025-04-11T19:10:23Z,27.114005,-165.444080
2025-04-11T19:10:24Z,27.114007,-165.444082
2025-04-11T19:10:25Z,27.114010,-165.444085
2025-04-11T19:10:26Z,27.114012,-165.444087
2025-04-11T19:10:27Z,27.114015,-165.444089
2025-04-11T19:10:28Z,27.114017,-165.444092
2025-04-11T19:10:29Z,27.114020,-165.444094
2025-04-11T19:10:30Z,27.114021,-165.444096
2025-04-11T19:10:31Z,27.114022,-165.444097
2025-04-11T19:10:32Z,27.114023,-165.444098
2025-04-11T19:10:33Z,27.114023,-165.444099
2025-04-11T19:10:34Z,27.114024,-165.444100
2025-04-11T19:10:35Z,27.114025,-165.444101
2025-04-11T19:10:36Z,27.114026,-165.444102
2025-04-11T19:10:37Z,27.114026,-165.444104
2025-04-11T19:10:38Z,27.114026,-165.444106
2025-04-11T19:10:39Z,27.114027,-165.444107
2025-04-11T19:10:40Z,27.114027,-165.444109
2025-04-11T19:10:41Z,27.114027,-165.444111
2025-04-11T19:10:42Z,27.114028,-165.444113
2025-04-11T19:10:43Z,27.114028,-165.444115
2025-04-11T19:10:44Z,27.114027,-165.444116
2025-04-11T19:10:45Z,27.114025,-165.444115
2025-04-11T19:10:46Z,27.114022,-165.444114
2025-04-11T19:10:47Z,27.114020,-165.444114
2025-04-11T19:10:48Z,27.114017,-165.444113
2025-04-11T19:10:49Z,27.114015,-165.444112
2025-04-11T19:10:50Z,27.114012,-165.444111
2025-04-11T19:10:51Z,27.114012,-165.444110
2025-04-11T19:10:52Z,27.114013,-165.444109
2025-04-11T19:10:53Z,27.114014,-165.444108
2025-04-11T19:10:54Z,27.114016,-165.444106
2025-04-11T19:10:55Z,27.114017,-165.444105
2025-04-11T19:10:56Z,27.114018,-165.444104
2025-04-11T19:10:57Z,27.114020,-165.444102
2025-04-11T19:10:58Z,27.114021,-165.444101
2025-04-11T19:10:59Z,27.114019,-165.444103
2025-04-11T19:11:00Z,27.114018,-165.444104
2025-04-11T19:11:01Z,27.114017,-165.444106
2025-04-11T19:11:02Z,27.114015,-165.444107
2025-04-11T19:11:03Z,27.114014,-165.444109
2025-04-11T19:11:04Z,27.114012,-165.444111
2025-04-11T19:11:05Z,27.114011,-165.444112
2025-04-11T19:11:06Z,27.114011,-165.444111
2025-04-11T19:11:07Z,27.114010,-165.444111
2025-04-11T19:11:08Z,27.114010,-165.444110
2025-04-11T19:11:09Z,27.114010,-165.444110
2025-04-11T19:11:10Z,27.114009,-165.444109
2025-04-11T19:11:11Z,27.114009,-165.444108
2025-04-11T19:11:12Z,27.114010,-165.444108
2025-04-11T19:11:13Z,27.114013,-165.444107
2025-04-11T19:11:14Z,27.114017,-165.444106
2025-04-11T19:11:15Z,27.114021,-165.444105
2025-04-11T19:11:16Z,27.114024,-165.444104
2025-04-11T19:11:17Z,27.114028,-165.444103
2025-04-11T19:11:18Z,27.114031,-165.444102
2025-04-11T19:11:19Z,27.114033,-165.444101
2025-04-11T19:11:20Z,27.114030,-165.444101
2025-04-11T19:11:21Z,27.114026,-165.444100
2025-04-11T19:11:22Z,27.114023,-165.444100
2025-04-11T19:11:23Z,27.114019,-165.444099
2025-04-11T19:11:24Z,27.114015,-165.444099
2025-04-11T19:11:25Z,27.114012,-165.444098
2025-04-11T19:11:26Z,27.114010,-165.444098
2025-04-11T19:11:27Z,27.114013,-165.444099
2025-04-11T19:11:28Z,27.114017,-165.444099
2025-04-11T19:11:29Z,27.114020,-165.444099
2025-04-11T19:11:30Z,27.114023,-165.444100
2025-04-11T19:11:31Z,27.114027,-165.444100
2025-04-11T19:11:32Z,27.114030,-165.444101
2025-04-11T19:11:33Z,27.114033,-165.444101
2025-04-11T19:11:34Z,27.114036,-165.444105
2025-04-11T19:11:35Z,27.114038,-165.444108
2025-04-11T19:11:36Z,27.114040,-165.444112
2025-04-11T19:11:37Z,27.114042,-165.444115
2025-04-11T19:11:38Z,27.114045,-165.444119
2025-04-11T19:11:39Z,27.114047,-165.444122
2025-04-11T19:11:40Z,27.114049,-165.444125
2025-04-11T19:11:41Z,27.114049,-165.444124
2025-04-11T19:11:42Z,27.114049,-165.444123
2025-04-11T19:11:43Z,27.114049,-165.444121
2025-04-11T19:11:44Z,27.114049,-165.444120
2025-04-11T19:11:45Z,27.114049,-165.444119
2025-04-11T19:11:46Z,27.114049,-165.444118
2025-04-11T19:11:47Z,27.114049,-165.444117
2025-04-11T19:11:48Z,27.114051,-165.444117
2025-04-11T19:11:49Z,27.114052,-165.444117
2025-04-11T19:11:50Z,27.114054,-165.444117
2025-04-11T19:11:51Z,27.114055,-165.444118
2025-04-11T19:11:52Z,27.114056,-165.444118
2025-04-11T19:11:53Z,27.114058,-165.444118
2025-04-11T19:11:54Z,27.114059,-165.444118
2025-04-11T19:11:55Z,27.114059,-165.444118
2025-04-11T19:11:56Z,27.114059,-165.444119
2025-04-11T19:11:57Z,27.114059,-165.444119
2025-04-11T19:11:58Z,27.114059,-165.444119
2025-04-11T19:11:59Z,27.114059,-165.444119
2025-04-11T19:12:00Z,27.114059,-165.444120
2025-04-11T19:12:01Z,27.114059,-165.444120
2025-04-11T19:12:02Z,27.114055,-165.444118
2025-04-11T19:12:03Z,27.114052,-165.444117
2025-04-11T19:12:04Z,27.114048,-165.444115
2025-04-11T19:12:05Z,27.114044,-165.444114
2025-04-11T19:12:06Z,27.114040,-165.444112
2025-04-11T19:12:07Z,27.114036,-165.444110
2025-04-11T19:12:08Z,27.114033,-165.444109
2025-04-11T19:12:09Z,27.114035,-165.444111
2025-04-11T19:12:10Z,27.114037,-165.444112
2025-04-11T19:12:11Z,27.114038,-165.444113
2025-04-11T19:12:12Z,27.114040,-165.444115
2025-04-11T19:12:13Z,27.114042,-165.444116
2025-04-11T19:12:14Z,27.114043,-165.444118
2025-04-11T19:12:15Z,27.114045,-165.444119
2025-04-11T19:12:16Z,27.114048,-165.444117
2025-04-11T19:12:17Z,27.114052,-165.444116
2025-04-11T19:12:18Z,27.114055,-165.444114
2025-04-11T19:12:19Z,27.114058,-165.444113
2025-04-11T19:12:20Z,27.114062,-165.444111
2025-04-11T19:12:21Z,27.114065,-165.444109
2025-04-11T19:12:22Z,27.114068,-165.444108
2025-04-11T19:12:23Z,27.114065,-165.444108
2025-04-11T19:12:24Z,27.114062,-165.444108
2025-04-11T19:12:25Z,27.114059,-165.444108
2025-04-11T19:12:26Z,27.114056,-165.444108
2025-04-11T19:12:27Z,27.114053,-165.444108
2025-04-11T19:12:28Z,27.114050,-165.444108
2025-04-11T19:12:29Z,27.114047,-165.444108
2025-04-11T19:12:30Z,27.114049,-165.444107
2025-04-11T19:12:31Z,27.114052,-165.444106
2025-04-11T19:12:32Z,27.114054,-165.444104
2025-04-11T19:12:33Z,27.114057,-165.444103
2025-04-11T19:12:34Z,27.114060,-165.444102
2025-04-11T19:12:35Z,27.114062,-165.444100
2025-04-11T19:12:36Z,27.114065,-165.444099
2025-04-11T19:12:37Z,27.114065,-165.444100
2025-04-11T19:12:38Z,27.114065,-165.444101
2025-04-11T19:12:39Z,27.114065,-165.444102
2025-04-11T19:12:40Z,27.114066,-165.444103
2025-04-11T19:12:41Z,27.114066,-165.444105
2025-04-11T19:12:42Z,27.114066,-165.444106
2025-04-11T19:12:43Z,27.114066,-165.444107
2025-04-11T19:12:44Z,27.114067,-165.444108
2025-04-11T19:12:45Z,27.114068,-165.444109
2025-04-11T19:12:46Z,27.114069,-165.444110
2025-04-11T19:12:47Z,27.114070,-165.444111
2025-04-11T19:12:48Z,27.114071,-165.444113
2025-04-11T19:12:49Z,27.114072,-165.444114
2025-04-11T19:12:50Z,27.114073,-165.444115
2025-04-11T19:12:51Z,27.114072,-165.444116
2025-04-11T19:12:52Z,27.114071,-165.444118
2025-04-11T19:12:53Z,27.114071,-165.444119
2025-04-11T19:12:54Z,27.114070,-165.444121
2025-04-11T19:12:55Z,27.114069,-165.444122
2025-04-11T19:12:56Z,27.114068,-165.444123
2025-04-11T19:12:57Z,27.114067,-165.444125
2025-04-11T19:12:58Z,27.114066,-165.444123
2025-04-11T19:12:59Z,27.114065,-165.444120
2025-04-11T19:13:00Z,27.114063,-165.444117
2025-04-11T19:13:01Z,27.114062,-165.444114
2025-04-11T19:13:02Z,27.114061,-165.444112
2025-04-11T19:13:03Z,27.114059,-165.444109
2025-04-11T19:13:04Z,27.114058,-165.444106
2025-04-11T19:13:05Z,27.114062,-165.444106
2025-04-11T19:13:06Z,27.114067,-165.444105
2025-04-11T19:13:07Z,27.114071,-165.444105
2025-04-11T19:13:08Z,27.114075,-165.444105
2025-04-11T19:13:09Z,27.114080,-165.444105
2025-04-11T19:13:10Z,27.114084,-165.444104
2025-04-11T19:13:11Z,27.114088,-165.444104
2025-04-11T19:13:12Z,27.114089,-165.444104
2025-04-11T19:13:13Z,27.114089,-165.444103
2025-04-11T19:13:14Z,27.114089,-165.444103
2025-04-11T19:13:15Z,27.114090,-165.444103
2025-04-11T19:13:16Z,27.114090,-165.444103
2025-04-11T19:13:17Z,27.114090,-165.444102
2025-04-11T19:13:18Z,27.114090,-165.444102
2025-04-11T19:13:19Z,27.114091,-165.444105
2025-04-11T19:13:20Z,27.114091,-165.444108
2025-04-11T19:13:21Z,27.114092,-165.444111
2025-04-11T19:13:22Z,27.114093,-165.444115
2025-04-11T19:13:23Z,27.114093,-165.444118
2025-04-11T19:13:24Z,27.114094,-165.444122
2025-04-11T19:13:25Z,27.114095,-165.444125
2025-04-11T19:13:26Z,27.114095,-165.444123
2025-04-11T19:13:27Z,27.114095,-165.444120
2025-04-11T19:13:28Z,27.114095,-165.444116
2025-04-11T19:13:29Z,27.114094,-165.444113
2025-04-11T19:13:30Z,27.114094,-165.444109
2025-04-11T19:13:31Z,27.114094,-165.444106
2025-04-11T19:13:32Z,27.114094,-165.444102
2025-04-11T19:13:33Z,27.114094,-165.444097
2025-04-11T19:13:34Z,27.114094,-165.444093
2025-04-11T19:13:35Z,27.114093,-165.444088
2025-04-11T19:13:36Z,27.114093,-165.444083
2025-04-11T19:13:37Z,27.114093,-165.444078
2025-04-11T19:13:38Z,27.114092,-165.444073
2025-04-11T19:13:39Z,27.114092,-165.444068
2025-04-11T19:13:40Z,27.114096,-165.444072
2025-04-11T19:13:41Z,27.114101,-165.444078
2025-04-11T19:13:42Z,27.114107,-165.444085
2025-04-11T19:13:43Z,27.114112,-165.444091
2025-04-11T19:13:44Z,27.114117,-165.444097
2025-04-11T19:13:45Z,27.114122,-165.444103
2025-04-11T19:13:46Z,27.114128,-165.444110
2025-04-11T19:13:47Z,27.114129,-165.444111
2025-04-11T19:13:48Z,27.114130,-165.444111
2025-04-11T19:13:49Z,27.114131,-165.444112
2025-04-11T19:13:50Z,27.114132,-165.444112
2025-04-11T19:13:51Z,27.114133,-165.444113
2025-04-11T19:13:52Z,27.114134,-165.444113
2025-04-11T19:13:53Z,27.114135,-165.444114
2025-04-11T19:13:54Z,27.114138,-165.444114
2025-04-11T19:13:55Z,27.114141,-165.444114
2025-04-11T19:13:56Z,27.114144,-165.444114
2025-04-11T19:13:57Z,27.114147,-165.444113
2025-04-11T19:13:58Z,27.114151,-165.444113
2025-04-11T19:13:59Z,27.114154,-165.444113
2025-04-11T19:14:00Z,27.114157,-165.444113
2025-04-11T19:14:01Z,27.114161,-165.444111
2025-04-11T19:14:02Z,27.114166,-165.444108
2025-04-11T19:14:03Z,27.114170,-165.444105
2025-04-11T19:14:04Z,27.114175,-165.444102
2025-04-11T19:14:05Z,27.114180,-165.444099
2025-04-11T19:14:06Z,27.114184,-165.444096
2025-04-11T19:14:07Z,27.114189,-165.444093
2025-04-11T19:14:08Z,27.114187,-165.444090
2025-04-11T19:14:09Z,27.114184,-165.444088
2025-04-11T19:14:10Z,27.114180,-165.444085
2025-04-11T19:14:11Z,27.114177,-165.444083
2025-04-11T19:14:12Z,27.114173,-165.444080
2025-04-11T19:14:13Z,27.114170,-165.444078
2025-04-11T19:14:14Z,27.114166,-165.444075
2025-04-11T19:14:15Z,27.114163,-165.444074
2025-04-11T19:14:16Z,27.114161,-165.444073
2025-04-11T19:14:17Z,27.114160,-165.444072
2025-04-11T19:14:18Z,27.114158,-165.444071
2025-04-11T19:14:19Z,27.114156,-165.444070
2025-04-11T19:14:20Z,27.114154,-165.444069
2025-04-11T19:14:21Z,27.114152,-165.444068
2025-04-11T19:14:22Z,27.114152,-165.444066
2025-04-11T19:14:23Z,27.114152,-165.444064
2025-04-11T19:14:24Z,27.114151,-165.444062
2025-04-11T19:14:25Z,27.114151,-165.444060
2025-04-11T19:14:26Z,27.114151,-165.444057
2025-04-11T19:14:27Z,27.114150,-165.444055
2025-04-11T19:14:28Z,27.114150,-165.444053
2025-04-11T19:14:29Z,27.114151,-165.444052
2025-04-11T19:14:30Z,27.114152,-165.444052
2025-04-11T19:14:31Z,27.114153,-165.444052
2025-04-11T19:14:32Z,27.114154,-165.444052
2025-04-11T19:14:33Z,27.114155,-165.444052
2025-04-11T19:14:34Z,27.114156,-165.444052
2025-04-11T19:14:35Z,27.114157,-165.444052
2025-04-11T19:14:36Z,27.114157,-165.444053
2025-04-11T19:14:37Z,27.114156,-165.444055
2025-04-11T19:14:38Z,27.114156,-165.444057
2025-04-11T19:14:39Z,27.114155,-165.444059
2025-04-11T19:14:40Z,27.114155,-165.444061
2025-04-11T19:14:41Z,27.114155,-165.444063
2025-04-11T19:14:42Z,27.114154,-165.444065
2025-04-11T19:14:43Z,27.114155,-165.444066
2025-04-11T19:14:44Z,27.114156,-165.444066
2025-04-11T19:14:45Z,27.114158,-165.444066
2025-04-11T19:14:46Z,27.114159,-165.444067
2025-04-11T19:14:47Z,27.114161,-165.444067
2025-04-11T19:14:48Z,27.114162,-165.444067
2025-04-11T19:14:49Z,27.114163,-165.444067
2025-04-11T19:14:50Z,27.114163,-165.444066
2025-04-11T19:14:51Z,27.114162,-165.444063
2025-04-11T19:14:52Z,27.114160,-165.444061
2025-04-11T19:14:53Z,27.114159,-165.444058
2025-04-11T19:14:54Z,27.114157,-165.444056
2025-04-11T19:14:55Z,27.114156,-165.444053
2025-04-11T19:14:56Z,27.114155,-165.444051
2025-04-11T19:14:57Z,27.114149,-165.444048
2025-04-11T19:14:58Z,27.114141,-165.444046
2025-04-11T19:14:59Z,27.114133,-165.444043
2025-04-11T19:15:00Z,27.114125,-165.444040
2025-04-11T19:15:01Z,27.114117,-165.444037
2025-04-11T19:15:02Z,27.114109,-165.444034
2025-04-11T19:15:03Z,27.114101,-165.444032
2025-04-11T19:15:04Z,27.114097,-165.444031
2025-04-11T19:15:05Z,27.114100,-165.444033
2025-04-11T19:15:06Z,27.114102,-165.444035
2025-04-11T19:15:07Z,27.114105,-165.444037
2025-04-11T19:15:08Z,27.114107,-165.444040
2025-04-11T19:15:09Z,27.114110,-165.444042
2025-04-11T19:15:10Z,27.114113,-165.444044
2025-04-11T19:15:11Z,27.114117,-165.444043
2025-04-11T19:15:12Z,27.114122,-165.444039
2025-04-11T19:15:13Z,27.114128,-165.444036
2025-04-11T19:15:14Z,27.114133,-165.444032
2025-04-11T19:15:15Z,27.114138,-165.444028
2025-04-11T19:15:16Z,27.114144,-165.444024
2025-04-11T19:15:17Z,27.114149,-165.444020
2025-04-11T19:15:18Z,27.114152,-165.444019
2025-04-11T19:15:19Z,27.114151,-165.444020
2025-04-11T19:15:20Z,27.114149,-165.444022
2025-04-11T19:15:21Z,27.114148,-165.444024
2025-04-11T19:15:22Z,27.114146,-165.444026
2025-04-11T19:15:23Z,27.114144,-165.444027
2025-04-11T19:15:24Z,27.114143,-165.444029
2025-04-11T19:15:25Z,27.114143,-165.444031
2025-04-11T19:15:26Z,27.114146,-165.444033
2025-04-11T19:15:27Z,27.114149,-165.444035
2025-04-11T19:15:28Z,27.114151,-165.444036
2025-04-11T19:15:29Z,27.114154,-165.444038
2025-04-11T19:15:30Z,27.114157,-165.444040
2025-04-11T19:15:31Z,27.114160,-165.444042
2025-04-11T19:15:32Z,27.114162,-165.444044
2025-04-11T19:15:33Z,27.114164,-165.444047
2025-04-11T19:15:34Z,27.114166,-165.444050
2025-04-11T19:15:35Z,27.114167,-165.444053
2025-04-11T19:15:36Z,27.114169,-165.444056
2025-04-11T19:15:37Z,27.114171,-165.444059
2025-04-11T19:15:38Z,27.114173,-165.444061
2025-04-11T19:15:39Z,27.114174,-165.444063
2025-04-11T19:15:40Z,27.114173,-165.444062
2025-04-11T19:15:41Z,27.114173,-165.444062
2025-04-11T19:15:42Z,27.114173,-165.444062
2025-04-11T19:15:43Z,27.114172,-165.444061
2025-04-11T19:15:44Z,27.114172,-165.444061
2025-04-11T19:15:45Z,27.114171,-165.444060
2025-04-11T19:15:46Z,27.114172,-165.444059
2025-04-11T19:15:47Z,27.114173,-165.444056
2025-04-11T19:15:48Z,27.114174,-165.444054
2025-04-11T19:15:49Z,27.114175,-165.444051
2025-04-11T19:15:50Z,27.114176,-165.444049
2025-04-11T19:15:51Z,27.114177,-165.444046
2025-04-11T19:15:52Z,27.114178,-165.444043
2025-04-11T19:15:53Z,27.114179,-165.444043
2025-04-11T19:15:54Z,27.114178,-165.444045
2025-04-11T19:15:55Z,27.114177,-165.444046
2025-04-11T19:15:56Z,27.114176,-165.444048
2025-04-11T19:15:57Z,27.114175,-165.444050
2025-04-11T19:15:58Z,27.114174,-165.444052
2025-04-11T19:15:59Z,27.114173,-165.444054
2025-04-11T19:16:00Z,27.114174,-165.444056
2025-04-11T19:16:01Z,27.114178,-165.444060
2025-04-11T19:16:02Z,27.114183,-165.444063
2025-04-11T19:16:03Z,27.114188,-165.444066
2025-04-11T19:16:04Z,27.114193,-165.444070
2025-04-11T19:16:05Z,27.114198,-165.444073
2025-04-11T19:16:06Z,27.114203,-165.444077
2025-04-11T19:16:07Z,27.114205,-165.444077
2025-04-11T19:16:08Z,27.114201,-165.444072
2025-04-11T19:16:09Z,27.114197,-165.444067
2025-04-11T19:16:10Z,27.114192,-165.444063
2025-04-11T19:16:11Z,27.114188,-165.444058
2025-04-11T19:16:12Z,27.114184,-165.444053
2025-04-11T19:16:13Z,27.114180,-165.444048
2025-04-11T19:16:14Z,27.114178,-165.444043
2025-04-11T19:16:15Z,27.114177,-165.444039
2025-04-11T19:16:16Z,27.114177,-165.444035
2025-04-11T19:16:17Z,27.114176,-165.444031
2025-04-11T19:16:18Z,27.114176,-165.444027
2025-04-11T19:16:19Z,27.114175,-165.444023
2025-04-11T19:16:20Z,27.114174,-165.444019
2025-04-11T19:16:21Z,27.114172,-165.444017
2025-04-11T19:16:22Z,27.114166,-165.444023
2025-04-11T19:16:23Z,27.114159,-165.444029
2025-04-11T19:16:24Z,27.114152,-165.444035
2025-04-11T19:16:25Z,27.114145,-165.444040
2025-04-11T19:16:26Z,27.114139,-165.444046
2025-04-11T19:16:27Z,27.114132,-165.444052
2025-04-11T19:16:28Z,27.114130,-165.444054
2025-04-11T19:16:29Z,27.114136,-165.444050
2025-04-11T19:16:30Z,27.114141,-165.444047
2025-04-11T19:16:31Z,27.114146,-165.444044
2025-04-11T19:16:32Z,27.114152,-165.444041
2025-04-11T19:16:33Z,27.114157,-165.444037
2025-04-11T19:16:34Z,27.114162,-165.444034
2025-04-11T19:16:35Z,27.114165,-165.444032
2025-04-11T19:16:36Z,27.114161,-165.444033
2025-04-11T19:16:37Z,27.114158,-165.444033
2025-04-11T19:16:38Z,27.114154,-165.444034
2025-04-11T19:16:39Z,27.114150,-165.444034
2025-04-11T19:16:40Z,27.114147,-165.444035
2025-04-11T19:16:41Z,27.114143,-165.444036
2025-04-11T19:16:42Z,27.114140,-165.444036
2025-04-11T19:16:43Z,27.114142,-165.444034
2025-04-11T19:16:44Z,27.114144,-165.444032
2025-04-11T19:16:45Z,27.114146,-165.444030
2025-04-11T19:16:46Z,27.114148,-165.444028
2025-04-11T19:16:47Z,27.114150,-165.444026
2025-04-11T19:16:48Z,27.114152,-165.444024
2025-04-11T19:16:49Z,27.114153,-165.444022
2025-04-11T19:16:50Z,27.114154,-165.444019
2025-04-11T19:16:51Z,27.114155,-165.444015
2025-04-11T19:16:52Z,27.114156,-165.444012
2025-04-11T19:16:53Z,27.114157,-165.444009
2025-04-11T19:16:54Z,27.114157,-165.444005
2025-04-11T19:16:55Z,27.114158,-165.444002
2025-04-11T19:16:56Z,27.114160,-165.443999
2025-04-11T19:16:57Z,27.114164,-165.444000
2025-04-11T19:16:58Z,27.114168,-165.444000
2025-04-11T19:16:59Z,27.114172,-165.444001
2025-04-11T19:17:00Z,27.114177,-165.444001
2025-04-11T19:17:01Z,27.114181,-165.444002
2025-04-11T19:17:02Z,27.114185,-165.444002
2025-04-11T19:17:03Z,27.114189,-165.444003
2025-04-11T19:17:04Z,27.114185,-165.444006
2025-04-11T19:17:05Z,27.114181,-165.444008
2025-04-11T19:17:06Z,27.114177,-165.444011
2025-04-11T19:17:07Z,27.114173,-165.444013
2025-04-11T19:17:08Z,27.114169,-165.444016
2025-04-11T19:17:09Z,27.114165,-165.444019
2025-04-11T19:17:10Z,27.114162,-165.444021
2025-04-11T19:17:11Z,27.114158,-165.444021
2025-04-11T19:17:12Z,27.114154,-165.444021
2025-04-11T19:17:13Z,27.114150,-165.444021
2025-04-11T19:17:14Z,27.114146,-165.444021
2025-04-11T19:17:15Z,27.114142,-165.444021
2025-04-11T19:17:16Z,27.114138,-165.444021
2025-04-11T19:17:17Z,27.114133,-165.444022
2025-04-11T19:17:18Z,27.114127,-165.444030
2025-04-11T19:17:19Z,27.114120,-165.444037
2025-04-11T19:17:20Z,27.114114,-165.444045
2025-04-11T19:17:21Z,27.114107,-165.444053
2025-04-11T19:17:22Z,27.114100,-165.444060
2025-04-11T19:17:23Z,27.114094,-165.444068
2025-04-11T19:17:24Z,27.114089,-165.444074
2025-04-11T19:17:25Z,27.114096,-165.444066
2025-04-11T19:17:26Z,27.114103,-165.444058
2025-04-11T19:17:27Z,27.114110,-165.444050
2025-04-11T19:17:28Z,27.114117,-165.444042
2025-04-11T19:17:29Z,27.114124,-165.444033
2025-04-11T19:17:30Z,27.114131,-165.444025
2025-04-11T19:17:31Z,27.114137,-165.444018
2025-04-11T19:17:32Z,27.114137,-165.444016
2025-04-11T19:17:33Z,27.114137,-165.444013
2025-04-11T19:17:34Z,27.114137,-165.444011
2025-04-11T19:17:35Z,27.114138,-165.444009
2025-04-11T19:17:36Z,27.114138,-165.444007
2025-04-11T19:17:37Z,27.114138,-165.444004
2025-04-11T19:17:38Z,27.114138,-165.444002
2025-04-11T19:17:39Z,27.114140,-165.443999
2025-04-11T19:17:40Z,27.114143,-165.443995
2025-04-11T19:17:41Z,27.114145,-165.443991
2025-04-11T19:17:42Z,27.114147,-165.443988
2025-04-11T19:17:43Z,27.114149,-165.443984
2025-04-11T19:17:44Z,27.114152,-165.443981
2025-04-11T19:17:45Z,27.114154,-165.443977
2025-04-11T19:17:46Z,27.114153,-165.443976
2025-04-11T19:17:47Z,27.114151,-165.443974
2025-04-11T19:17:48Z,27.114150,-165.443973
2025-04-11T19:17:49Z,27.114149,-165.443972
2025-04-11T19:17:50Z,27.114148,-165.443971
2025-04-11T19:17:51Z,27.114146,-165.443969
2025-04-11T19:17:52Z,27.114145,-165.443968
2025-04-11T19:17:53Z,27.114143,-165.443969
2025-04-11T19:17:54Z,27.114141,-165.443969
2025-04-11T19:17:55Z,27.114140,-165.443970
2025-04-11T19:17:56Z,27.114138,-165.443970
2025-04-11T19:17:57Z,27.114136,-165.443971
2025-04-11T19:17:58Z,27.114135,-165.443971
2025-04-11T19:17:59Z,27.114133,-165.443972
2025-04-11T19:18:00Z,27.114129,-165.443972
2025-04-11T19:18:01Z,27.114125,-165.443973
2025-04-11T19:18:02Z,27.114121,-165.443973
2025-04-11T19:18:03Z,27.114117,-165.443974
2025-04-11T19:18:04Z,27.114113,-165.443974
2025-04-11T19:18:05Z,27.114109,-165.443975
2025-04-11T19:18:06Z,27.114105,-165.443975
2025-04-11T19:18:07Z,27.114108,-165.443975
2025-04-11T19:18:08Z,27.114112,-165.443975
2025-04-11T19:18:09Z,27.114116,-165.443975
2025-04-11T19:18:10Z,27.114121,-165.443974
2025-04-11T19:18:11Z,27.114125,-165.443974
2025-04-11T19:18:12Z,27.114130,-165.443974
2025-04-11T19:18:13Z,27.114134,-165.443974
2025-04-11T19:18:14Z,27.114135,-165.443975
2025-04-11T19:18:15Z,27.114134,-165.443977
2025-04-11T19:18:16Z,27.114134,-165.443979
2025-04-11T19:18:17Z,27.114134,-165.443981
2025-04-11T19:18:18Z,27.114134,-165.443983
2025-04-11T19:18:19Z,27.114133,-165.443985
2025-04-11T19:18:20Z,27.114133,-165.443987
2025-04-11T19:18:21Z,27.114134,-165.443985
2025-04-11T19:18:22Z,27.114135,-165.443982
2025-04-11T19:18:23Z,27.114137,-165.443979
2025-04-11T19:18:24Z,27.114138,-165.443976
2025-04-11T19:18:25Z,27.114139,-165.443973
2025-04-11T19:18:26Z,27.114141,-165.443970
2025-04-11T19:18:27Z,27.114142,-165.443967
2025-04-11T19:18:28Z,27.114138,-165.443962
2025-04-11T19:18:29Z,27.114134,-165.443956
2025-04-11T19:18:30Z,27.114129,-165.443949
2025-04-11T19:18:31Z,27.114125,-165.443943
2025-04-11T19:18:32Z,27.114120,-165.443937
2025-04-11T19:18:33Z,27.114116,-165.443931
2025-04-11T19:18:34Z,27.114111,-165.443925
2025-04-11T19:18:35Z,27.114112,-165.443930
2025-04-11T19:18:36Z,27.114114,-165.443936
2025-04-11T19:18:37Z,27.114115,-165.443942
2025-04-11T19:18:38Z,27.114116,-165.443948
2025-04-11T19:18:39Z,27.114117,-165.443954
2025-04-11T19:18:40Z,27.114119,-165.443960
2025-04-11T19:18:41Z,27.114120,-165.443966
2025-04-11T19:18:42Z,27.114118,-165.443970
2025-04-11T19:18:43Z,27.114116,-165.443975
2025-04-11T19:18:44Z,27.114114,-165.443979
2025-04-11T19:18:45Z,27.114113,-165.443984
2025-04-11T19:18:46Z,27.114111,-165.443988
2025-04-11T19:18:47Z,27.114109,-165.443992
2025-04-11T19:18:48Z,27.114107,-165.443997
2025-04-11T19:18:49Z,27.114112,-165.443990
2025-04-11T19:18:50Z,27.114118,-165.443983
2025-04-11T19:18:51Z,27.114124,-165.443975
2025-04-11T19:18:52Z,27.114129,-165.443968
2025-04-11T19:18:53Z,27.114135,-165.443960
2025-04-11T19:18:54Z,27.114141,-165.443953
2025-04-11T19:18:55Z,27.114147,-165.443945
2025-04-11T19:18:56Z,27.114143,-165.443943
2025-04-11T19:18:57Z,27.114139,-165.443940
2025-04-11T19:18:58Z,27.114135,-165.443938
2025-04-11T19:18:59Z,27.114131,-165.443935
2025-04-11T19:19:00Z,27.114127,-165.443932
2025-04-11T19:19:01Z,27.114124,-165.443930
2025-04-11T19:19:02Z,27.114120,-165.443927
2025-04-11T19:19:03Z,27.114121,-165.443930
2025-04-11T19:19:04Z,27.114123,-165.443934
2025-04-11T19:19:05Z,27.114126,-165.443938
2025-04-11T19:19:06Z,27.114128,-165.443942
2025-04-11T19:19:07Z,27.114130,-165.443946
2025-04-11T19:19:08Z,27.114133,-165.443950
2025-04-11T19:19:09Z,27.114135,-165.443954
2025-04-11T19:19:10Z,27.114134,-165.443955
2025-04-11T19:19:11Z,27.114131,-165.443953
2025-04-11T19:19:12Z,27.114127,-165.443951
2025-04-11T19:19:13Z,27.114124,-165.443949
2025-04-11T19:19:14Z,27.114120,-165.443947
2025-04-11T19:19:15Z,27.114117,-165.443944
2025-04-11T19:19:16Z,27.114114,-165.443942
2025-04-11T19:19:17Z,27.114115,-165.443942
2025-04-11T19:19:18Z,27.114116,-165.443943
2025-04-11T19:19:19Z,27.114118,-165.443943
2025-04-11T19:19:20Z,27.114120,-165.443943
2025-04-11T19:19:21Z,27.114122,-165.443943
2025-04-11T19:19:22Z,27.114124,-165.443944
2025-04-11T19:19:23Z,27.114126,-165.443944
2025-04-11T19:19:24Z,27.114127,-165.443941
2025-04-11T19:19:25Z,27.114128,-165.443938
2025-04-11T19:19:26Z,27.114128,-165.443935
2025-04-11T19:19:27Z,27.114129,-165.443932
2025-04-11T19:19:28Z,27.114130,-165.443929
2025-04-11T19:19:29Z,27.114131,-165.443926
2025-04-11T19:19:30Z,27.114132,-165.443923
2025-04-11T19:19:31Z,27.114136,-165.443925
2025-04-11T19:19:32Z,27.114141,-165.443929
2025-04-11T19:19:33Z,27.114146,-165.443932
2025-04-11T19:19:34Z,27.114151,-165.443936
2025-04-11T19:19:35Z,27.114157,-165.443940
2025-04-11T19:19:36Z,27.114162,-165.443943
2025-04-11T19:19:37Z,27.114167,-165.443947
2025-04-11T19:19:38Z,27.114166,-165.443948
2025-04-11T19:19:39Z,27.114163,-165.443947
2025-04-11T19:19:40Z,27.114161,-165.443947
2025-04-11T19:19:41Z,27.114158,-165.443946
2025-04-11T19:19:42Z,27.114156,-165.443946
2025-04-11T19:19:43Z,27.114153,-165.443946
2025-04-11T19:19:44Z,27.114150,-165.443945
2025-04-11T19:19:45Z,27.114150,-165.443945
2025-04-11T19:19:46Z,27.114151,-165.443944
2025-04-11T19:19:47Z,27.114152,-165.443944
2025-04-11T19:19:48Z,27.114152,-165.443944
2025-04-11T19:19:49Z,27.114153,-165.443944
2025-04-11T19:19:50Z,27.114153,-165.443943
2025-04-11T19:19:51Z,27.114154,-165.443943
2025-04-11T19:19:52Z,27.114153,-165.443944
2025-04-11T19:19:53Z,27.114152,-165.443945
2025-04-11T19:19:54Z,27.114151,-165.443946
2025-04-11T19:19:55Z,27.114150,-165.443947
2025-04-11T19:19:56Z,27.114149,-165.443948
2025-04-11T19:19:57Z,27.114148,-165.443949
2025-04-11T19:19:58Z,27.114147,-165.443951
2025-04-11T19:19:59Z,27.114147,-165.443951
2025-04-11T19:20:00Z,27.114148,-165.443951
2025-04-11T19:20:01Z,27.114148,-165.443950
2025-04-11T19:20:02Z,27.114149,-165.443950
2025-04-11T19:20:03Z,27.114149,-165.443950
2025-04-11T19:20:04Z,27.114149,-165.443949
2025-04-11T19:20:05Z,27.114150,-165.443949
2025-04-11T19:20:06Z,27.114150,-165.443949
2025-04-11T19:20:07Z,27.114151,-165.443950
2025-04-11T19:20:08Z,27.114151,-165.443951
2025-04-11T19:20:09Z,27.114152,-165.443952
2025-04-11T19:20:10Z,27.114152,-165.443952
2025-04-11T19:20:11Z,27.114152,-165.443953
2025-04-11T19:20:12Z,27.114153,-165.443954
2025-04-11T19:20:13Z,27.114151,-165.443954
2025-04-11T19:20:14Z,27.114148,-165.443954
2025-04-11T19:20:15Z,27.114146,-165.443954
2025-04-11T19:20:16Z,27.114143,-165.443953
2025-04-11T19:20:17Z,27.114140,-165.443953
2025-04-11T19:20:18Z,27.114137,-165.443953
2025-04-11T19:20:19Z,27.114134,-165.443953
2025-04-11T19:20:20Z,27.114134,-165.443953
2025-04-11T19:20:21Z,27.114136,-165.443953
2025-04-11T19:20:22Z,27.114138,-165.443953
2025-04-11T19:20:23Z,27.114140,-165.443954
2025-04-11T19:20:24Z,27.114142,-165.443954
2025-04-11T19:20:25Z,27.114144,-165.443954
2025-04-11T19:20:26Z,27.114146,-165.443954
2025-04-11T19:20:27Z,27.114150,-165.443956
2025-04-11T19:20:28Z,27.114154,-165.443960
2025-04-11T19:20:29Z,27.114159,-165.443963
2025-04-11T19:20:30Z,27.114163,-165.443967
2025-04-11T19:20:31Z,27.114168,-165.443970
2025-04-11T19:20:32Z,27.114172,-165.443974
2025-04-11T19:20:33Z,27.114177,-165.443977
2025-04-11T19:20:34Z,27.114173,-165.443975
2025-04-11T19:20:35Z,27.114167,-165.443970
2025-04-11T19:20:36Z,27.114161,-165.443965
2025-04-11T19:20:37Z,27.114154,-165.443961
2025-04-11T19:20:38Z,27.114148,-165.443956
2025-04-11T19:20:39Z,27.114142,-165.443951
2025-04-11T19:20:40Z,27.114135,-165.443947
2025-04-11T19:20:41Z,27.114134,-165.443945
2025-04-11T19:20:42Z,27.114134,-165.443946
2025-04-11T19:20:43Z,27.114135,-165.443947
2025-04-11T19:20:44Z,27.114136,-165.443948
2025-04-11T19:20:45Z,27.114137,-165.443948
2025-04-11T19:20:46Z,27.114138,-165.443949
2025-04-11T19:20:47Z,27.114139,-165.443950
2025-04-11T19:20:48Z,27.114138,-165.443953
2025-04-11T19:20:49Z,27.114137,-165.443958
2025-04-11T19:20:50Z,27.114136,-165.443963
2025-04-11T19:20:51Z,27.114134,-165.443968
2025-04-11T19:20:52Z,27.114133,-165.443973
2025-04-11T19:20:53Z,27.114132,-165.443978
2025-04-11T19:20:54Z,27.114131,-165.443983
2025-04-11T19:20:55Z,27.114131,-165.443984
2025-04-11T19:20:56Z,27.114132,-165.443983
2025-04-11T19:20:57Z,27.114133,-165.443982
2025-04-11T19:20:58Z,27.114134,-165.443981
2025-04-11T19:20:59Z,27.114135,-165.443980
2025-04-11T19:21:00Z,27.114136,-165.443979
2025-04-11T19:21:01Z,27.114137,-165.443978
2025-04-11T19:21:02Z,27.114137,-165.443976
2025-04-11T19:21:03Z,27.114137,-165.443974
2025-04-11T19:21:04Z,27.114136,-165.443973
2025-04-11T19:21:05Z,27.114136,-165.443971
2025-04-11T19:21:06Z,27.114136,-165.443969
2025-04-11T19:21:07Z,27.114135,-165.443968
2025-04-11T19:21:08Z,27.114135,-165.443966
2025-04-11T19:21:09Z,27.114137,-165.443965
2025-04-11T19:21:10Z,27.114141,-165.443964
2025-04-11T19:21:11Z,27.114145,-165.443963
2025-04-11T19:21:12Z,27.114149,-165.443962
2025-04-11T19:21:13Z,27.114153,-165.443960
2025-04-11T19:21:14Z,27.114157,-165.443959
2025-04-11T19:21:15Z,27.114161,-165.443958
2025-04-11T19:21:16Z,27.114161,-165.443962
2025-04-11T19:21:17Z,27.114157,-165.443968
2025-04-11T19:21:18Z,27.114153,-165.443974
2025-04-11T19:21:19Z,27.114149,-165.443981
2025-04-11T19:21:20Z,27.114145,-165.443987
2025-04-11T19:21:21Z,27.114141,-165.443993
2025-04-11T19:21:22Z,27.114137,-165.443999
2025-04-11T19:21:23Z,27.114142,-165.443990
2025-04-11T19:21:24Z,27.114155,-165.443968
2025-04-11T19:21:25Z,27.114167,-165.443947
2025-04-11T19:21:26Z,27.114179,-165.443926
2025-04-11T19:21:27Z,27.114192,-165.443904
2025-04-11T19:21:28Z,27.114204,-165.443883
2025-04-11T19:21:29Z,27.114216,-165.443862
2025-04-11T19:21:30Z,27.114216,-165.443858
2025-04-11T19:21:31Z,27.114206,-165.443869
2025-04-11T19:21:32Z,27.114195,-165.443879
2025-04-11T19:21:33Z,27.114184,-165.443890
2025-04-11T19:21:34Z,27.114174,-165.443901
2025-04-11T19:21:35Z,27.114163,-165.443912
2025-04-11T19:21:36Z,27.114152,-165.443922
2025-04-11T19:21:37Z,27.114147,-165.443930
2025-04-11T19:21:38Z,27.114148,-165.443935
2025-04-11T19:21:39Z,27.114148,-165.443940
2025-04-11T19:21:40Z,27.114149,-165.443945
2025-04-11T19:21:41Z,27.114149,-165.443950
2025-04-11T19:21:42Z,27.114149,-165.443955
2025-04-11T19:21:43Z,27.114150,-165.443960
2025-04-11T19:21:44Z,27.114151,-165.443959
2025-04-11T19:21:45Z,27.114152,-165.443954
2025-04-11T19:21:46Z,27.114153,-165.443949
2025-04-11T19:21:47Z,27.114155,-165.443944
2025-04-11T19:21:48Z,27.114156,-165.443939
2025-04-11T19:21:49Z,27.114157,-165.443934
2025-04-11T19:21:50Z,27.114158,-165.443928
2025-04-11T19:21:51Z,27.114159,-165.443927
2025-04-11T19:21:52Z,27.114160,-165.443930
2025-04-11T19:21:53Z,27.114161,-165.443933
2025-04-11T19:21:54Z,27.114162,-165.443935
2025-04-11T19:21:55Z,27.114162,-165.443938
2025-04-11T19:21:56Z,27.114163,-165.443940
2025-04-11T19:21:57Z,27.114164,-165.443943
2025-04-11T19:21:58Z,27.114162,-165.443945
2025-04-11T19:21:59Z,27.114159,-165.443948
2025-04-11T19:22:00Z,27.114156,-165.443950
2025-04-11T19:22:01Z,27.114153,-165.443952
2025-04-11T19:22:02Z,27.114149,-165.443955
2025-04-11T19:22:03Z,27.114146,-165.443957
2025-04-11T19:22:04Z,27.114143,-165.443959
2025-04-11T19:22:05Z,27.114141,-165.443961
2025-04-11T19:22:06Z,27.114141,-165.443961
2025-04-11T19:22:07Z,27.114141,-165.443961
2025-04-11T19:22:08Z,27.114141,-165.443961
2025-04-11T19:22:09Z,27.114140,-165.443962
2025-04-11T19:22:10Z,27.114140,-165.443962
2025-04-11T19:22:11Z,27.114140,-165.443962
2025-04-11T19:22:12Z,27.114142,-165.443961
2025-04-11T19:22:13Z,27.114145,-165.443959
2025-04-11T19:22:14Z,27.114148,-165.443957
2025-04-11T19:22:15Z,27.114152,-165.443954
2025-04-11T19:22:16Z,27.114155,-165.443952
2025-04-11T19:22:17Z,27.114159,-165.443950
2025-04-11T19:22:18Z,27.114162,-165.443948
2025-04-11T19:22:19Z,27.114165,-165.443946
2025-04-11T19:22:20Z,27.114160,-165.443951
2025-04-11T19:22:21Z,27.114155,-165.443956
2025-04-11T19:22:22Z,27.114151,-165.443961
2025-04-11T19:22:23Z,27.114146,-165.443965
2025-04-11T19:22:24Z,27.114142,-165.443970
2025-04-11T19:22:25Z,27.114137,-165.443975
2025-04-11T19:22:26Z,27.114134,-165.443979
2025-04-11T19:22:27Z,27.114132,-165.443983
2025-04-11T19:22:28Z,27.114130,-165.443988
2025-04-11T19:22:29Z,27.114129,-165.443992
2025-04-11T19:22:30Z,27.114127,-165.443996
2025-04-11T19:22:31Z,27.114125,-165.444001
2025-04-11T19:22:32Z,27.114123,-165.444005
2025-04-11T19:22:33Z,27.114122,-165.444009
2025-04-11T19:22:34Z,27.114121,-165.444011
2025-04-11T19:22:35Z,27.114120,-165.444014
2025-04-11T19:22:36Z,27.114119,-165.444016
2025-04-11T19:22:37Z,27.114118,-165.444019
2025-04-11T19:22:38Z,27.114117,-165.444021
2025-04-11T19:22:39Z,27.114116,-165.444024
2025-04-11T19:22:40Z,27.114115,-165.444026
2025-04-11T19:22:41Z,27.114114,-165.444021
2025-04-11T19:22:42Z,27.114113,-165.444016
2025-04-11T19:22:43Z,27.114111,-165.444011
2025-04-11T19:22:44Z,27.114110,-165.444005
2025-04-11T19:22:45Z,27.114109,-165.444000
2025-04-11T19:22:46Z,27.114108,-165.443995
2025-04-11T19:22:47Z,27.114108,-165.443991
2025-04-11T19:22:48Z,27.114110,-165.443990
2025-04-11T19:22:49Z,27.114113,-165.443988
2025-04-11T19:22:50Z,27.114115,-165.443986
2025-04-11T19:22:51Z,27.114117,-165.443984
2025-04-11T19:22:52Z,27.114120,-165.443982
2025-04-11T19:22:53Z,27.114122,-165.443980
2025-04-11T19:22:54Z,27.114124,-165.443979
2025-04-11T19:22:55Z,27.114125,-165.443978
2025-04-11T19:22:56Z,27.114125,-165.443978
2025-04-11T19:22:57Z,27.114125,-165.443978
2025-04-11T19:22:58Z,27.114126,-165.443977
2025-04-11T19:22:59Z,27.114126,-165.443977
2025-04-11T19:23:00Z,27.114127,-165.443976
2025-04-11T19:23:01Z,27.114128,-165.443978
2025-04-11T19:23:02Z,27.114132,-165.443982
2025-04-11T19:23:03Z,27.114136,-165.443987
2025-04-11T19:23:04Z,27.114140,-165.443992
2025-04-11T19:23:05Z,27.114143,-165.443997
2025-04-11T19:23:06Z,27.114147,-165.444001
2025-04-11T19:23:07Z,27.114151,-165.444006
2025-04-11T19:23:08Z,27.114153,-165.444010
2025-04-11T19:23:09Z,27.114147,-165.444013
2025-04-11T19:23:10Z,27.114142,-165.444016
2025-04-11T19:23:11Z,27.114136,-165.444019
2025-04-11T19:23:12Z,27.114130,-165.444021
2025-04-11T19:23:13Z,27.114125,-165.444024
2025-04-11T19:23:14Z,27.114119,-165.444027
2025-04-11T19:23:15Z,27.114114,-165.444029
2025-04-11T19:23:16Z,27.114111,-165.444030
2025-04-11T19:23:17Z,27.114108,-165.444031
2025-04-11T19:23:18Z,27.114106,-165.444033
2025-04-11T19:23:19Z,27.114103,-165.444034
2025-04-11T19:23:20Z,27.114101,-165.444035
2025-04-11T19:23:21Z,27.114098,-165.444036
2025-04-11T19:23:22Z,27.114097,-165.444037
2025-04-11T19:23:23Z,27.114102,-165.444038
2025-04-11T19:23:24Z,27.114107,-165.444039
2025-04-11T19:23:25Z,27.114112,-165.444040
2025-04-11T19:23:26Z,27.114117,-165.444041
2025-04-11T19:23:27Z,27.114122,-165.444042
2025-04-11T19:23:28Z,27.114127,-165.444042
2025-04-11T19:23:29Z,27.114130,-165.444043
2025-04-11T19:23:30Z,27.114129,-165.444044
2025-04-11T19:23:31Z,27.114128,-165.444044
2025-04-11T19:23:32Z,27.114127,-165.444045
2025-04-11T19:23:33Z,27.114126,-165.444045
2025-04-11T19:23:34Z,27.114126,-165.444046
2025-04-11T19:23:35Z,27.114125,-165.444047
2025-04-11T19:23:36Z,27.114123,-165.444047
2025-04-11T19:23:37Z,27.114119,-165.444048
2025-04-11T19:23:38Z,27.114115,-165.444048
2025-04-11T19:23:39Z,27.114111,-165.444049
2025-04-11T19:23:40Z,27.114107,-165.444049
2025-04-11T19:23:41Z,27.114103,-165.444050
2025-04-11T19:23:42Z,27.114099,-165.444051
2025-04-11T19:23:43Z,27.114096,-165.444051
2025-04-11T19:23:44Z,27.114095,-165.444049
2025-04-11T19:23:45Z,27.114095,-165.444047
2025-04-11T19:23:46Z,27.114095,-165.444046
2025-04-11T19:23:47Z,27.114094,-165.444044
2025-04-11T19:23:48Z,27.114094,-165.444042
2025-04-11T19:23:49Z,27.114093,-165.444040
2025-04-11T19:23:50Z,27.114094,-165.444039
2025-04-11T19:23:51Z,27.114097,-165.444039
2025-04-11T19:23:52Z,27.114101,-165.444039
2025-04-11T19:23:53Z,27.114105,-165.444039
2025-04-11T19:23:54Z,27.114109,-165.444040
2025-04-11T19:23:55Z,27.114112,-165.444040
2025-04-11T19:23:56Z,27.114116,-165.444040
2025-04-11T19:23:57Z,27.114120,-165.444040
2025-04-11T19:23:58Z,27.114122,-165.444044
2025-04-11T19:23:59Z,27.114124,-165.444048
2025-04-11T19:24:00Z,27.114126,-165.444052
2025-04-11T19:24:01Z,27.114127,-165.444056
2025-04-11T19:24:02Z,27.114129,-165.444060
2025-04-11T19:24:03Z,27.114131,-165.444063
2025-04-11T19:24:04Z,27.114133,-165.444067
2025-04-11T19:24:05Z,27.114134,-165.444070
2025-04-11T19:24:06Z,27.114134,-165.444072
2025-04-11T19:24:07Z,27.114135,-165.444074
2025-04-11T19:24:08Z,27.114136,-165.444077
2025-04-11T19:24:09Z,27.114137,-165.444079
2025-04-11T19:24:10Z,27.114137,-165.444082
2025-04-11T19:24:11Z,27.114138,-165.444084
2025-04-11T19:24:12Z,27.114136,-165.444082
2025-04-11T19:24:13Z,27.114134,-165.444081
2025-04-11T19:24:14Z,27.114132,-165.444079
2025-04-11T19:24:15Z,27.114130,-165.444077
2025-04-11T19:24:16Z,27.114129,-165.444075
2025-04-11T19:24:17Z,27.114127,-165.444074
2025-04-11T19:24:18Z,27.114125,-165.444071
2025-04-11T19:24:19Z,27.114126,-165.444066
2025-04-11T19:24:20Z,27.114127,-165.444060
2025-04-11T19:24:21Z,27.114128,-165.444055
2025-04-11T19:24:22Z,27.114128,-165.444049
2025-04-11T19:24:23Z,27.114129,-165.444044
2025-04-11T19:24:24Z,27.114130,-165.444038
2025-04-11T19:24:25Z,27.114131,-165.444033
2025-04-11T19:24:26Z,27.114131,-165.444032
2025-04-11T19:24:27Z,27.114132,-165.444032
2025-04-11T19:24:28Z,27.114132,-165.444033
2025-04-11T19:24:29Z,27.114132,-165.444034
2025-04-11T19:24:30Z,27.114132,-165.444035
2025-04-11T19:24:31Z,27.114133,-165.444035
2025-04-11T19:24:32Z,27.114133,-165.444036
2025-04-11T19:24:33Z,27.114137,-165.444032
2025-04-11T19:24:34Z,27.114141,-165.444028
2025-04-11T19:24:35Z,27.114145,-165.444024
2025-04-11T19:24:36Z,27.114149,-165.444020
2025-04-11T19:24:37Z,27.114153,-165.444016
2025-04-11T19:24:38Z,27.114157,-165.444012
2025-04-11T19:24:39Z,27.114161,-165.444008
2025-04-11T19:24:40Z,27.114157,-165.444004
2025-04-11T19:24:41Z,27.114151,-165.444000
2025-04-11T19:24:42Z,27.114146,-165.443996
2025-04-11T19:24:43Z,27.114140,-165.443992
2025-04-11T19:24:44Z,27.114134,-165.443988
2025-04-11T19:24:45Z,27.114128,-165.443985
2025-04-11T19:24:46Z,27.114123,-165.443981
2025-04-11T19:24:47Z,27.114129,-165.443984
2025-04-11T19:24:48Z,27.114134,-165.443987
2025-04-11T19:24:49Z,27.114139,-165.443989
2025-04-11T19:24:50Z,27.114145,-165.443992
2025-04-11T19:24:51Z,27.114150,-165.443995
2025-04-11T19:24:52Z,27.114155,-165.443997
2025-04-11T19:24:53Z,27.114161,-165.444000
2025-04-11T19:24:54Z,27.114159,-165.444001
2025-04-11T19:24:55Z,27.114156,-165.444001
2025-04-11T19:24:56Z,27.114154,-165.444002
2025-04-11T19:24:57Z,27.114151,-165.444002
2025-04-11T19:24:58Z,27.114149,-165.444003
2025-04-11T19:24:59Z,27.114146,-165.444003
2025-04-11T19:25:00Z,27.114144,-165.444004
2025-04-11T19:25:01Z,27.114153,-165.444001
2025-04-11T19:25:02Z,27.114162,-165.443999
2025-04-11T19:25:03Z,27.114172,-165.443996
2025-04-11T19:25:04Z,27.114181,-165.443993
2025-04-11T19:25:05Z,27.114190,-165.443991
2025-04-11T19:25:06Z,27.114199,-165.443988
2025-04-11T19:25:07Z,27.114209,-165.443985
2025-04-11T19:25:08Z,27.114205,-165.443978
2025-04-11T19:25:09Z,27.114199,-165.443970
2025-04-11T19:25:10Z,27.114194,-165.443962
2025-04-11T19:25:11Z,27.114188,-165.443954
2025-04-11T19:25:12Z,27.114183,-165.443946
2025-04-11T19:25:13Z,27.114177,-165.443937
2025-04-11T19:25:14Z,27.114171,-165.443929
2025-04-11T19:25:15Z,27.114170,-165.443928
2025-04-11T19:25:16Z,27.114168,-165.443928
2025-04-11T19:25:17Z,27.114166,-165.443927
2025-04-11T19:25:18Z,27.114165,-165.443926
2025-04-11T19:25:19Z,27.114163,-165.443926
2025-04-11T19:25:20Z,27.114162,-165.443925
2025-04-11T19:25:21Z,27.114160,-165.443924
2025-04-11T19:25:22Z,27.114169,-165.443930
2025-04-11T19:25:23Z,27.114179,-165.443937
2025-04-11T19:25:24Z,27.114190,-165.443944
2025-04-11T19:25:25Z,27.114201,-165.443952
2025-04-11T19:25:26Z,27.114212,-165.443959
2025-04-11T19:25:27Z,27.114223,-165.443966
2025-04-11T19:25:28Z,27.114234,-165.443974
2025-04-11T19:25:29Z,27.114230,-165.443978
2025-04-11T19:25:30Z,27.114226,-165.443981
2025-04-11T19:25:31Z,27.114222,-165.443985
2025-04-11T19:25:32Z,27.114217,-165.443989
2025-04-11T19:25:33Z,27.114213,-165.443993
2025-04-11T19:25:34Z,27.114209,-165.443996
2025-04-11T19:25:35Z,27.114205,-165.444000
2025-04-11T19:25:36Z,27.114211,-165.443997
2025-04-11T19:25:37Z,27.114220,-165.443992
2025-04-11T19:25:38Z,27.114229,-165.443988
2025-04-11T19:25:39Z,27.114238,-165.443983
2025-04-11T19:25:40Z,27.114248,-165.443978
2025-04-11T19:25:41Z,27.114257,-165.443973
2025-04-11T19:25:42Z,27.114266,-165.443969
2025-04-11T19:25:43Z,27.114265,-165.443967
2025-04-11T19:25:44Z,27.114262,-165.443966
2025-04-11T19:25:45Z,27.114260,-165.443966
2025-04-11T19:25:46Z,27.114257,-165.443965
2025-04-11T19:25:47Z,27.114255,-165.443964
2025-04-11T19:25:48Z,27.114253,-165.443963
2025-04-11T19:25:49Z,27.114250,-165.443962
2025-04-11T19:25:50Z,27.114247,-165.443962
2025-04-11T19:25:51Z,27.114244,-165.443962
2025-04-11T19:25:52Z,27.114241,-165.443962
2025-04-11T19:25:53Z,27.114237,-165.443963
2025-04-11T19:25:54Z,27.114234,-165.443963
2025-04-11T19:25:55Z,27.114231,-165.443963
2025-04-11T19:25:56Z,27.114228,-165.443963
2025-04-11T19:25:57Z,27.114228,-165.443961
2025-04-11T19:25:58Z,27.114230,-165.443958
2025-04-11T19:25:59Z,27.114232,-165.443956
2025-04-11T19:26:00Z,27.114234,-165.443953
2025-04-11T19:26:01Z,27.114236,-165.443951
2025-04-11T19:26:02Z,27.114238,-165.443948
2025-04-11T19:26:03Z,27.114240,-165.443946
2025-04-11T19:26:04Z,27.114243,-165.443944
2025-04-11T19:26:05Z,27.114248,-165.443942
2025-04-11T19:26:06Z,27.114252,-165.443940
2025-04-11T19:26:07Z,27.114257,-165.443938
2025-04-11T19:26:08Z,27.114261,-165.443936
2025-04-11T19:26:09Z,27.114266,-165.443934
2025-04-11T19:26:10Z,27.114270,-165.443932
2025-04-11T19:26:11Z,27.114272,-165.443940
2025-04-11T19:26:12Z,27.114274,-165.443949
2025-04-11T19:26:13Z,27.114276,-165.443958
2025-04-11T19:26:14Z,27.114277,-165.443966
2025-04-11T19:26:15Z,27.114279,-165.443975
2025-04-11T19:26:16Z,27.114280,-165.443984
2025-04-11T19:26:17Z,27.114282,-165.443993
2025-04-11T19:26:18Z,27.114274,-165.443990
2025-04-11T19:26:19Z,27.114265,-165.443987
2025-04-11T19:26:20Z,27.114257,-165.443983
2025-04-11T19:26:21Z,27.114248,-165.443979
2025-04-11T19:26:22Z,27.114240,-165.443975
2025-04-11T19:26:23Z,27.114231,-165.443972
2025-04-11T19:26:24Z,27.114223,-165.443968
2025-04-11T19:26:25Z,27.114225,-165.443964
2025-04-11T19:26:26Z,27.114229,-165.443960
2025-04-11T19:26:27Z,27.114233,-165.443956
2025-04-11T19:26:28Z,27.114238,-165.443952
2025-04-11T19:26:29Z,27.114242,-165.443947
2025-04-11T19:26:30Z,27.114246,-165.443943
2025-04-11T19:26:31Z,27.114251,-165.443939
2025-04-11T19:26:32Z,27.114256,-165.443940
2025-04-11T19:26:33Z,27.114261,-165.443942
2025-04-11T19:26:34Z,27.114267,-165.443945
2025-04-11T19:26:35Z,27.114273,-165.443948
2025-04-11T19:26:36Z,27.114278,-165.443950
2025-04-11T19:26:37Z,27.114284,-165.443953
2025-04-11T19:26:38Z,27.114289,-165.443955
2025-04-11T19:26:39Z,27.114289,-165.443955
2025-04-11T19:26:40Z,27.114286,-165.443955
2025-04-11T19:26:41Z,27.114283,-165.443954
2025-04-11T19:26:42Z,27.114281,-165.443953
2025-04-11T19:26:43Z,27.114278,-165.443953
2025-04-11T19:26:44Z,27.114275,-165.443952
2025-04-11T19:26:45Z,27.114272,-165.443951
2025-04-11T19:26:46Z,27.114269,-165.443953
2025-04-11T19:26:47Z,27.114265,-165.443955
2025-04-11T19:26:48Z,27.114261,-165.443958
2025-04-11T19:26:49Z,27.114258,-165.443960
2025-04-11T19:26:50Z,27.114254,-165.443963
2025-04-11T19:26:51Z,27.114250,-165.443965
2025-04-11T19:26:52Z,27.114247,-165.443968
2025-04-11T19:26:53Z,27.114247,-165.443968
2025-04-11T19:26:54Z,27.114251,-165.443967
2025-04-11T19:26:55Z,27.114254,-165.443966
2025-04-11T19:26:56Z,27.114258,-165.443965
2025-04-11T19:26:57Z,27.114261,-165.443964
2025-04-11T19:26:58Z,27.114265,-165.443963
2025-04-11T19:26:59Z,27.114268,-165.443962
2025-04-11T19:27:00Z,27.114268,-165.443957
2025-04-11T19:27:01Z,27.114265,-165.443949
2025-04-11T19:27:02Z,27.114262,-165.443941
2025-04-11T19:27:03Z,27.114259,-165.443933
2025-04-11T19:27:04Z,27.114256,-165.443925
2025-04-11T19:27:05Z,27.114253,-165.443917
2025-04-11T19:27:06Z,27.114250,-165.443909
2025-04-11T19:27:07Z,27.114251,-165.443907
2025-04-11T19:27:08Z,27.114257,-165.443912
2025-04-11T19:27:09Z,27.114263,-165.443917
2025-04-11T19:27:10Z,27.114270,-165.443922
2025-04-11T19:27:11Z,27.114276,-165.443926
2025-04-11T19:27:12Z,27.114282,-165.443931
2025-04-11T19:27:13Z,27.114289,-165.443936
2025-04-11T19:27:14Z,27.114292,-165.443936
2025-04-11T19:27:15Z,27.114294,-165.443932
2025-04-11T19:27:16Z,27.114296,-165.443928
2025-04-11T19:27:17Z,27.114298,-165.443924
2025-04-11T19:27:18Z,27.114300,-165.443921
2025-04-11T19:27:19Z,27.114302,-165.443917
2025-04-11T19:27:20Z,27.114304,-165.443913
2025-04-11T19:27:21Z,27.114304,-165.443912
2025-04-11T19:27:22Z,27.114301,-165.443915
2025-04-11T19:27:23Z,27.114298,-165.443918
2025-04-11T19:27:24Z,27.114296,-165.443921
2025-04-11T19:27:25Z,27.114293,-165.443924
2025-04-11T19:27:26Z,27.114290,-165.443928
2025-04-11T19:27:27Z,27.114287,-165.443931
2025-04-11T19:27:28Z,27.114286,-165.443932
2025-04-11T19:27:29Z,27.114286,-165.443932
2025-04-11T19:27:30Z,27.114286,-165.443932
2025-04-11T19:27:31Z,27.114286,-165.443932
2025-04-11T19:27:32Z,27.114285,-165.443932
2025-04-11T19:27:33Z,27.114285,-165.443932
2025-04-11T19:27:34Z,27.114285,-165.443932
2025-04-11T19:27:35Z,27.114286,-165.443934
2025-04-11T19:27:36Z,27.114287,-165.443938
2025-04-11T19:27:37Z,27.114289,-165.443943
2025-04-11T19:27:38Z,27.114291,-165.443948
2025-04-11T19:27:39Z,27.114293,-165.443952
2025-04-11T19:27:40Z,27.114294,-165.443957
2025-04-11T19:27:41Z,27.114296,-165.443962
2025-04-11T19:27:42Z,27.114296,-165.443965
2025-04-11T19:27:43Z,27.114293,-165.443968
2025-04-11T19:27:44Z,27.114290,-165.443971
2025-04-11T19:27:45Z,27.114287,-165.443973
2025-04-11T19:27:46Z,27.114284,-165.443976
2025-04-11T19:27:47Z,27.114281,-165.443979
2025-04-11T19:27:48Z,27.114278,-165.443981
2025-04-11T19:27:49Z,27.114276,-165.443983
2025-04-11T19:27:50Z,27.114278,-165.443982
2025-04-11T19:27:51Z,27.114279,-165.443981
2025-04-11T19:27:52Z,27.114280,-165.443980
2025-04-11T19:27:53Z,27.114281,-165.443979
2025-04-11T19:27:54Z,27.114282,-165.443978
2025-04-11T19:27:55Z,27.114283,-165.443977
2025-04-11T19:27:56Z,27.114285,-165.443976
2025-04-11T19:27:57Z,27.114288,-165.443978
2025-04-11T19:27:58Z,27.114292,-165.443979
2025-04-11T19:27:59Z,27.114295,-165.443981
2025-04-11T19:28:00Z,27.114299,-165.443982
2025-04-11T19:28:01Z,27.114302,-165.443984
2025-04-11T19:28:02Z,27.114306,-165.443985
2025-04-11T19:28:03Z,27.114309,-165.443987
2025-04-11T19:28:04Z,27.114310,-165.443988
2025-04-11T19:28:05Z,27.114312,-165.443990
2025-04-11T19:28:06Z,27.114314,-165.443992
2025-04-11T19:28:07Z,27.114315,-165.443993
2025-04-11T19:28:08Z,27.114317,-165.443995
2025-04-11T19:28:09Z,27.114319,-165.443997
2025-04-11T19:28:10Z,27.114322,-165.443999
2025-04-11T19:28:11Z,27.114327,-165.444002
2025-04-11T19:28:12Z,27.114331,-165.444005
2025-04-11T19:28:13Z,27.114336,-165.444007
2025-04-11T19:28:14Z,27.114341,-165.444010
2025-04-11T19:28:15Z,27.114346,-165.444013
2025-04-11T19:28:16Z,27.114350,-165.444016
2025-04-11T19:28:17Z,27.114354,-165.444017
2025-04-11T19:28:18Z,27.114353,-165.444015
2025-04-11T19:28:19Z,27.114352,-165.444012
2025-04-11T19:28:20Z,27.114351,-165.444009
2025-04-11T19:28:21Z,27.114350,-165.444006
2025-04-11T19:28:22Z,27.114349,-165.444003
2025-04-11T19:28:23Z,27.114349,-165.444001
2025-04-11T19:28:24Z,27.114349,-165.443995
2025-04-11T19:28:25Z,27.114351,-165.443984
2025-04-11T19:28:26Z,27.114353,-165.443972
2025-04-11T19:28:27Z,27.114355,-165.443961
2025-04-11T19:28:28Z,27.114357,-165.443950
2025-04-11T19:28:29Z,27.114359,-165.443939
2025-04-11T19:28:30Z,27.114360,-165.443928
2025-04-11T19:28:31Z,27.114362,-165.443922
2025-04-11T19:28:32Z,27.114361,-165.443936
2025-04-11T19:28:33Z,27.114359,-165.443950
2025-04-11T19:28:34Z,27.114358,-165.443965
2025-04-11T19:28:35Z,27.114357,-165.443979
2025-04-11T19:28:36Z,27.114356,-165.443993
2025-04-11T19:28:37Z,27.114355,-165.444007
2025-04-11T19:28:38Z,27.114353,-165.444019
2025-04-11T19:28:39Z,27.114349,-165.444021
2025-04-11T19:28:40Z,27.114345,-165.444022
2025-04-11T19:28:41Z,27.114340,-165.444024
2025-04-11T19:28:42Z,27.114336,-165.444025
2025-04-11T19:28:43Z,27.114332,-165.444026
2025-04-11T19:28:44Z,27.114327,-165.444028
2025-04-11T19:28:45Z,27.114325,-165.444029
2025-04-11T19:28:46Z,27.114329,-165.444029
2025-04-11T19:28:47Z,27.114333,-165.444029
2025-04-11T19:28:48Z,27.114337,-165.444029
2025-04-11T19:28:49Z,27.114341,-165.444030
2025-04-11T19:28:50Z,27.114345,-165.444030
2025-04-11T19:28:51Z,27.114349,-165.444030
2025-04-11T19:28:52Z,27.114352,-165.444030
2025-04-11T19:28:53Z,27.114352,-165.444032
2025-04-11T19:28:54Z,27.114352,-165.444033
2025-04-11T19:28:55Z,27.114352,-165.444035
2025-04-11T19:28:56Z,27.114353,-165.444036
2025-04-11T19:28:57Z,27.114353,-165.444037
2025-04-11T19:28:58Z,27.114353,-165.444039
2025-04-11T19:28:59Z,27.114352,-165.444041
2025-04-11T19:29:00Z,27.114347,-165.444043
2025-04-11T19:29:01Z,27.114342,-165.444045
2025-04-11T19:29:02Z,27.114337,-165.444048
2025-04-11T19:29:03Z,27.114332,-165.444050
2025-04-11T19:29:04Z,27.114327,-165.444053
2025-04-11T19:29:05Z,27.114322,-165.444055
2025-04-11T19:29:06Z,27.114320,-165.444056
2025-04-11T19:29:07Z,27.114323,-165.444052
2025-04-11T19:29:08Z,27.114326,-165.444049
2025-04-11T19:29:09Z,27.114329,-165.444045
2025-04-11T19:29:10Z,27.114332,-165.444042
2025-04-11T19:29:11Z,27.114335,-165.444038
2025-04-11T19:29:12Z,27.114339,-165.444035
2025-04-11T19:29:13Z,27.114341,-165.444032
2025-04-11T19:29:14Z,27.114340,-165.444034
2025-04-11T19:29:15Z,27.114338,-165.444036
2025-04-11T19:29:16Z,27.114337,-165.444038
2025-04-11T19:29:17Z,27.114336,-165.444039
2025-04-11T19:29:18Z,27.114335,-165.444041
2025-04-11T19:29:19Z,27.114334,-165.444043
2025-04-11T19:29:20Z,27.114334,-165.444043
2025-04-11T19:29:21Z,27.114339,-165.444039
2025-04-11T19:29:22Z,27.114344,-165.444035
2025-04-11T19:29:23Z,27.114349,-165.444032
2025-04-11T19:29:24Z,27.114354,-165.444028
2025-04-11T19:29:25Z,27.114359,-165.444024
2025-04-11T19:29:26Z,27.114364,-165.444020
2025-04-11T19:29:27Z,27.114368,-165.444018
2025-04-11T19:29:28Z,27.114370,-165.444022
2025-04-11T19:29:29Z,27.114373,-165.444027
2025-04-11T19:29:30Z,27.114375,-165.444032
2025-04-11T19:29:31Z,27.114377,-165.444037
2025-04-11T19:29:32Z,27.114379,-165.444042
2025-04-11T19:29:33Z,27.114382,-165.444047
2025-04-11T19:29:34Z,27.114384,-165.444052
2025-04-11T19:29:35Z,27.114379,-165.444051
2025-04-11T19:29:36Z,27.114374,-165.444051
2025-04-11T19:29:37Z,27.114369,-165.444050
2025-04-11T19:29:38Z,27.114364,-165.444049
2025-04-11T19:29:39Z,27.114360,-165.444048
2025-04-11T19:29:40Z,27.114355,-165.444048
2025-04-11T19:29:41Z,27.114350,-165.444047
2025-04-11T19:29:42Z,27.114355,-165.444046
2025-04-11T19:29:43Z,27.114359,-165.444046
2025-04-11T19:29:44Z,27.114364,-165.444045
2025-04-11T19:29:45Z,27.114368,-165.444044
2025-04-11T19:29:46Z,27.114373,-165.444043
2025-04-11T19:29:47Z,27.114377,-165.444043
2025-04-11T19:29:48Z,27.114382,-165.444042
2025-04-11T19:29:49Z,27.114381,-165.444038
2025-04-11T19:29:50Z,27.114380,-165.444033
2025-04-11T19:29:51Z,27.114379,-165.444028
2025-04-11T19:29:52Z,27.114377,-165.444024
2025-04-11T19:29:53Z,27.114376,-165.444019
2025-04-11T19:29:54Z,27.114375,-165.444015
2025-04-11T19:29:55Z,27.114374,-165.444010
2025-04-11T19:29:56Z,27.114376,-165.444017
2025-04-11T19:29:57Z,27.114378,-165.444025
2025-04-11T19:29:58Z,27.114380,-165.444033
2025-04-11T19:29:59Z,27.114382,-165.444041
2025-04-11T19:30:00Z,27.114384,-165.444048
2025-04-11T19:30:01Z,27.114386,-165.444056
2025-04-11T19:30:02Z,27.114388,-165.444064
2025-04-11T19:30:03Z,27.114386,-165.444063
2025-04-11T19:30:04Z,27.114383,-165.444062
2025-04-11T19:30:05Z,27.114381,-165.444061
2025-04-11T19:30:06Z,27.114379,-165.444061
2025-04-11T19:30:07Z,27.114376,-165.444060
2025-04-11T19:30:08Z,27.114374,-165.444059
2025-04-11T19:30:09Z,27.114372,-165.444059
2025-04-11T19:30:10Z,27.114373,-165.444065
2025-04-11T19:30:11Z,27.114374,-165.444072
2025-04-11T19:30:12Z,27.114375,-165.444078
2025-04-11T19:30:13Z,27.114377,-165.444085
2025-04-11T19:30:14Z,27.114378,-165.444091
2025-04-11T19:30:15Z,27.114379,-165.444098
2025-04-11T19:30:16Z,27.114380,-165.444104
2025-04-11T19:30:17Z,27.114382,-165.444101
2025-04-11T19:30:18Z,27.114385,-165.444097
2025-04-11T19:30:19Z,27.114388,-165.444093
2025-04-11T19:30:20Z,27.114390,-165.444088
2025-04-11T19:30:21Z,27.114393,-165.444084
2025-04-11T19:30:22Z,27.114396,-165.444080
2025-04-11T19:30:23Z,27.114398,-165.444076
2025-04-11T19:30:24Z,27.114397,-165.444075
2025-04-11T19:30:25Z,27.114397,-165.444075
2025-04-11T19:30:26Z,27.114396,-165.444074
2025-04-11T19:30:27Z,27.114395,-165.444074
2025-04-11T19:30:28Z,27.114394,-165.444073
2025-04-11T19:30:29Z,27.114394,-165.444073
2025-04-11T19:30:30Z,27.114393,-165.444072
2025-04-11T19:30:31Z,27.114396,-165.444074
2025-04-11T19:30:32Z,27.114399,-165.444076
2025-04-11T19:30:33Z,27.114402,-165.444079
2025-04-11T19:30:34Z,27.114405,-165.444081
2025-04-11T19:30:35Z,27.114408,-165.444083
2025-04-11T19:30:36Z,27.114411,-165.444085
2025-04-11T19:30:37Z,27.114414,-165.444088
2025-04-11T19:30:38Z,27.114411,-165.444087
2025-04-11T19:30:39Z,27.114405,-165.444085
2025-04-11T19:30:40Z,27.114400,-165.444083
2025-04-11T19:30:41Z,27.114395,-165.444081
2025-04-11T19:30:42Z,27.114389,-165.444079
2025-04-11T19:30:43Z,27.114384,-165.444077
2025-04-11T19:30:44Z,27.114378,-165.444075
2025-04-11T19:30:45Z,27.114374,-165.444081
2025-04-11T19:30:46Z,27.114370,-165.444087
2025-04-11T19:30:47Z,27.114366,-165.444093
2025-04-11T19:30:48Z,27.114363,-165.444099
2025-04-11T19:30:49Z,27.114359,-165.444105
2025-04-11T19:30:50Z,27.114355,-165.444112
2025-04-11T19:30:51Z,27.114351,-165.444118
2025-04-11T19:30:52Z,27.114352,-165.444125
2025-04-11T19:30:53Z,27.114354,-165.444132
2025-04-11T19:30:54Z,27.114356,-165.444139
2025-04-11T19:30:55Z,27.114359,-165.444146
2025-04-11T19:30:56Z,27.114361,-165.444153
2025-04-11T19:30:57Z,27.114363,-165.444160
2025-04-11T19:30:58Z,27.114366,-165.444167
2025-04-11T19:30:59Z,27.114372,-165.444158
2025-04-11T19:31:00Z,27.114379,-165.444147
2025-04-11T19:31:01Z,27.114386,-165.444135
2025-04-11T19:31:02Z,27.114393,-165.444124
2025-04-11T19:31:03Z,27.114400,-165.444113
2025-04-11T19:31:04Z,27.114407,-165.444101
2025-04-11T19:31:05Z,27.114414,-165.444090
2025-04-11T19:31:06Z,27.114409,-165.444078
2025-04-11T19:31:07Z,27.114403,-165.444067
2025-04-11T19:31:08Z,27.114397,-165.444056
2025-04-11T19:31:09Z,27.114391,-165.444044
2025-04-11T19:31:10Z,27.114386,-165.444033
2025-04-11T19:31:11Z,27.114380,-165.444021
2025-04-11T19:31:12Z,27.114374,-165.444010
2025-04-11T19:31:13Z,27.114372,-165.444010
2025-04-11T19:31:14Z,27.114371,-165.444011
2025-04-11T19:31:15Z,27.114371,-165.444013
2025-04-11T19:31:16Z,27.114370,-165.444015
2025-04-11T19:31:17Z,27.114369,-165.444017
2025-04-11T19:31:18Z,27.114368,-165.444019
2025-04-11T19:31:19Z,27.114367,-165.444021
2025-04-11T19:31:20Z,27.114370,-165.444028
2025-04-11T19:31:21Z,27.114374,-165.444036
2025-04-11T19:31:22Z,27.114377,-165.444044
2025-04-11T19:31:23Z,27.114380,-165.444052
2025-04-11T19:31:24Z,27.114384,-165.444060
2025-04-11T19:31:25Z,27.114387,-165.444068
2025-04-11T19:31:26Z,27.114390,-165.444075
2025-04-11T19:31:27Z,27.114391,-165.444079
2025-04-11T19:31:28Z,27.114390,-165.444083
2025-04-11T19:31:29Z,27.114389,-165.444086
2025-04-11T19:31:30Z,27.114389,-165.444089
2025-04-11T19:31:31Z,27.114388,-165.444092
2025-04-11T19:31:32Z,27.114388,-165.444095
2025-04-11T19:31:33Z,27.114387,-165.444098
2025-04-11T19:31:34Z,27.114387,-165.444095
2025-04-11T19:31:35Z,27.114388,-165.444088
2025-04-11T19:31:36Z,27.114389,-165.444081
2025-04-11T19:31:37Z,27.114390,-165.444075
2025-04-11T19:31:38Z,27.114390,-165.444068
2025-04-11T19:31:39Z,27.114391,-165.444061
2025-04-11T19:31:40Z,27.114392,-165.444055
2025-04-11T19:31:41Z,27.114393,-165.444045
2025-04-11T19:31:42Z,27.114394,-165.444036
2025-04-11T19:31:43Z,27.114396,-165.444026
2025-04-11T19:31:44Z,27.114397,-165.444016
2025-04-11T19:31:45Z,27.114399,-165.444006
2025-04-11T19:31:46Z,27.114400,-165.443996
2025-04-11T19:31:47Z,27.114402,-165.443986
2025-04-11T19:31:48Z,27.114402,-165.443993
2025-04-11T19:31:49Z,27.114402,-165.444007
2025-04-11T19:31:50Z,27.114402,-165.444021
2025-04-11T19:31:51Z,27.114403,-165.444035
2025-04-11T19:31:52Z,27.114403,-165.444049
2025-04-11T19:31:53Z,27.114403,-165.444063
2025-04-11T19:31:54Z,27.114403,-165.444077
2025-04-11T19:31:55Z,27.114409,-165.444080
2025-04-11T19:31:56Z,27.114417,-165.444080
2025-04-11T19:31:57Z,27.114425,-165.444080
2025-04-11T19:31:58Z,27.114433,-165.444079
2025-04-11T19:31:59Z,27.114441,-165.444079
2025-04-11T19:32:00Z,27.114449,-165.444079
2025-04-11T19:32:01Z,27.114457,-165.444079
2025-04-11T19:32:02Z,27.114458,-165.444081
2025-04-11T19:32:03Z,27.114455,-165.444083
2025-04-11T19:32:04Z,27.114452,-165.444086
2025-04-11T19:32:05Z,27.114449,-165.444089
2025-04-11T19:32:06Z,27.114447,-165.444092
2025-04-11T19:32:07Z,27.114444,-165.444094
2025-04-11T19:32:08Z,27.114441,-165.444097
2025-04-11T19:32:09Z,27.114439,-165.444096
2025-04-11T19:32:10Z,27.114437,-165.444093
2025-04-11T19:32:11Z,27.114434,-165.444090
2025-04-11T19:32:12Z,27.114432,-165.444086
2025-04-11T19:32:13Z,27.114430,-165.444083
2025-04-11T19:32:14Z,27.114428,-165.444080
2025-04-11T19:32:15Z,27.114426,-165.444077
2025-04-11T19:32:16Z,27.114427,-165.444076
2025-04-11T19:32:17Z,27.114431,-165.444078
2025-04-11T19:32:18Z,27.114436,-165.444081
2025-04-11T19:32:19Z,27.114441,-165.444084
2025-04-11T19:32:20Z,27.114446,-165.444086
2025-04-11T19:32:21Z,27.114450,-165.444089
2025-04-11T19:32:22Z,27.114455,-165.444091
2025-04-11T19:32:23Z,27.114456,-165.444092
2025-04-11T19:32:24Z,27.114456,-165.444091
2025-04-11T19:32:25Z,27.114456,-165.444091
2025-04-11T19:32:26Z,27.114456,-165.444091
2025-04-11T19:32:27Z,27.114456,-165.444091
2025-04-11T19:32:28Z,27.114456,-165.444090
2025-04-11T19:32:29Z,27.114456,-165.444090
2025-04-11T19:32:30Z,27.114454,-165.444091
2025-04-11T19:32:31Z,27.114450,-165.444092
2025-04-11T19:32:32Z,27.114446,-165.444093
2025-04-11T19:32:33Z,27.114443,-165.444094
2025-04-11T19:32:34Z,27.114439,-165.444095
2025-04-11T19:32:35Z,27.114436,-165.444096
2025-04-11T19:32:36Z,27.114432,-165.444097
2025-04-11T19:32:37Z,27.114432,-165.444096
2025-04-11T19:32:38Z,27.114437,-165.444093
2025-04-11T19:32:39Z,27.114441,-165.444089
2025-04-11T19:32:40Z,27.114446,-165.444086
2025-04-11T19:32:41Z,27.114451,-165.444082
2025-04-11T19:32:42Z,27.114455,-165.444079
2025-04-11T19:32:43Z,27.114460,-165.444076
2025-04-11T19:32:44Z,27.114460,-165.444071
2025-04-11T19:32:45Z,27.114458,-165.444067
2025-04-11T19:32:46Z,27.114455,-165.444062
2025-04-11T19:32:47Z,27.114452,-165.444058
2025-04-11T19:32:48Z,27.114449,-165.444053
2025-04-11T19:32:49Z,27.114447,-165.444048
2025-04-11T19:32:50Z,27.114444,-165.444044
2025-04-11T19:32:51Z,27.114440,-165.444042
2025-04-11T19:32:52Z,27.114436,-165.444045
2025-04-11T19:32:53Z,27.114431,-165.444048
2025-04-11T19:32:54Z,27.114427,-165.444052
2025-04-11T19:32:55Z,27.114422,-165.444055
2025-04-11T19:32:56Z,27.114418,-165.444058
2025-04-11T19:32:57Z,27.114413,-165.444061
2025-04-11T19:32:58Z,27.114410,-165.444063
2025-04-11T19:32:59Z,27.114409,-165.444062
2025-04-11T19:33:00Z,27.114409,-165.444061
2025-04-11T19:33:01Z,27.114409,-165.444060
2025-04-11T19:33:02Z,27.114408,-165.444059
2025-04-11T19:33:03Z,27.114408,-165.444058
2025-04-11T19:33:04Z,27.114407,-165.444058
2025-04-11T19:33:05Z,27.114407,-165.444058
2025-04-11T19:33:06Z,27.114405,-165.444060
2025-04-11T19:33:07Z,27.114404,-165.444062
2025-04-11T19:33:08Z,27.114402,-165.444064
2025-04-11T19:33:09Z,27.114401,-165.444066
2025-04-11T19:33:10Z,27.114399,-165.444068
2025-04-11T19:33:11Z,27.114398,-165.444070
2025-04-11T19:33:12Z,27.114400,-165.444072
2025-04-11T19:33:13Z,27.114409,-165.444075
2025-04-11T19:33:14Z,27.114417,-165.444079
2025-04-11T19:33:15Z,27.114426,-165.444082
2025-04-11T19:33:16Z,27.114435,-165.444085
2025-04-11T19:33:17Z,27.114444,-165.444088
2025-04-11T19:33:18Z,27.114453,-165.444092
2025-04-11T19:33:19Z,27.114456,-165.444093
2025-04-11T19:33:20Z,27.114448,-165.444091
2025-04-11T19:33:21Z,27.114441,-165.444089
2025-04-11T19:33:22Z,27.114433,-165.444086
2025-04-11T19:33:23Z,27.114425,-165.444084
2025-04-11T19:33:24Z,27.114417,-165.444082
2025-04-11T19:33:25Z,27.114409,-165.444079
2025-04-11T19:33:26Z,27.114401,-165.444077
2025-04-11T19:33:27Z,27.114404,-165.444070
2025-04-11T19:33:28Z,27.114407,-165.444063
2025-04-11T19:33:29Z,27.114410,-165.444057
2025-04-11T19:33:30Z,27.114413,-165.444050
2025-04-11T19:33:31Z,27.114416,-165.444043
2025-04-11T19:33:32Z,27.114420,-165.444036
2025-04-11T19:33:33Z,27.114423,-165.444030
2025-04-11T19:33:34Z,27.114422,-165.444024
2025-04-11T19:33:35Z,27.114421,-165.444018
2025-04-11T19:33:36Z,27.114419,-165.444012
2025-04-11T19:33:37Z,27.114418,-165.444006
2025-04-11T19:33:38Z,27.114417,-165.444000
2025-04-11T19:33:39Z,27.114415,-165.443994
2025-04-11T19:33:40Z,27.114414,-165.443989
2025-04-11T19:33:41Z,27.114420,-165.443977
2025-04-11T19:33:42Z,27.114426,-165.443966
2025-04-11T19:33:43Z,27.114432,-165.443954
2025-04-11T19:33:44Z,27.114439,-165.443942
2025-04-11T19:33:45Z,27.114445,-165.443930
2025-04-11T19:33:46Z,27.114451,-165.443918
2025-04-11T19:33:47Z,27.114458,-165.443907
2025-04-11T19:33:48Z,27.114461,-165.443910
2025-04-11T19:33:49Z,27.114463,-165.443918
2025-04-11T19:33:50Z,27.114466,-165.443926
2025-04-11T19:33:51Z,27.114468,-165.443933
2025-04-11T19:33:52Z,27.114471,-165.443941
2025-04-11T19:33:53Z,27.114473,-165.443949
2025-04-11T19:33:54Z,27.114476,-165.443957
2025-04-11T19:33:55Z,27.114476,-165.443963
2025-04-11T19:33:56Z,27.114475,-165.443968
2025-04-11T19:33:57Z,27.114473,-165.443973
2025-04-11T19:33:58Z,27.114471,-165.443978
2025-04-11T19:33:59Z,27.114470,-165.443983
2025-04-11T19:34:00Z,27.114468,-165.443989
2025-04-11T19:34:01Z,27.114467,-165.443994
2025-04-11T19:34:02Z,27.114465,-165.443997
2025-04-11T19:34:03Z,27.114464,-165.443998
2025-04-11T19:34:04Z,27.114463,-165.443999
2025-04-11T19:34:05Z,27.114461,-165.444000
2025-04-11T19:34:06Z,27.114460,-165.444001
2025-04-11T19:34:07Z,27.114459,-165.444002
2025-04-11T19:34:08Z,27.114458,-165.444003
2025-04-11T19:34:09Z,27.114455,-165.444001
2025-04-11T19:34:10Z,27.114451,-165.443995
2025-04-11T19:34:11Z,27.114447,-165.443989
2025-04-11T19:34:12Z,27.114443,-165.443984
2025-04-11T19:34:13Z,27.114439,-165.443978
2025-04-11T19:34:14Z,27.114435,-165.443972
2025-04-11T19:34:15Z,27.114431,-165.443966
2025-04-11T19:34:16Z,27.114430,-165.443963
2025-04-11T19:34:17Z,27.114432,-165.443963
2025-04-11T19:34:18Z,27.114434,-165.443963
2025-04-11T19:34:19Z,27.114435,-165.443963
2025-04-11T19:34:20Z,27.114437,-165.443964
2025-04-11T19:34:21Z,27.114439,-165.443964
2025-04-11T19:34:22Z,27.114441,-165.443964
2025-04-11T19:34:23Z,27.114443,-165.443966
2025-04-11T19:34:24Z,27.114448,-165.443972
2025-04-11T19:34:25Z,27.114452,-165.443978
2025-04-11T19:34:26Z,27.114456,-165.443984
2025-04-11T19:34:27Z,27.114460,-165.443990
2025-04-11T19:34:28Z,27.114464,-165.443996
2025-04-11T19:34:29Z,27.114468,-165.444001
2025-04-11T19:34:30Z,27.114469,-165.444007
2025-04-11T19:34:31Z,27.114460,-165.444013
2025-04-11T19:34:32Z,27.114452,-165.444019
2025-04-11T19:34:33Z,27.114443,-165.444024
2025-04-11T19:34:34Z,27.114435,-165.444030
2025-04-11T19:34:35Z,27.114426,-165.444036
2025-04-11T19:34:36Z,27.114417,-165.444042
2025-04-11T19:34:37Z,27.114409,-165.444047
2025-04-11T19:34:38Z,27.114409,-165.444044
2025-04-11T19:34:39Z,27.114408,-165.444041
2025-04-11T19:34:40Z,27.114408,-165.444038
2025-04-11T19:34:41Z,27.114407,-165.444035
2025-04-11T19:34:42Z,27.114407,-165.444032
2025-04-11T19:34:43Z,27.114406,-165.444029
2025-04-11T19:34:44Z,27.114406,-165.444026
2025-04-11T19:34:45Z,27.114413,-165.444023
2025-04-11T19:34:46Z,27.114419,-165.444020
2025-04-11T19:34:47Z,27.114426,-165.444018
2025-04-11T19:34:48Z,27.114433,-165.444015
2025-04-11T19:34:49Z,27.114439,-165.444012
2025-04-11T19:34:50Z,27.114446,-165.444009
2025-04-11T19:34:51Z,27.114453,-165.444007
2025-04-11T19:34:52Z,27.114446,-165.444005
2025-04-11T19:34:53Z,27.114435,-165.444004
2025-04-11T19:34:54Z,27.114425,-165.444004
2025-04-11T19:34:55Z,27.114414,-165.444003
2025-04-11T19:34:56Z,27.114404,-165.444002
2025-04-11T19:34:57Z,27.114394,-165.444001
2025-04-11T19:34:58Z,27.114383,-165.444000
2025-04-11T19:34:59Z,27.114379,-165.444001
2025-04-11T19:35:00Z,27.114377,-165.444003
2025-04-11T19:35:01Z,27.114375,-165.444005
2025-04-11T19:35:02Z,27.114373,-165.444007
2025-04-11T19:35:03Z,27.114371,-165.444009
2025-04-11T19:35:04Z,27.114369,-165.444011
2025-04-11T19:35:05Z,27.114367,-165.444013
2025-04-11T19:35:06Z,27.114375,-165.444010
2025-04-11T19:35:07Z,27.114387,-165.444006
2025-04-11T19:35:08Z,27.114399,-165.444002
2025-04-11T19:35:09Z,27.114412,-165.443998
2025-04-11T19:35:10Z,27.114424,-165.443994
2025-04-11T19:35:11Z,27.114436,-165.443990
2025-04-11T19:35:12Z,27.114448,-165.443987
2025-04-11T19:35:13Z,27.114454,-165.443982
2025-04-11T19:35:14Z,27.114450,-165.443978
2025-04-11T19:35:15Z,27.114446,-165.443973
2025-04-11T19:35:16Z,27.114441,-165.443968
2025-04-11T19:35:17Z,27.114437,-165.443963
2025-04-11T19:35:18Z,27.114433,-165.443959
2025-04-11T19:35:19Z,27.114428,-165.443954
2025-04-11T19:35:20Z,27.114425,-165.443949
2025-04-11T19:35:21Z,27.114424,-165.443945
2025-04-11T19:35:22Z,27.114423,-165.443940
2025-04-11T19:35:23Z,27.114421,-165.443936
2025-04-11T19:35:24Z,27.114420,-165.443931
2025-04-11T19:35:25Z,27.114418,-165.443927
2025-04-11T19:35:26Z,27.114417,-165.443922
2025-04-11T19:35:27Z,27.114417,-165.443919
2025-04-11T19:35:28Z,27.114418,-165.443919
2025-04-11T19:35:29Z,27.114420,-165.443919
2025-04-11T19:35:30Z,27.114422,-165.443919
2025-04-11T19:35:31Z,27.114423,-165.443920
2025-04-11T19:35:32Z,27.114425,-165.443920
2025-04-11T19:35:33Z,27.114427,-165.443920
2025-04-11T19:35:34Z,27.114428,-165.443920
2025-04-11T19:35:35Z,27.114429,-165.443923
2025-04-11T19:35:36Z,27.114430,-165.443925
2025-04-11T19:35:37Z,27.114432,-165.443927
2025-04-11T19:35:38Z,27.114433,-165.443929
2025-04-11T19:35:39Z,27.114434,-165.443932
2025-04-11T19:35:40Z,27.114435,-165.443934
2025-04-11T19:35:41Z,27.114436,-165.443936
2025-04-11T19:35:42Z,27.114433,-165.443935
2025-04-11T19:35:43Z,27.114430,-165.443935
2025-04-11T19:35:44Z,27.114427,-165.443934
2025-04-11T19:35:45Z,27.114423,-165.443934
2025-04-11T19:35:46Z,27.114420,-165.443933
2025-04-11T19:35:47Z,27.114417,-165.443933
2025-04-11T19:35:48Z,27.114414,-165.443932
2025-04-11T19:35:49Z,27.114411,-165.443931
2025-04-11T19:35:50Z,27.114408,-165.443930
2025-04-11T19:35:51Z,27.114405,-165.443929
2025-04-11T19:35:52Z,27.114403,-165.443928
2025-04-11T19:35:53Z,27.114400,-165.443927
2025-04-11T19:35:54Z,27.114397,-165.443925
2025-04-11T19:35:55Z,27.114394,-165.443924
2025-04-11T19:35:56Z,27.114393,-165.443924
2025-04-11T19:35:57Z,27.114393,-165.443924
2025-04-11T19:35:58Z,27.114393,-165.443924
2025-04-11T19:35:59Z,27.114393,-165.443923
2025-04-11T19:36:00Z,27.114393,-165.443923
2025-04-11T19:36:01Z,27.114393,-165.443923
2025-04-11T19:36:02Z,27.114393,-165.443923
2025-04-11T19:36:03Z,27.114390,-165.443925
2025-04-11T19:36:04Z,27.114384,-165.443931
2025-04-11T19:36:05Z,27.114377,-165.443936
2025-04-11T19:36:06Z,27.114371,-165.443941
2025-04-11T19:36:07Z,27.114365,-165.443947
2025-04-11T19:36:08Z,27.114358,-165.443952
2025-04-11T19:36:09Z,27.114352,-165.443957
2025-04-11T19:36:10Z,27.114346,-165.443962
2025-04-11T19:36:11Z,27.114342,-165.443959
2025-04-11T19:36:12Z,27.114338,-165.443957
2025-04-11T19:36:13Z,27.114334,-165.443955
2025-04-11T19:36:14Z,27.114330,-165.443952
2025-04-11T19:36:15Z,27.114326,-165.443950
2025-04-11T19:36:16Z,27.114322,-165.443947
2025-04-11T19:36:17Z,27.114318,-165.443945
2025-04-11T19:36:18Z,27.114334,-165.443938
2025-04-11T19:36:19Z,27.114349,-165.443930
2025-04-11T19:36:20Z,27.114364,-165.443923
2025-04-11T19:36:21Z,27.114380,-165.443916
2025-04-11T19:36:22Z,27.114395,-165.443909
2025-04-11T19:36:23Z,27.114410,-165.443902
2025-04-11T19:36:24Z,27.114426,-165.443895
2025-04-11T19:36:25Z,27.114429,-165.443891
2025-04-11T19:36:26Z,27.114431,-165.443888
2025-04-11T19:36:27Z,27.114433,-165.443885
2025-04-11T19:36:28Z,27.114435,-165.443882
2025-04-11T19:36:29Z,27.114436,-165.443879
2025-04-11T19:36:30Z,27.114438,-165.443876
2025-04-11T19:36:31Z,27.114440,-165.443873
2025-04-11T19:36:32Z,27.114439,-165.443872
2025-04-11T19:36:33Z,27.114435,-165.443871
2025-04-11T19:36:34Z,27.114432,-165.443870
2025-04-11T19:36:35Z,27.114428,-165.443869
2025-04-11T19:36:36Z,27.114425,-165.443869
2025-04-11T19:36:37Z,27.114421,-165.443868
2025-04-11T19:36:38Z,27.114418,-165.443867
2025-04-11T19:36:39Z,27.114416,-165.443868
2025-04-11T19:36:40Z,27.114415,-165.443869
2025-04-11T19:36:41Z,27.114414,-165.443870
2025-04-11T19:36:42Z,27.114413,-165.443871
2025-04-11T19:36:43Z,27.114412,-165.443872
2025-04-11T19:36:44Z,27.114412,-165.443873
2025-04-11T19:36:45Z,27.114411,-165.443874
2025-04-11T19:36:46Z,27.114411,-165.443874
2025-04-11T19:36:47Z,27.114415,-165.443869
2025-04-11T19:36:48Z,27.114420,-165.443864
2025-04-11T19:36:49Z,27.114425,-165.443858
2025-04-11T19:36:50Z,27.114430,-165.443853
2025-04-11T19:36:51Z,27.114435,-165.443848
2025-04-11T19:36:52Z,27.114439,-165.443842
2025-04-11T19:36:53Z,27.114444,-165.443837
2025-04-11T19:36:54Z,27.114441,-165.443839
2025-04-11T19:36:55Z,27.114437,-165.443840
2025-04-11T19:36:56Z,27.114434,-165.443842
2025-04-11T19:36:57Z,27.114431,-165.443843
2025-04-11T19:36:58Z,27.114427,-165.443845
2025-04-11T19:36:59Z,27.114424,-165.443847
2025-04-11T19:37:00Z,27.114421,-165.443848
2025-04-11T19:37:01Z,27.114415,-165.443850
2025-04-11T19:37:02Z,27.114407,-165.443851
2025-04-11T19:37:03Z,27.114399,-165.443852
2025-04-11T19:37:04Z,27.114391,-165.443853
2025-04-11T19:37:05Z,27.114384,-165.443854
2025-04-11T19:37:06Z,27.114376,-165.443855
2025-04-11T19:37:07Z,27.114368,-165.443857
2025-04-11T19:37:08Z,27.114363,-165.443860
2025-04-11T19:37:09Z,27.114360,-165.443865
2025-04-11T19:37:10Z,27.114358,-165.443870
2025-04-11T19:37:11Z,27.114355,-165.443875
2025-04-11T19:37:12Z,27.114352,-165.443879
2025-04-11T19:37:13Z,27.114349,-165.443884
2025-04-11T19:37:14Z,27.114346,-165.443889
2025-04-11T19:37:15Z,27.114349,-165.443887
2025-04-11T19:37:16Z,27.114356,-165.443880
2025-04-11T19:37:17Z,27.114364,-165.443873
2025-04-11T19:37:18Z,27.114371,-165.443867
2025-04-11T19:37:19Z,27.114378,-165.443860
2025-04-11T19:37:20Z,27.114385,-165.443853
2025-04-11T19:37:21Z,27.114392,-165.443846
2025-04-11T19:37:22Z,27.114397,-165.443841
2025-04-11T19:37:23Z,27.114394,-165.443840
2025-04-11T19:37:24Z,27.114391,-165.443840
2025-04-11T19:37:25Z,27.114388,-165.443840
2025-04-11T19:37:26Z,27.114385,-165.443839
2025-04-11T19:37:27Z,27.114382,-165.443839
2025-04-11T19:37:28Z,27.114380,-165.443838
2025-04-11T19:37:29Z,27.114375,-165.443838
2025-04-11T19:37:30Z,27.114365,-165.443840
2025-04-11T19:37:31Z,27.114355,-165.443843
2025-04-11T19:37:32Z,27.114345,-165.443845
2025-04-11T19:37:33Z,27.114335,-165.443847
2025-04-11T19:37:34Z,27.114324,-165.443849
2025-04-11T19:37:35Z,27.114314,-165.443851
2025-04-11T19:37:36Z,27.114304,-165.443853
2025-04-11T19:37:37Z,27.114303,-165.443854
2025-04-11T19:37:38Z,27.114308,-165.443853
2025-04-11T19:37:39Z,27.114313,-165.443852
2025-04-11T19:37:40Z,27.114318,-165.443851
2025-04-11T19:37:41Z,27.114323,-165.443851
2025-04-11T19:37:42Z,27.114328,-165.443850
2025-04-11T19:37:43Z,27.114334,-165.443849
2025-04-11T19:37:44Z,27.114337,-165.443848
2025-04-11T19:37:45Z,27.114339,-165.443846
2025-04-11T19:37:46Z,27.114341,-165.443845
2025-04-11T19:37:47Z,27.114343,-165.443843
2025-04-11T19:37:48Z,27.114345,-165.443841
2025-04-11T19:37:49Z,27.114347,-165.443840
2025-04-11T19:37:50Z,27.114350,-165.443838
2025-04-11T19:37:51Z,27.114352,-165.443836
2025-04-11T19:37:52Z,27.114355,-165.443833
2025-04-11T19:37:53Z,27.114359,-165.443830
2025-04-11T19:37:54Z,27.114362,-165.443827
2025-04-11T19:37:55Z,27.114365,-165.443824
2025-04-11T19:37:56Z,27.114368,-165.443821
2025-04-11T19:37:57Z,27.114371,-165.443818
2025-04-11T19:37:58Z,27.114373,-165.443816
2025-04-11T19:37:59Z,27.114370,-165.443815
2025-04-11T19:38:00Z,27.114367,-165.443813
2025-04-11T19:38:01Z,27.114364,-165.443812
2025-04-11T19:38:02Z,27.114361,-165.443811
2025-04-11T19:38:03Z,27.114358,-165.443809
2025-04-11T19:38:04Z,27.114355,-165.443808
2025-04-11T19:38:05Z,27.114351,-165.443807
2025-04-11T19:38:06Z,27.114346,-165.443807
2025-04-11T19:38:07Z,27.114341,-165.443806
2025-04-11T19:38:08Z,27.114335,-165.443806
2025-04-11T19:38:09Z,27.114330,-165.443806
2025-04-11T19:38:10Z,27.114325,-165.443806
2025-04-11T19:38:11Z,27.114319,-165.443805
2025-04-11T19:38:12Z,27.114314,-165.443805
2025-04-11T19:38:13Z,27.114311,-165.443804
2025-04-11T19:38:14Z,27.114309,-165.443802
2025-04-11T19:38:15Z,27.114308,-165.443800
2025-04-11T19:38:16Z,27.114306,-165.443799
2025-04-11T19:38:17Z,27.114304,-165.443797
2025-04-11T19:38:18Z,27.114302,-165.443795
2025-04-11T19:38:19Z,27.114300,-165.443794
2025-04-11T19:38:20Z,27.114301,-165.443795
2025-04-11T19:38:21Z,27.114305,-165.443799
2025-04-11T19:38:22Z,27.114310,-165.443804
2025-04-11T19:38:23Z,27.114314,-165.443808
2025-04-11T19:38:24Z,27.114319,-165.443813
2025-04-11T19:38:25Z,27.114323,-165.443817
2025-04-11T19:38:26Z,27.114327,-165.443821
2025-04-11T19:38:27Z,27.114331,-165.443823
2025-04-11T19:38:28Z,27.114335,-165.443820
2025-04-11T19:38:29Z,27.114338,-165.443816
2025-04-11T19:38:30Z,27.114341,-165.443813
2025-04-11T19:38:31Z,27.114345,-165.443810
2025-04-11T19:38:32Z,27.114348,-165.443807
2025-04-11T19:38:33Z,27.114352,-165.443803
2025-04-11T19:38:34Z,27.114355,-165.443800
2025-04-11T19:38:35Z,27.114356,-165.443805
2025-04-11T19:38:36Z,27.114358,-165.443810
2025-04-11T19:38:37Z,27.114359,-165.443815
2025-04-11T19:38:38Z,27.114360,-165.443820
2025-04-11T19:38:39Z,27.114362,-165.443825
2025-04-11T19:38:40Z,27.114363,-165.443830
2025-04-11T19:38:41Z,27.114365,-165.443835
2025-04-11T19:38:42Z,27.114363,-165.443829
2025-04-11T19:38:43Z,27.114359,-165.443817
2025-04-11T19:38:44Z,27.114356,-165.443806
2025-04-11T19:38:45Z,27.114352,-165.443794
2025-04-11T19:38:46Z,27.114349,-165.443782
2025-04-11T19:38:47Z,27.114346,-165.443770
2025-04-11T19:38:48Z,27.114342,-165.443759
2025-04-11T19:38:49Z,27.114338,-165.443754
2025-04-11T19:38:50Z,27.114333,-165.443763
2025-04-11T19:38:51Z,27.114327,-165.443771
2025-04-11T19:38:52Z,27.114322,-165.443780
2025-04-11T19:38:53Z,27.114317,-165.443789
2025-04-11T19:38:54Z,27.114311,-165.443797
2025-04-11T19:38:55Z,27.114306,-165.443806
2025-04-11T19:38:56Z,27.114301,-165.443815
2025-04-11T19:38:57Z,27.114304,-165.443825
2025-04-11T19:38:58Z,27.114306,-165.443836
2025-04-11T19:38:59Z,27.114308,-165.443846
2025-04-11T19:39:00Z,27.114311,-165.443857
2025-04-11T19:39:01Z,27.114313,-165.443867
2025-04-11T19:39:02Z,27.114316,-165.443878
2025-04-11T19:39:03Z,27.114318,-165.443888
2025-04-11T19:39:04Z,27.114316,-165.443886
2025-04-11T19:39:05Z,27.114312,-165.443878
2025-04-11T19:39:06Z,27.114308,-165.443870
2025-04-11T19:39:07Z,27.114304,-165.443863
2025-04-11T19:39:08Z,27.114301,-165.443855
2025-04-11T19:39:09Z,27.114297,-165.443848
2025-04-11T19:39:10Z,27.114293,-165.443840
2025-04-11T19:39:11Z,27.114291,-165.443835
2025-04-11T19:39:12Z,27.114294,-165.443834
2025-04-11T19:39:13Z,27.114298,-165.443834
2025-04-11T19:39:14Z,27.114301,-165.443833
2025-04-11T19:39:15Z,27.114305,-165.443833
2025-04-11T19:39:16Z,27.114308,-165.443832
2025-04-11T19:39:17Z,27.114311,-165.443831
2025-04-11T19:39:18Z,27.114314,-165.443830
2025-04-11T19:39:19Z,27.114316,-165.443825
2025-04-11T19:39:20Z,27.114318,-165.443820
2025-04-11T19:39:21Z,27.114320,-165.443814
2025-04-11T19:39:22Z,27.114322,-165.443809
2025-04-11T19:39:23Z,27.114323,-165.443804
2025-04-11T19:39:24Z,27.114325,-165.443799
2025-04-11T19:39:25Z,27.114327,-165.443794
2025-04-11T19:39:26Z,27.114321,-165.443795
2025-04-11T19:39:27Z,27.114314,-165.443796
2025-04-11T19:39:28Z,27.114308,-165.443797
2025-04-11T19:39:29Z,27.114301,-165.443798
2025-04-11T19:39:30Z,27.114295,-165.443799
2025-04-11T19:39:31Z,27.114288,-165.443800
2025-04-11T19:39:32Z,27.114282,-165.443801
2025-04-11T19:39:33Z,27.114280,-165.443801
2025-04-11T19:39:34Z,27.114282,-165.443801
2025-04-11T19:39:35Z,27.114284,-165.443800
2025-04-11T19:39:36Z,27.114286,-165.443800
2025-04-11T19:39:37Z,27.114288,-165.443800
2025-04-11T19:39:38Z,27.114290,-165.443799
2025-04-11T19:39:39Z,27.114292,-165.443799
2025-04-11T19:39:40Z,27.114293,-165.443801
2025-04-11T19:39:41Z,27.114293,-165.443805
2025-04-11T19:39:42Z,27.114293,-165.443810
2025-04-11T19:39:43Z,27.114293,-165.443815
2025-04-11T19:39:44Z,27.114294,-165.443819
2025-04-11T19:39:45Z,27.114294,-165.443824
2025-04-11T19:39:46Z,27.114294,-165.443829
2025-04-11T19:39:47Z,27.114294,-165.443833
2025-04-11T19:39:48Z,27.114297,-165.443824
2025-04-11T19:39:49Z,27.114300,-165.443814
2025-04-11T19:39:50Z,27.114303,-165.443805
2025-04-11T19:39:51Z,27.114306,-165.443796
2025-04-11T19:39:52Z,27.114309,-165.443787
2025-04-11T19:39:53Z,27.114312,-165.443778
2025-04-11T19:39:54Z,27.114315,-165.443769
2025-04-11T19:39:55Z,27.114318,-165.443766
2025-04-11T19:39:56Z,27.114321,-165.443766
2025-04-11T19:39:57Z,27.114323,-165.443766
2025-04-11T19:39:58Z,27.114326,-165.443767
2025-04-11T19:39:59Z,27.114329,-165.443767
2025-04-11T19:40:00Z,27.114332,-165.443767
2025-04-11T19:40:01Z,27.114335,-165.443767
2025-04-11T19:40:02Z,27.114336,-165.443769
2025-04-11T19:40:03Z,27.114336,-165.443773
2025-04-11T19:40:04Z,27.114336,-165.443777
2025-04-11T19:40:05Z,27.114336,-165.443782
2025-04-11T19:40:06Z,27.114335,-165.443786
2025-04-11T19:40:07Z,27.114335,-165.443790
2025-04-11T19:40:08Z,27.114335,-165.443794
2025-04-11T19:40:09Z,27.114334,-165.443797
2025-04-11T19:40:10Z,27.114323,-165.443789
2025-04-11T19:40:11Z,27.114312,-165.443781
2025-04-11T19:40:12Z,27.114301,-165.443773
2025-04-11T19:40:13Z,27.114290,-165.443765
2025-04-11T19:40:14Z,27.114279,-165.443758
2025-04-11T19:40:15Z,27.114268,-165.443750
2025-04-11T19:40:16Z,27.114257,-165.443742
2025-04-11T19:40:17Z,27.114258,-165.443747
2025-04-11T19:40:18Z,27.114261,-165.443756
2025-04-11T19:40:19Z,27.114265,-165.443765
2025-04-11T19:40:20Z,27.114268,-165.443774
2025-04-11T19:40:21Z,27.114272,-165.443783
2025-04-11T19:40:22Z,27.114276,-165.443792
2025-04-11T19:40:23Z,27.114279,-165.443801
2025-04-11T19:40:24Z,27.114280,-165.443805
2025-04-11T19:40:25Z,27.114277,-165.443801
2025-04-11T19:40:26Z,27.114274,-165.443798
2025-04-11T19:40:27Z,27.114272,-165.443795
2025-04-11T19:40:28Z,27.114269,-165.443791
2025-04-11T19:40:29Z,27.114266,-165.443788
2025-04-11T19:40:30Z,27.114263,-165.443785
2025-04-11T19:40:31Z,27.114260,-165.443782
2025-04-11T19:40:32Z,27.114252,-165.443785
2025-04-11T19:40:33Z,27.114245,-165.443788
2025-04-11T19:40:34Z,27.114237,-165.443791
2025-04-11T19:40:35Z,27.114229,-165.443794
2025-04-11T19:40:36Z,27.114221,-165.443796
2025-04-11T19:40:37Z,27.114214,-165.443799
2025-04-11T19:40:38Z,27.114206,-165.443802
2025-04-11T19:40:39Z,27.114211,-165.443797
2025-04-11T19:40:40Z,27.114216,-165.443792
2025-04-11T19:40:41Z,27.114221,-165.443786
2025-04-11T19:40:42Z,27.114226,-165.443781
2025-04-11T19:40:43Z,27.114231,-165.443776
2025-04-11T19:40:44Z,27.114236,-165.443771
2025-04-11T19:40:45Z,27.114240,-165.443766
2025-04-11T19:40:46Z,27.114244,-165.443763
2025-04-11T19:40:47Z,27.114248,-165.443762
2025-04-11T19:40:48Z,27.114252,-165.443761
2025-04-11T19:40:49Z,27.114255,-165.443761
2025-04-11T19:40:50Z,27.114259,-165.443760
2025-04-11T19:40:51Z,27.114263,-165.443759
2025-04-11T19:40:52Z,27.114266,-165.443758
2025-04-11T19:40:53Z,27.114270,-165.443756
2025-04-11T19:40:54Z,27.114274,-165.443753
2025-04-11T19:40:55Z,27.114279,-165.443749
2025-04-11T19:40:56Z,27.114283,-165.443746
2025-04-11T19:40:57Z,27.114287,-165.443743
2025-04-11T19:40:58Z,27.114292,-165.443739
2025-04-11T19:40:59Z,27.114296,-165.443736
2025-04-11T19:41:00Z,27.114300,-165.443733
2025-04-11T19:41:01Z,27.114300,-165.443733
2025-04-11T19:41:02Z,27.114300,-165.443734
2025-04-11T19:41:03Z,27.114300,-165.443734
2025-04-11T19:41:04Z,27.114300,-165.443734
2025-04-11T19:41:05Z,27.114300,-165.443734
2025-04-11T19:41:06Z,27.114300,-165.443735
2025-04-11T19:41:07Z,27.114300,-165.443735
2025-04-11T19:41:08Z,27.114291,-165.443742
2025-04-11T19:41:09Z,27.114280,-165.443753
2025-04-11T19:41:10Z,27.114268,-165.443763
2025-04-11T19:41:11Z,27.114257,-165.443773
2025-04-11T19:41:12Z,27.114245,-165.443783
2025-04-11T19:41:13Z,27.114233,-165.443793
2025-04-11T19:41:14Z,27.114222,-165.443804
2025-04-11T19:41:15Z,27.114210,-165.443814
2025-04-11T19:41:16Z,27.114214,-165.443799
2025-04-11T19:41:17Z,27.114218,-165.443784
2025-04-11T19:41:18Z,27.114222,-165.443769
2025-04-11T19:41:19Z,27.114226,-165.443754
2025-04-11T19:41:20Z,27.114231,-165.443739
2025-04-11T19:41:21Z,27.114235,-165.443724
2025-04-11T19:41:22Z,27.114239,-165.443709
2025-04-11T19:41:23Z,27.114238,-165.443711
2025-04-11T19:41:24Z,27.114236,-165.443714
2025-04-11T19:41:25Z,27.114235,-165.443717
2025-04-11T19:41:26Z,27.114234,-165.443720
2025-04-11T19:41:27Z,27.114232,-165.443724
2025-04-11T19:41:28Z,27.114231,-165.443727
2025-04-11T19:41:29Z,27.114229,-165.443730
2025-04-11T19:41:30Z,27.114233,-165.443732
2025-04-11T19:41:31Z,27.114239,-165.443734
2025-04-11T19:41:32Z,27.114245,-165.443736
2025-04-11T19:41:33Z,27.114252,-165.443738
2025-04-11T19:41:34Z,27.114258,-165.443740
2025-04-11T19:41:35Z,27.114264,-165.443742
2025-04-11T19:41:36Z,27.114270,-165.443744
2025-04-11T19:41:37Z,27.114276,-165.443746
2025-04-11T19:41:38Z,27.114276,-165.443746
2025-04-11T19:41:39Z,27.114277,-165.443746
2025-04-11T19:41:40Z,27.114277,-165.443746
2025-04-11T19:41:41Z,27.114278,-165.443745
2025-04-11T19:41:42Z,27.114278,-165.443745
2025-04-11T19:41:43Z,27.114278,-165.443745
2025-04-11T19:41:44Z,27.114279,-165.443745
2025-04-11T19:41:45Z,27.114276,-165.443749
2025-04-11T19:41:46Z,27.114272,-165.443754
2025-04-11T19:41:47Z,27.114268,-165.443758
2025-04-11T19:41:48Z,27.114264,-165.443763
2025-04-11T19:41:49Z,27.114260,-165.443768
2025-04-11T19:41:50Z,27.114255,-165.443773
2025-04-11T19:41:51Z,27.114251,-165.443778
2025-04-11T19:41:52Z,27.114249,-165.443783
2025-04-11T19:41:53Z,27.114248,-165.443787
2025-04-11T19:41:54Z,27.114248,-165.443791
2025-04-11T19:41:55Z,27.114247,-165.443795
2025-04-11T19:41:56Z,27.114247,-165.443799
2025-04-11T19:41:57Z,27.114246,-165.443804
2025-04-11T19:41:58Z,27.114246,-165.443808
2025-04-11T19:41:59Z,27.114245,-165.443812
2025-04-11T19:42:00Z,27.114245,-165.443810
2025-04-11T19:42:01Z,27.114245,-165.443807
2025-04-11T19:42:02Z,27.114245,-165.443805
2025-04-11T19:42:03Z,27.114246,-165.443803
2025-04-11T19:42:04Z,27.114246,-165.443800
2025-04-11T19:42:05Z,27.114246,-165.443798
2025-04-11T19:42:06Z,27.114246,-165.443796
2025-04-11T19:42:07Z,27.114244,-165.443789
2025-04-11T19:42:08Z,27.114241,-165.443779
2025-04-11T19:42:09Z,27.114237,-165.443768
2025-04-11T19:42:10Z,27.114234,-165.443758
2025-04-11T19:42:11Z,27.114230,-165.443748
2025-04-11T19:42:12Z,27.114227,-165.443738
2025-04-11T19:42:13Z,27.114224,-165.443728
2025-04-11T19:42:14Z,27.114220,-165.443718
2025-04-11T19:42:15Z,27.114227,-165.443713
2025-04-11T19:42:16Z,27.114234,-165.443709
2025-04-11T19:42:17Z,27.114241,-165.443704
2025-04-11T19:42:18Z,27.114249,-165.443700
2025-04-11T19:42:19Z,27.114256,-165.443695
2025-04-11T19:42:20Z,27.114263,-165.443691
2025-04-11T19:42:21Z,27.114271,-165.443686
2025-04-11T19:42:22Z,27.114277,-165.443688
2025-04-11T19:42:23Z,27.114282,-165.443692
2025-04-11T19:42:24Z,27.114287,-165.443696
2025-04-11T19:42:25Z,27.114292,-165.443700
2025-04-11T19:42:26Z,27.114297,-165.443704
2025-04-11T19:42:27Z,27.114303,-165.443708
2025-04-11T19:42:28Z,27.114308,-165.443712
2025-04-11T19:42:29Z,27.114313,-165.443716
2025-04-11T19:42:30Z,27.114310,-165.443716
2025-04-11T19:42:31Z,27.114306,-165.443717
2025-04-11T19:42:32Z,27.114303,-165.443717
2025-04-11T19:42:33Z,27.114300,-165.443717
2025-04-11T19:42:34Z,27.114297,-165.443717
2025-04-11T19:42:35Z,27.114294,-165.443718
2025-04-11T19:42:36Z,27.114290,-165.443718
2025-04-11T19:42:37Z,27.114288,-165.443712
2025-04-11T19:42:38Z,27.114286,-165.443704
2025-04-11T19:42:39Z,27.114283,-165.443697
2025-04-11T19:42:40Z,27.114281,-165.443690
2025-04-11T19:42:41Z,27.114279,-165.443683
2025-04-11T19:42:42Z,27.114277,-165.443675
2025-04-11T19:42:43Z,27.114274,-165.443668
2025-04-11T19:42:44Z,27.114274,-165.443666
2025-04-11T19:42:45Z,27.114275,-165.443671
2025-04-11T19:42:46Z,27.114277,-165.443675
2025-04-11T19:42:47Z,27.114278,-165.443680
2025-04-11T19:42:48Z,27.114280,-165.443684
2025-04-11T19:42:49Z,27.114281,-165.443689
2025-04-11T19:42:50Z,27.114283,-165.443693
2025-04-11T19:42:51Z,27.114283,-165.443697
2025-04-11T19:42:52Z,27.114274,-165.443699
2025-04-11T19:42:53Z,27.114265,-165.443700
2025-04-11T19:42:54Z,27.114256,-165.443701
2025-04-11T19:42:55Z,27.114246,-165.443703
2025-04-11T19:42:56Z,27.114237,-165.443704
2025-04-11T19:42:57Z,27.114228,-165.443705
2025-04-11T19:42:58Z,27.114219,-165.443707
2025-04-11T19:42:59Z,27.114223,-165.443704
2025-04-11T19:43:00Z,27.114231,-165.443701
2025-04-11T19:43:01Z,27.114238,-165.443698
2025-04-11T19:43:02Z,27.114246,-165.443694
2025-04-11T19:43:03Z,27.114253,-165.443691
2025-04-11T19:43:04Z,27.114261,-165.443688
2025-04-11T19:43:05Z,27.114269,-165.443684
2025-04-11T19:43:06Z,27.114273,-165.443682
2025-04-11T19:43:07Z,27.114271,-165.443681
2025-04-11T19:43:08Z,27.114269,-165.443680
2025-04-11T19:43:09Z,27.114266,-165.443679
2025-04-11T19:43:10Z,27.114264,-165.443678
2025-04-11T19:43:11Z,27.114262,-165.443677
2025-04-11T19:43:12Z,27.114259,-165.443676
2025-04-11T19:43:13Z,27.114257,-165.443675
2025-04-11T19:43:14Z,27.114258,-165.443676
2025-04-11T19:43:15Z,27.114259,-165.443677
2025-04-11T19:43:16Z,27.114260,-165.443677
2025-04-11T19:43:17Z,27.114261,-165.443678
2025-04-11T19:43:18Z,27.114262,-165.443679
2025-04-11T19:43:19Z,27.114263,-165.443680
2025-04-11T19:43:20Z,27.114264,-165.443681
2025-04-11T19:43:21Z,27.114264,-165.443681
2025-04-11T19:43:22Z,27.114261,-165.443682
2025-04-11T19:43:23Z,27.114257,-165.443683
2025-04-11T19:43:24Z,27.114254,-165.443684
2025-04-11T19:43:25Z,27.114251,-165.443685
2025-04-11T19:43:26Z,27.114248,-165.443686
2025-04-11T19:43:27Z,27.114245,-165.443687
2025-04-11T19:43:28Z,27.114242,-165.443688
2025-04-11T19:43:29Z,27.114242,-165.443685
2025-04-11T19:43:30Z,27.114243,-165.443682
2025-04-11T19:43:31Z,27.114243,-165.443679
2025-04-11T19:43:32Z,27.114243,-165.443677
2025-04-11T19:43:33Z,27.114243,-165.443674
2025-04-11T19:43:34Z,27.114244,-165.443671
2025-04-11T19:43:35Z,27.114244,-165.443669
2025-04-11T19:43:36Z,27.114243,-165.443665
2025-04-11T19:43:37Z,27.114242,-165.443660
2025-04-11T19:43:38Z,27.114241,-165.443656
2025-04-11T19:43:39Z,27.114240,-165.443651
2025-04-11T19:43:40Z,27.114239,-165.443647
2025-04-11T19:43:41Z,27.114238,-165.443643
2025-04-11T19:43:42Z,27.114237,-165.443638
2025-04-11T19:43:43Z,27.114236,-165.443637
2025-04-11T19:43:44Z,27.114238,-165.443645
2025-04-11T19:43:45Z,27.114239,-165.443653
2025-04-11T19:43:46Z,27.114241,-165.443661
2025-04-11T19:43:47Z,27.114242,-165.443669
2025-04-11T19:43:48Z,27.114244,-165.443677
2025-04-11T19:43:49Z,27.114245,-165.443685
2025-04-11T19:43:50Z,27.114247,-165.443693
2025-04-11T19:43:51Z,27.114252,-165.443691
2025-04-11T19:43:52Z,27.114257,-165.443689
2025-04-11T19:43:53Z,27.114263,-165.443686
2025-04-11T19:43:54Z,27.114268,-165.443683
2025-04-11T19:43:55Z,27.114273,-165.443680
2025-04-11T19:43:56Z,27.114279,-165.443677
2025-04-11T19:43:57Z,27.114284,-165.443674
2025-04-11T19:43:58Z,27.114286,-165.443673
2025-04-11T19:43:59Z,27.114283,-165.443673
2025-04-11T19:44:00Z,27.114279,-165.443673
2025-04-11T19:44:01Z,27.114276,-165.443673
2025-04-11T19:44:02Z,27.114273,-165.443672
2025-04-11T19:44:03Z,27.114270,-165.443672
2025-04-11T19:44:04Z,27.114267,-165.443672
2025-04-11T19:44:05Z,27.114264,-165.443672
2025-04-11T19:44:06Z,27.114265,-165.443671
2025-04-11T19:44:07Z,27.114266,-165.443669
2025-04-11T19:44:08Z,27.114266,-165.443668
2025-04-11T19:44:09Z,27.114267,-165.443666
2025-04-11T19:44:10Z,27.114268,-165.443665
2025-04-11T19:44:11Z,27.114269,-165.443663
2025-04-11T19:44:12Z,27.114270,-165.443662
2025-04-11T19:44:13Z,27.114270,-165.443660
2025-04-11T19:44:14Z,27.114271,-165.443657
2025-04-11T19:44:15Z,27.114272,-165.443654
2025-04-11T19:44:16Z,27.114273,-165.443651
2025-04-11T19:44:17Z,27.114274,-165.443648
2025-04-11T19:44:18Z,27.114275,-165.443645
2025-04-11T19:44:19Z,27.114276,-165.443642
2025-04-11T19:44:20Z,27.114277,-165.443639
2025-04-11T19:44:21Z,27.114276,-165.443638
2025-04-11T19:44:22Z,27.114275,-165.443637
2025-04-11T19:44:23Z,27.114274,-165.443636
2025-04-11T19:44:24Z,27.114273,-165.443635
2025-04-11T19:44:25Z,27.114272,-165.443634
2025-04-11T19:44:26Z,27.114270,-165.443633
2025-04-11T19:44:27Z,27.114269,-165.443632
2025-04-11T19:44:28Z,27.114263,-165.443630
2025-04-11T19:44:29Z,27.114253,-165.443626
2025-04-11T19:44:30Z,27.114243,-165.443623
2025-04-11T19:44:31Z,27.114234,-165.443620
2025-04-11T19:44:32Z,27.114224,-165.443616
2025-04-11T19:44:33Z,27.114214,-165.443613
2025-04-11T19:44:34Z,27.114204,-165.443609
2025-04-11T19:44:35Z,27.114196,-165.443606
2025-04-11T19:44:36Z,27.114204,-165.443604
2025-04-11T19:44:37Z,27.114213,-165.443603
2025-04-11T19:44:38Z,27.114221,-165.443601
2025-04-11T19:44:39Z,27.114229,-165.443600
2025-04-11T19:44:40Z,27.114238,-165.443599
2025-04-11T19:44:41Z,27.114246,-165.443597
2025-04-11T19:44:42Z,27.114255,-165.443596
2025-04-11T19:44:43Z,27.114261,-165.443597
2025-04-11T19:44:44Z,27.114266,-165.443601
2025-04-11T19:44:45Z,27.114272,-165.443605
2025-04-11T19:44:46Z,27.114277,-165.443608
2025-04-11T19:44:47Z,27.114282,-165.443612
2025-04-11T19:44:48Z,27.114287,-165.443616
2025-04-11T19:44:49Z,27.114293,-165.443619
2025-04-11T19:44:50Z,27.114298,-165.443623
2025-04-11T19:44:51Z,27.114298,-165.443625
2025-04-11T19:44:52Z,27.114298,-165.443626
2025-04-11T19:44:53Z,27.114298,-165.443628
2025-04-11T19:44:54Z,27.114298,-165.443629
2025-04-11T19:44:55Z,27.114298,-165.443631
2025-04-11T19:44:56Z,27.114298,-165.443633
2025-04-11T19:44:57Z,27.114298,-165.443634
2025-04-11T19:44:58Z,27.114297,-165.443638
2025-04-11T19:44:59Z,27.114295,-165.443644
2025-04-11T19:45:00Z,27.114293,-165.443650
2025-04-11T19:45:01Z,27.114292,-165.443655
2025-04-11T19:45:02Z,27.114290,-165.443661
2025-04-11T19:45:03Z,27.114288,-165.443667
2025-04-11T19:45:04Z,27.114286,-165.443673
2025-04-11T19:45:05Z,27.114284,-165.443679
2025-04-11T19:45:06Z,27.114281,-165.443678
2025-04-11T19:45:07Z,27.114277,-165.443675
2025-04-11T19:45:08Z,27.114273,-165.443672
2025-04-11T19:45:09Z,27.114269,-165.443669
2025-04-11T19:45:10Z,27.114265,-165.443666
2025-04-11T19:45:11Z,27.114261,-165.443663
2025-04-11T19:45:12Z,27.114257,-165.443661
2025-04-11T19:45:13Z,27.114257,-165.443662
2025-04-11T19:45:14Z,27.114262,-165.443670
2025-04-11T19:45:15Z,27.114266,-165.443678
2025-04-11T19:45:16Z,27.114271,-165.443685
2025-04-11T19:45:17Z,27.114275,-165.443693
2025-04-11T19:45:18Z,27.114280,-165.443701
2025-04-11T19:45:19Z,27.114285,-165.443708
2025-04-11T19:45:20Z,27.114289,-165.443716
2025-04-11T19:45:21Z,27.114288,-165.443715
2025-04-11T19:45:22Z,27.114284,-165.443709
2025-04-11T19:45:23Z,27.114279,-165.443703
2025-04-11T19:45:24Z,27.114275,-165.443697
2025-04-11T19:45:25Z,27.114270,-165.443691
2025-04-11T19:45:26Z,27.114265,-165.443685
2025-04-11T19:45:27Z,27.114261,-165.443679
2025-04-11T19:45:28Z,27.114257,-165.443678
2025-04-11T19:45:29Z,27.114253,-165.443681
2025-04-11T19:45:30Z,27.114249,-165.443683
2025-04-11T19:45:31Z,27.114245,-165.443685
2025-04-11T19:45:32Z,27.114241,-165.443687
2025-04-11T19:45:33Z,27.114237,-165.443690
2025-04-11T19:45:34Z,27.114234,-165.443692
2025-04-11T19:45:35Z,27.114231,-165.443694
2025-04-11T19:45:36Z,27.114242,-165.443696
2025-04-11T19:45:37Z,27.114253,-165.443698
2025-04-11T19:45:38Z,27.114264,-165.443700
2025-04-11T19:45:39Z,27.114275,-165.443702
2025-04-11T19:45:40Z,27.114286,-165.443703
2025-04-11T19:45:41Z,27.114297,-165.443705
2025-04-11T19:45:42Z,27.114308,-165.443707
2025-04-11T19:45:43Z,27.114312,-165.443705
2025-04-11T19:45:44Z,27.114308,-165.443700
2025-04-11T19:45:45Z,27.114304,-165.443695
2025-04-11T19:45:46Z,27.114300,-165.443689
2025-04-11T19:45:47Z,27.114296,-165.443684
2025-04-11T19:45:48Z,27.114292,-165.443678
2025-04-11T19:45:49Z,27.114288,-165.443673
2025-04-11T19:45:50Z,27.114284,-165.443668
2025-04-11T19:45:51Z,27.114283,-165.443671
2025-04-11T19:45:52Z,27.114282,-165.443674
2025-04-11T19:45:53Z,27.114282,-165.443677
2025-04-11T19:45:54Z,27.114281,-165.443680
2025-04-11T19:45:55Z,27.114280,-165.443683
2025-04-11T19:45:56Z,27.114279,-165.443686
2025-04-11T19:45:57Z,27.114278,-165.443688
2025-04-11T19:45:58Z,27.114277,-165.443692
2025-04-11T19:45:59Z,27.114275,-165.443697
2025-04-11T19:46:00Z,27.114273,-165.443702
2025-04-11T19:46:01Z,27.114272,-165.443707
2025-04-11T19:46:02Z,27.114270,-165.443712
2025-04-11T19:46:03Z,27.114268,-165.443717
2025-04-11T19:46:04Z,27.114266,-165.443722
2025-04-11T19:46:05Z,27.114264,-165.443727
2025-04-11T19:46:06Z,27.114271,-165.443723
2025-04-11T19:46:07Z,27.114278,-165.443720
2025-04-11T19:46:08Z,27.114285,-165.443716
2025-04-11T19:46:09Z,27.114292,-165.443712
2025-04-11T19:46:10Z,27.114300,-165.443708
2025-04-11T19:46:11Z,27.114307,-165.443704
2025-04-11T19:46:12Z,27.114314,-165.443700
2025-04-11T19:46:13Z,27.114319,-165.443696
2025-04-11T19:46:14Z,27.114320,-165.443692
2025-04-11T19:46:15Z,27.114321,-165.443688
2025-04-11T19:46:16Z,27.114322,-165.443683
2025-04-11T19:46:17Z,27.114323,-165.443679
2025-04-11T19:46:18Z,27.114325,-165.443675
2025-04-11T19:46:19Z,27.114326,-165.443671
2025-04-11T19:46:20Z,27.114327,-165.443666
2025-04-11T19:46:21Z,27.114320,-165.443674
2025-04-11T19:46:22Z,27.114313,-165.443683
2025-04-11T19:46:23Z,27.114305,-165.443692
2025-04-11T19:46:24Z,27.114298,-165.443701
2025-04-11T19:46:25Z,27.114290,-165.443709
2025-04-11T19:46:26Z,27.114282,-165.443718
2025-04-11T19:46:27Z,27.114275,-165.443727
2025-04-11T19:46:28Z,27.114270,-165.443733
2025-04-11T19:46:29Z,27.114269,-165.443732
2025-04-11T19:46:30Z,27.114269,-165.443731
2025-04-11T19:46:31Z,27.114268,-165.443731
2025-04-11T19:46:32Z,27.114268,-165.443730
2025-04-11T19:46:33Z,27.114267,-165.443730
2025-04-11T19:46:34Z,27.114267,-165.443729
2025-04-11T19:46:35Z,27.114266,-165.443728
2025-04-11T19:46:36Z,27.114271,-165.443733
2025-04-11T19:46:37Z,27.114278,-165.443740
2025-04-11T19:46:38Z,27.114286,-165.443748
2025-04-11T19:46:39Z,27.114294,-165.443755
2025-04-11T19:46:40Z,27.114302,-165.443763
2025-04-11T19:46:41Z,27.114309,-165.443771
2025-04-11T19:46:42Z,27.114317,-165.443778
2025-04-11T19:46:43Z,27.114324,-165.443786
2025-04-11T19:46:44Z,27.114321,-165.443791
2025-04-11T19:46:45Z,27.114318,-165.443797
2025-04-11T19:46:46Z,27.114316,-165.443802
2025-04-11T19:46:47Z,27.114313,-165.443807
2025-04-11T19:46:48Z,27.114310,-165.443813
2025-04-11T19:46:49Z,27.114308,-165.443818
2025-04-11T19:46:50Z,27.114305,-165.443824
2025-04-11T19:46:51Z,27.114303,-165.443825
2025-04-11T19:46:52Z,27.114302,-165.443823
2025-04-11T19:46:53Z,27.114300,-165.443822
2025-04-11T19:46:54Z,27.114299,-165.443820
2025-04-11T19:46:55Z,27.114297,-165.443819
2025-04-11T19:46:56Z,27.114296,-165.443817
2025-04-11T19:46:57Z,27.114294,-165.443815
2025-04-11T19:46:58Z,27.114293,-165.443813
2025-04-11T19:46:59Z,27.114292,-165.443802
2025-04-11T19:47:00Z,27.114291,-165.443792
2025-04-11T19:47:01Z,27.114289,-165.443781
2025-04-11T19:47:02Z,27.114288,-165.443770
2025-04-11T19:47:03Z,27.114287,-165.443759
2025-04-11T19:47:04Z,27.114286,-165.443748
2025-04-11T19:47:05Z,27.114285,-165.443737
2025-04-11T19:47:06Z,27.114283,-165.443740
2025-04-11T19:47:07Z,27.114281,-165.443756
2025-04-11T19:47:08Z,27.114278,-165.443772
2025-04-11T19:47:09Z,27.114276,-165.443789
2025-04-11T19:47:10Z,27.114274,-165.443805
2025-04-11T19:47:11Z,27.114272,-165.443821
2025-04-11T19:47:12Z,27.114270,-165.443837
2025-04-11T19:47:13Z,27.114267,-165.443853
2025-04-11T19:47:14Z,27.114261,-165.443852
2025-04-11T19:47:15Z,27.114253,-165.443848
2025-04-11T19:47:16Z,27.114245,-165.443843
2025-04-11T19:47:17Z,27.114238,-165.443839
2025-04-11T19:47:18Z,27.114230,-165.443834
2025-04-11T19:47:19Z,27.114222,-165.443830
2025-04-11T19:47:20Z,27.114215,-165.443825
2025-04-11T19:47:21Z,27.114208,-165.443822
2025-04-11T19:47:22Z,27.114206,-165.443820
2025-04-11T19:47:23Z,27.114203,-165.443819
2025-04-11T19:47:24Z,27.114200,-165.443818
2025-04-11T19:47:25Z,27.114197,-165.443816
2025-04-11T19:47:26Z,27.114195,-165.443815
2025-04-11T19:47:27Z,27.114192,-165.443814
2025-04-11T19:47:28Z,27.114189,-165.443813
2025-04-11T19:47:29Z,27.114189,-165.443815
2025-04-11T19:47:30Z,27.114190,-165.443820
2025-04-11T19:47:31Z,27.114191,-165.443825
2025-04-11T19:47:32Z,27.114192,-165.443830
2025-04-11T19:47:33Z,27.114193,-165.443836
2025-04-11T19:47:34Z,27.114194,-165.443841
2025-04-11T19:47:35Z,27.114195,-165.443846
2025-04-11T19:47:36Z,27.114196,-165.443851
2025-04-11T19:47:37Z,27.114199,-165.443847
2025-04-11T19:47:38Z,27.114203,-165.443843
2025-04-11T19:47:39Z,27.114206,-165.443839
2025-04-11T19:47:40Z,27.114209,-165.443834
2025-04-11T19:47:41Z,27.114213,-165.443830
2025-04-11T19:47:42Z,27.114216,-165.443826
2025-04-11T19:47:43Z,27.114219,-165.443822
2025-04-11T19:47:44Z,27.114226,-165.443825
2025-04-11T19:47:45Z,27.114237,-165.443836
2025-04-11T19:47:46Z,27.114248,-165.443848
2025-04-11T19:47:47Z,27.114259,-165.443859
2025-04-11T19:47:48Z,27.114270,-165.443870
2025-04-11T19:47:49Z,27.114281,-165.443881
2025-04-11T19:47:50Z,27.114292,-165.443892
2025-04-11T19:47:51Z,27.114303,-165.443904
2025-04-11T19:47:52Z,27.114307,-165.443905
2025-04-11T19:47:53Z,27.114310,-165.443904
2025-04-11T19:47:54Z,27.114313,-165.443903
2025-04-11T19:47:55Z,27.114316,-165.443902
2025-04-11T19:47:56Z,27.114319,-165.443902
2025-04-11T19:47:57Z,27.114322,-165.443901
2025-04-11T19:47:58Z,27.114325,-165.443900
2025-04-11T19:47:59Z,27.114324,-165.443897
2025-04-11T19:48:00Z,27.114312,-165.443888
2025-04-11T19:48:01Z,27.114300,-165.443880
2025-04-11T19:48:02Z,27.114289,-165.443871
2025-04-11T19:48:03Z,27.114277,-165.443863
2025-04-11T19:48:04Z,27.114265,-165.443854
2025-04-11T19:48:05Z,27.114254,-165.443846
2025-04-11T19:48:06Z,27.114242,-165.443837
2025-04-11T19:48:07Z,27.114241,-165.443834
2025-04-11T19:48:08Z,27.114243,-165.443831
2025-04-11T19:48:09Z,27.114246,-165.443829
2025-04-11T19:48:10Z,27.114248,-165.443827
2025-04-11T19:48:11Z,27.114250,-165.443825
2025-04-11T19:48:12Z,27.114253,-165.443823
2025-04-11T19:48:13Z,27.114255,-165.443821
2025-04-11T19:48:14Z,27.114258,-165.443819
2025-04-11T19:48:15Z,27.114261,-165.443823
2025-04-11T19:48:16Z,27.114264,-165.443828
2025-04-11T19:48:17Z,27.114267,-165.443832
2025-04-11T19:48:18Z,27.114270,-165.443837
2025-04-11T19:48:19Z,27.114273,-165.443841
2025-04-11T19:48:20Z,27.114276,-165.443846
2025-04-11T19:48:21Z,27.114279,-165.443850
2025-04-11T19:48:22Z,27.114275,-165.443852
2025-04-11T19:48:23Z,27.114263,-165.443850
2025-04-11T19:48:24Z,27.114250,-165.443848
2025-04-11T19:48:25Z,27.114237,-165.443845
2025-04-11T19:48:26Z,27.114224,-165.443843
2025-04-11T19:48:27Z,27.114212,-165.443841
2025-04-11T19:48:28Z,27.114199,-165.443839
2025-04-11T19:48:29Z,27.114186,-165.443837
2025-04-11T19:48:30Z,27.114181,-165.443841
2025-04-11T19:48:31Z,27.114179,-165.443848
2025-04-11T19:48:32Z,27.114176,-165.443855
2025-04-11T19:48:33Z,27.114174,-165.443862
2025-04-11T19:48:34Z,27.114171,-165.443869
2025-04-11T19:48:35Z,27.114169,-165.443876
2025-04-11T19:48:36Z,27.114166,-165.443883
2025-04-11T19:48:37Z,27.114164,-165.443890
2025-04-11T19:48:38Z,27.114171,-165.443882
2025-04-11T19:48:39Z,27.114177,-165.443874
2025-04-11T19:48:40Z,27.114184,-165.443866
2025-04-11T19:48:41Z,27.114190,-165.443858
2025-04-11T19:48:42Z,27.114197,-165.443850
2025-04-11T19:48:43Z,27.114203,-165.443842
2025-04-11T19:48:44Z,27.114209,-165.443834
2025-04-11T19:48:45Z,27.114210,-165.443832
2025-04-11T19:48:46Z,27.114209,-165.443833
2025-04-11T19:48:47Z,27.114209,-165.443833
2025-04-11T19:48:48Z,27.114208,-165.443833
2025-04-11T19:48:49Z,27.114207,-165.443834
2025-04-11T19:48:50Z,27.114206,-165.443834
2025-04-11T19:48:51Z,27.114205,-165.443835
2025-04-11T19:48:52Z,27.114204,-165.443835
2025-04-11T19:48:53Z,27.114210,-165.443841
2025-04-11T19:48:54Z,27.114217,-165.443848
2025-04-11T19:48:55Z,27.114224,-165.443854
2025-04-11T19:48:56Z,27.114231,-165.443861
2025-04-11T19:48:57Z,27.114237,-165.443868
2025-04-11T19:48:58Z,27.114244,-165.443874
2025-04-11T19:48:59Z,27.114251,-165.443881
2025-04-11T19:49:00Z,27.114255,-165.443877
2025-04-11T19:49:01Z,27.114256,-165.443858
2025-04-11T19:49:02Z,27.114258,-165.443839
2025-04-11T19:49:03Z,27.114259,-165.443820
2025-04-11T19:49:04Z,27.114260,-165.443801
2025-04-11T19:49:05Z,27.114261,-165.443781
2025-04-11T19:49:06Z,27.114262,-165.443762
2025-04-11T19:49:07Z,27.114263,-165.443743
2025-04-11T19:49:08Z,27.114265,-165.443747
2025-04-11T19:49:09Z,27.114267,-165.443759
2025-04-11T19:49:10Z,27.114270,-165.443771
2025-04-11T19:49:11Z,27.114272,-165.443784
2025-04-11T19:49:12Z,27.114274,-165.443796
2025-04-11T19:49:13Z,27.114277,-165.443808
2025-04-11T19:49:14Z,27.114279,-165.443820
2025-04-11T19:49:15Z,27.114281,-165.443830
2025-04-11T19:49:16Z,27.114279,-165.443835
2025-04-11T19:49:17Z,27.114278,-165.443841
2025-04-11T19:49:18Z,27.114276,-165.443846
2025-04-11T19:49:19Z,27.114274,-165.443851
2025-04-11T19:49:20Z,27.114273,-165.443856
2025-04-11T19:49:21Z,27.114271,-165.443861
2025-04-11T19:49:22Z,27.114270,-165.443866
2025-04-11T19:49:23Z,27.114269,-165.443871
2025-04-11T19:49:24Z,27.114270,-165.443876
2025-04-11T19:49:25Z,27.114270,-165.443882
2025-04-11T19:49:26Z,27.114270,-165.443887
2025-04-11T19:49:27Z,27.114271,-165.443892
2025-04-11T19:49:28Z,27.114271,-165.443897
2025-04-11T19:49:29Z,27.114272,-165.443902
2025-04-11T19:49:30Z,27.114272,-165.443907
2025-04-11T19:49:31Z,27.114276,-165.443905
2025-04-11T19:49:32Z,27.114281,-165.443902
2025-04-11T19:49:33Z,27.114287,-165.443898
2025-04-11T19:49:34Z,27.114292,-165.443895
2025-04-11T19:49:35Z,27.114297,-165.443891
2025-04-11T19:49:36Z,27.114302,-165.443888
2025-04-11T19:49:37Z,27.114307,-165.443884
2025-04-11T19:49:38Z,27.114311,-165.443882
2025-04-11T19:49:39Z,27.114302,-165.443893
2025-04-11T19:49:40Z,27.114293,-165.443905
2025-04-11T19:49:41Z,27.114283,-165.443917
2025-04-11T19:49:42Z,27.114274,-165.443928
2025-04-11T19:49:43Z,27.114265,-165.443940
2025-04-11T19:49:44Z,27.114255,-165.443952
2025-04-11T19:49:45Z,27.114246,-165.443963
2025-04-11T19:49:46Z,27.114241,-165.443968
2025-04-11T19:49:47Z,27.114243,-165.443960
2025-04-11T19:49:48Z,27.114246,-165.443953
2025-04-11T19:49:49Z,27.114249,-165.443945
2025-04-11T19:49:50Z,27.114251,-165.443937
2025-04-11T19:49:51Z,27.114254,-165.443929
2025-04-11T19:49:52Z,27.114256,-165.443921
2025-04-11T19:49:53Z,27.114259,-165.443913
2025-04-11T19:49:54Z,27.114267,-165.443910
2025-04-11T19:49:55Z,27.114278,-165.443911
2025-04-11T19:49:56Z,27.114289,-165.443912
2025-04-11T19:49:57Z,27.114301,-165.443913
2025-04-11T19:49:58Z,27.114312,-165.443914
2025-04-11T19:49:59Z,27.114323,-165.443914
2025-04-11T19:50:00Z,27.114334,-165.443915
2025-04-11T19:50:01Z,27.114346,-165.443916
2025-04-11T19:50:02Z,27.114346,-165.443916
2025-04-11T19:50:03Z,27.114346,-165.443916
2025-04-11T19:50:04Z,27.114346,-165.443916
2025-04-11T19:50:05Z,27.114345,-165.443916
2025-04-11T19:50:06Z,27.114345,-165.443916
2025-04-11T19:50:07Z,27.114345,-165.443916
2025-04-11T19:50:08Z,27.114345,-165.443916
2025-04-11T19:50:09Z,27.114343,-165.443916
2025-04-11T19:50:10Z,27.114337,-165.443915
2025-04-11T19:50:11Z,27.114332,-165.443914
2025-04-11T19:50:12Z,27.114326,-165.443913
2025-04-11T19:50:13Z,27.114320,-165.443913
2025-04-11T19:50:14Z,27.114315,-165.443912
2025-04-11T19:50:15Z,27.114309,-165.443911
2025-04-11T19:50:16Z,27.114304,-165.443910
2025-04-11T19:50:17Z,27.114296,-165.443913
2025-04-11T19:50:18Z,27.114287,-165.443918
2025-04-11T19:50:19Z,27.114278,-165.443923
2025-04-11T19:50:20Z,27.114269,-165.443928
2025-04-11T19:50:21Z,27.114259,-165.443933
2025-04-11T19:50:22Z,27.114250,-165.443938
2025-04-11T19:50:23Z,27.114241,-165.443944
2025-04-11T19:50:24Z,27.114232,-165.443949
2025-04-11T19:50:25Z,27.114240,-165.443946
2025-04-11T19:50:26Z,27.114250,-165.443942
2025-04-11T19:50:27Z,27.114260,-165.443939
2025-04-11T19:50:28Z,27.114269,-165.443936
2025-04-11T19:50:29Z,27.114279,-165.443932
2025-04-11T19:50:30Z,27.114289,-165.443929
2025-04-11T19:50:31Z,27.114299,-165.443926
2025-04-11T19:50:32Z,27.114306,-165.443924
2025-04-11T19:50:33Z,27.114305,-165.443929
2025-04-11T19:50:34Z,27.114304,-165.443934
2025-04-11T19:50:35Z,27.114303,-165.443939
2025-04-11T19:50:36Z,27.114302,-165.443944
2025-04-11T19:50:37Z,27.114301,-165.443949
2025-04-11T19:50:38Z,27.114300,-165.443954
2025-04-11T19:50:39Z,27.114299,-165.443959
2025-04-11T19:50:40Z,27.114296,-165.443960
2025-04-11T19:50:41Z,27.114292,-165.443957
2025-04-11T19:50:42Z,27.114288,-165.443954
2025-04-11T19:50:43Z,27.114284,-165.443951
2025-04-11T19:50:44Z,27.114279,-165.443948
2025-04-11T19:50:45Z,27.114275,-165.443944
2025-04-11T19:50:46Z,27.114271,-165.443941
2025-04-11T19:50:47Z,27.114267,-165.443938
2025-04-11T19:50:48Z,27.114257,-165.443941
2025-04-11T19:50:49Z,27.114244,-165.443947
2025-04-11T19:50:50Z,27.114231,-165.443953
2025-04-11T19:50:51Z,27.114219,-165.443959
2025-04-11T19:50:52Z,27.114206,-165.443965
2025-04-11T19:50:53Z,27.114194,-165.443971
2025-04-11T19:50:54Z,27.114181,-165.443977
2025-04-11T19:50:55Z,27.114169,-165.443983
2025-04-11T19:50:56Z,27.114185,-165.443976
2025-04-11T19:50:57Z,27.114201,-165.443969
2025-04-11T19:50:58Z,27.114217,-165.443963
2025-04-11T19:50:59Z,27.114233,-165.443956
2025-04-11T19:51:00Z,27.114249,-165.443949
2025-04-11T19:51:01Z,27.114265,-165.443942
2025-04-11T19:51:02Z,27.114281,-165.443935
2025-04-11T19:51:03Z,27.114294,-165.443929
2025-04-11T19:51:04Z,27.114293,-165.443927
2025-04-11T19:51:05Z,27.114293,-165.443924
2025-04-11T19:51:06Z,27.114292,-165.443921
2025-04-11T19:51:07Z,27.114292,-165.443918
2025-04-11T19:51:08Z,27.114291,-165.443915
2025-04-11T19:51:09Z,27.114291,-165.443912
2025-04-11T19:51:10Z,27.114290,-165.443909
2025-04-11T19:51:11Z,27.114284,-165.443911
2025-04-11T19:51:12Z,27.114274,-165.443916
2025-04-11T19:51:13Z,27.114264,-165.443921
2025-04-11T19:51:14Z,27.114254,-165.443926
2025-04-11T19:51:15Z,27.114245,-165.443931
2025-04-11T19:51:16Z,27.114235,-165.443936
2025-04-11T19:51:17Z,27.114225,-165.443941
2025-04-11T19:51:18Z,27.114216,-165.443946
2025-04-11T19:51:19Z,27.114213,-165.443941
2025-04-11T19:51:20Z,27.114210,-165.443936
2025-04-11T19:51:21Z,27.114207,-165.443931
2025-04-11T19:51:22Z,27.114205,-165.443926
2025-04-11T19:51:23Z,27.114202,-165.443922
2025-04-11T19:51:24Z,27.114199,-165.443917
2025-04-11T19:51:25Z,27.114196,-165.443912
2025-04-11T19:51:26Z,27.114195,-165.443909
2025-04-11T19:51:27Z,27.114199,-165.443914
2025-04-11T19:51:28Z,27.114203,-165.443918
2025-04-11T19:51:29Z,27.114207,-165.443923
2025-04-11T19:51:30Z,27.114211,-165.443927
2025-04-11T19:51:31Z,27.114215,-165.443932
2025-04-11T19:51:32Z,27.114220,-165.443937
2025-04-11T19:51:33Z,27.114224,-165.443941
2025-04-11T19:51:34Z,27.114225,-165.443944
2025-04-11T19:51:35Z,27.114224,-165.443943
2025-04-11T19:51:36Z,27.114222,-165.443942
2025-04-11T19:51:37Z,27.114221,-165.443941
2025-04-11T19:51:38Z,27.114219,-165.443939
2025-04-11T19:51:39Z,27.114218,-165.443938
2025-04-11T19:51:40Z,27.114216,-165.443937
2025-04-11T19:51:41Z,27.114215,-165.443936
2025-04-11T19:51:42Z,27.114211,-165.443937
2025-04-11T19:51:43Z,27.114204,-165.443938
2025-04-11T19:51:44Z,27.114198,-165.443939
2025-04-11T19:51:45Z,27.114191,-165.443940
2025-04-11T19:51:46Z,27.114185,-165.443941
2025-04-11T19:51:47Z,27.114179,-165.443942
2025-04-11T19:51:48Z,27.114172,-165.443943
2025-04-11T19:51:49Z,27.114166,-165.443944
2025-04-11T19:51:50Z,27.114172,-165.443947
2025-04-11T19:51:51Z,27.114184,-165.443951
2025-04-11T19:51:52Z,27.114196,-165.443955
2025-04-11T19:51:53Z,27.114208,-165.443959
2025-04-11T19:51:54Z,27.114220,-165.443962
2025-04-11T19:51:55Z,27.114232,-165.443966
2025-04-11T19:51:56Z,27.114244,-165.443970
2025-04-11T19:51:57Z,27.114256,-165.443972
2025-04-11T19:51:58Z,27.114274,-165.443949
2025-04-11T19:51:59Z,27.114291,-165.443926
2025-04-11T19:52:00Z,27.114308,-165.443903
2025-04-11T19:52:01Z,27.114326,-165.443880
2025-04-11T19:52:02Z,27.114343,-165.443856
2025-04-11T19:52:03Z,27.114360,-165.443833
2025-04-11T19:52:04Z,27.114378,-165.443810
2025-04-11T19:52:05Z,27.114390,-165.443793
2025-04-11T19:52:06Z,27.114377,-165.443806
2025-04-11T19:52:07Z,27.114364,-165.443818
2025-04-11T19:52:08Z,27.114351,-165.443831
2025-04-11T19:52:09Z,27.114338,-165.443843
2025-04-11T19:52:10Z,27.114324,-165.443856
2025-04-11T19:52:11Z,27.114311,-165.443868
2025-04-11T19:52:12Z,27.114298,-165.443881
2025-04-11T19:52:13Z,27.114286,-165.443892
2025-04-11T19:52:14Z,27.114274,-165.443902
2025-04-11T19:52:15Z,27.114262,-165.443912
2025-04-11T19:52:16Z,27.114250,-165.443921
2025-04-11T19:52:17Z,27.114238,-165.443931
2025-04-11T19:52:18Z,27.114226,-165.443941
2025-04-11T19:52:19Z,27.114214,-165.443951
2025-04-11T19:52:20Z,27.114202,-165.443961
2025-04-11T19:52:21Z,27.114192,-165.443970
2025-04-11T19:52:22Z,27.114183,-165.443978
2025-04-11T19:52:23Z,27.114174,-165.443986
2025-04-11T19:52:24Z,27.114165,-165.443994
2025-04-11T19:52:25Z,27.114157,-165.444002
2025-04-11T19:52:26Z,27.114148,-165.444010
2025-04-11T19:52:27Z,27.114139,-165.444019
2025-04-11T19:52:28Z,27.114130,-165.444027
2025-04-11T19:52:29Z,27.114145,-165.444021
2025-04-11T19:52:30Z,27.114160,-165.444015
2025-04-11T19:52:31Z,27.114176,-165.444009
2025-04-11T19:52:32Z,27.114191,-165.444004
2025-04-11T19:52:33Z,27.114207,-165.443998
2025-04-11T19:52:34Z,27.114222,-165.443992
2025-04-11T19:52:35Z,27.114237,-165.443986
2025-04-11T19:52:36Z,27.114249,-165.443980
2025-04-11T19:52:37Z,27.114245,-165.443978
2025-04-11T19:52:38Z,27.114240,-165.443975
2025-04-11T19:52:39Z,27.114235,-165.443972
2025-04-11T19:52:40Z,27.114231,-165.443969
2025-04-11T19:52:41Z,27.114226,-165.443966
2025-04-11T19:52:42Z,27.114222,-165.443963
2025-04-11T19:52:43Z,27.114217,-165.443960
2025-04-11T19:52:44Z,27.114216,-165.443959
2025-04-11T19:52:45Z,27.114222,-165.443963
2025-04-11T19:52:46Z,27.114228,-165.443967
2025-04-11T19:52:47Z,27.114235,-165.443972
2025-04-11T19:52:48Z,27.114241,-165.443976
2025-04-11T19:52:49Z,27.114247,-165.443980
2025-04-11T19:52:50Z,27.114254,-165.443984
2025-04-11T19:52:51Z,27.114260,-165.443988
2025-04-11T19:52:52Z,27.114264,-165.443990
2025-04-11T19:52:53Z,27.114267,-165.443991
2025-04-11T19:52:54Z,27.114269,-165.443991
2025-04-11T19:52:55Z,27.114272,-165.443991
2025-04-11T19:52:56Z,27.114274,-165.443992
2025-04-11T19:52:57Z,27.114277,-165.443992
2025-04-11T19:52:58Z,27.114279,-165.443993
2025-04-11T19:52:59Z,27.114282,-165.443993
2025-04-11T19:53:00Z,27.114272,-165.443998
2025-04-11T19:53:01Z,27.114260,-165.444005
2025-04-11T19:53:02Z,27.114248,-165.444011
2025-04-11T19:53:03Z,27.114236,-165.444017
2025-04-11T19:53:04Z,27.114224,-165.444023
2025-04-11T19:53:05Z,27.114212,-165.444029
2025-04-11T19:53:06Z,27.114200,-165.444035
2025-04-11T19:53:07Z,27.114188,-165.444041
2025-04-11T19:53:08Z,27.114187,-165.444035
2025-04-11T19:53:09Z,27.114194,-165.444021
2025-04-11T19:53:10Z,27.114202,-165.444006
2025-04-11T19:53:11Z,27.114209,-165.443992
2025-04-11T19:53:12Z,27.114216,-165.443977
2025-04-11T19:53:13Z,27.114223,-165.443963
2025-04-11T19:53:14Z,27.114230,-165.443948
2025-04-11T19:53:15Z,27.114238,-165.443937
2025-04-11T19:53:16Z,27.114250,-165.443947
2025-04-11T19:53:17Z,27.114263,-165.443956
2025-04-11T19:53:18Z,27.114275,-165.443965
2025-04-11T19:53:19Z,27.114287,-165.443974
2025-04-11T19:53:20Z,27.114299,-165.443983
2025-04-11T19:53:21Z,27.114312,-165.443992
2025-04-11T19:53:22Z,27.114324,-165.444001
2025-04-11T19:53:23Z,27.114329,-165.444003
2025-04-11T19:53:24Z,27.114319,-165.443991
2025-04-11T19:53:25Z,27.114309,-165.443980
2025-04-11T19:53:26Z,27.114300,-165.443968
2025-04-11T19:53:27Z,27.114290,-165.443956
2025-04-11T19:53:28Z,27.114281,-165.443945
2025-04-11T19:53:29Z,27.114271,-165.443933
2025-04-11T19:53:30Z,27.114262,-165.443922
2025-04-11T19:53:31Z,27.114251,-165.443914
2025-04-11T19:53:32Z,27.114240,-165.443911
2025-04-11T19:53:33Z,27.114228,-165.443908
2025-04-11T19:53:34Z,27.114217,-165.443905
2025-04-11T19:53:35Z,27.114206,-165.443902
2025-04-11T19:53:36Z,27.114194,-165.443898
2025-04-11T19:53:37Z,27.114183,-165.443895
2025-04-11T19:53:38Z,27.114171,-165.443892
2025-04-11T19:53:39Z,27.114170,-165.443893
2025-04-11T19:53:40Z,27.114174,-165.443897
2025-04-11T19:53:41Z,27.114177,-165.443900
2025-04-11T19:53:42Z,27.114180,-165.443904
2025-04-11T19:53:43Z,27.114184,-165.443907
2025-04-11T19:53:44Z,27.114187,-165.443911
2025-04-11T19:53:45Z,27.114191,-165.443914
2025-04-11T19:53:46Z,27.114194,-165.443918
2025-04-11T19:53:47Z,27.114197,-165.443921
2025-04-11T19:53:48Z,27.114201,-165.443925
2025-04-11T19:53:49Z,27.114204,-165.443928
2025-04-11T19:53:50Z,27.114207,-165.443931
2025-04-11T19:53:51Z,27.114211,-165.443935
2025-04-11T19:53:52Z,27.114214,-165.443938
2025-04-11T19:53:53Z,27.114217,-165.443942
2025-04-11T19:53:54Z,27.114221,-165.443945
2025-04-11T19:53:55Z,27.114224,-165.443949
2025-04-11T19:53:56Z,27.114228,-165.443952
2025-04-11T19:53:57Z,27.114231,-165.443956
2025-04-11T19:53:58Z,27.114234,-165.443959
2025-04-11T19:53:59Z,27.114238,-165.443963
2025-04-11T19:54:00Z,27.114242,-165.443969
2025-04-11T19:54:01Z,27.114247,-165.443980
2025-04-11T19:54:02Z,27.114252,-165.443991
2025-04-11T19:54:03Z,27.114258,-165.444002
2025-04-11T19:54:04Z,27.114263,-165.444013
2025-04-11T19:54:05Z,27.114268,-165.444024
2025-04-11T19:54:06Z,27.114274,-165.444035
2025-04-11T19:54:07Z,27.114279,-165.444046
2025-04-11T19:54:08Z,27.114283,-165.444045
2025-04-11T19:54:09Z,27.114287,-165.444038
2025-04-11T19:54:10Z,27.114291,-165.444031
2025-04-11T19:54:11Z,27.114295,-165.444024
2025-04-11T19:54:12Z,27.114299,-165.444016
2025-04-11T19:54:13Z,27.114303,-165.444009
2025-04-11T19:54:14Z,27.114306,-165.444002
2025-04-11T19:54:15Z,27.114310,-165.443995
2025-04-11T19:54:16Z,27.114307,-165.443992
2025-04-11T19:54:17Z,27.114298,-165.443994
2025-04-11T19:54:18Z,27.114289,-165.443995
2025-04-11T19:54:19Z,27.114279,-165.443997
2025-04-11T19:54:20Z,27.114270,-165.443999
2025-04-11T19:54:21Z,27.114261,-165.444000
2025-04-11T19:54:22Z,27.114252,-165.444002
2025-04-11T19:54:23Z,27.114242,-165.444004
2025-04-11T19:54:24Z,27.114243,-165.444003
2025-04-11T19:54:25Z,27.114245,-165.444001
2025-04-11T19:54:26Z,27.114247,-165.444000
2025-04-11T19:54:27Z,27.114248,-165.443998
2025-04-11T19:54:28Z,27.114250,-165.443997
2025-04-11T19:54:29Z,27.114252,-165.443995
2025-04-11T19:54:30Z,27.114254,-165.443993
2025-04-11T19:54:31Z,27.114256,-165.443992
2025-04-11T19:54:32Z,27.114259,-165.443989
2025-04-11T19:54:33Z,27.114261,-165.443987
2025-04-11T19:54:34Z,27.114264,-165.443984
2025-04-11T19:54:35Z,27.114266,-165.443982
2025-04-11T19:54:36Z,27.114269,-165.443980
2025-04-11T19:54:37Z,27.114272,-165.443977
2025-04-11T19:54:38Z,27.114274,-165.443975
2025-04-11T19:54:39Z,27.114274,-165.443975
2025-04-11T19:54:40Z,27.114269,-165.443982
2025-04-11T19:54:41Z,27.114263,-165.443988
2025-04-11T19:54:42Z,27.114258,-165.443995
2025-04-11T19:54:43Z,27.114252,-165.444002
2025-04-11T19:54:44Z,27.114247,-165.444008
2025-04-11T19:54:45Z,27.114241,-165.444015
2025-04-11T19:54:46Z,27.114235,-165.444022
2025-04-11T19:54:47Z,27.114230,-165.444027
2025-04-11T19:54:48Z,27.114225,-165.444028
2025-04-11T19:54:49Z,27.114219,-165.444030
2025-04-11T19:54:50Z,27.114214,-165.444031
2025-04-11T19:54:51Z,27.114208,-165.444033
2025-04-11T19:54:52Z,27.114203,-165.444034
2025-04-11T19:54:53Z,27.114198,-165.444036
2025-04-11T19:54:54Z,27.114192,-165.444037
2025-04-11T19:54:55Z,27.114184,-165.444042
2025-04-11T19:54:56Z,27.114175,-165.444048
2025-04-11T19:54:57Z,27.114166,-165.444055
2025-04-11T19:54:58Z,27.114156,-165.444061
2025-04-11T19:54:59Z,27.114147,-165.444067
2025-04-11T19:55:00Z,27.114137,-165.444074
2025-04-11T19:55:01Z,27.114128,-165.444080
2025-04-11T19:55:02Z,27.114119,-165.444086
2025-04-11T19:55:03Z,27.114115,-165.444089
2025-04-11T19:55:04Z,27.114113,-165.444090
2025-04-11T19:55:05Z,27.114111,-165.444091
2025-04-11T19:55:06Z,27.114109,-165.444092
2025-04-11T19:55:07Z,27.114107,-165.444093
2025-04-11T19:55:08Z,27.114106,-165.444094
2025-04-11T19:55:09Z,27.114104,-165.444095
2025-04-11T19:55:10Z,27.114102,-165.444097
2025-04-11T19:55:11Z,27.114099,-165.444107
2025-04-11T19:55:12Z,27.114097,-165.444117
2025-04-11T19:55:13Z,27.114095,-165.444127
2025-04-11T19:55:14Z,27.114092,-165.444138
2025-04-11T19:55:15Z,27.114090,-165.444148
2025-04-11T19:55:16Z,27.114087,-165.444158
2025-04-11T19:55:17Z,27.114085,-165.444168
2025-04-11T19:55:18Z,27.114081,-165.444175
2025-04-11T19:55:19Z,27.114073,-165.444171
2025-04-11T19:55:20Z,27.114064,-165.444167
2025-04-11T19:55:21Z,27.114056,-165.444164
2025-04-11T19:55:22Z,27.114047,-165.444160
2025-04-11T19:55:23Z,27.114039,-165.444156
2025-04-11T19:55:24Z,27.114031,-165.444152
2025-04-11T19:55:25Z,27.114022,-165.444148
2025-04-11T19:55:26Z,27.114014,-165.444144
2025-04-11T19:55:27Z,27.114005,-165.444140
2025-04-11T19:55:28Z,27.113997,-165.444137
2025-04-11T19:55:29Z,27.113989,-165.444133
2025-04-11T19:55:30Z,27.113980,-165.444129
2025-04-11T19:55:31Z,27.113972,-165.444125
2025-04-11T19:55:32Z,27.113964,-165.444121
2025-04-11T19:55:33Z,27.113955,-165.444117
2025-04-11T19:55:34Z,27.113947,-165.444114
2025-04-11T19:55:35Z,27.113938,-165.444110
2025-04-11T19:55:36Z,27.113930,-165.444106
2025-04-11T19:55:37Z,27.113922,-165.444102
2025-04-11T19:55:38Z,27.113913,-165.444098
2025-04-11T19:55:39Z,27.113905,-165.444094
2025-04-11T19:55:40Z,27.113903,-165.444091
2025-04-11T19:55:41Z,27.113901,-165.444087
2025-04-11T19:55:42Z,27.113899,-165.444084
2025-04-11T19:55:43Z,27.113898,-165.444080
2025-04-11T19:55:44Z,27.113896,-165.444077
2025-04-11T19:55:45Z,27.113895,-165.444073
2025-04-11T19:55:46Z,27.113893,-165.444069
2025-04-11T19:55:47Z,27.113891,-165.444066
2025-04-11T19:55:48Z,27.113890,-165.444062
2025-04-11T19:55:49Z,27.113888,-165.444059
2025-04-11T19:55:50Z,27.113887,-165.444055
2025-04-11T19:55:51Z,27.113885,-165.444052
2025-04-11T19:55:52Z,27.113883,-165.444048
2025-04-11T19:55:53Z,27.113882,-165.444044
2025-04-11T19:55:54Z,27.113880,-165.444041
2025-04-11T19:55:55Z,27.113879,-165.444037
2025-04-11T19:55:56Z,27.113877,-165.444034
2025-04-11T19:55:57Z,27.113875,-165.444030
2025-04-11T19:55:58Z,27.113874,-165.444027
2025-04-11T19:55:59Z,27.113872,-165.444023
2025-04-11T19:56:00Z,27.113871,-165.444020
2025-04-11T19:56:01Z,27.113862,-165.444013
2025-04-11T19:56:02Z,27.113849,-165.444005
2025-04-11T19:56:03Z,27.113835,-165.443997
2025-04-11T19:56:04Z,27.113821,-165.443989
2025-04-11T19:56:05Z,27.113808,-165.443980
2025-04-11T19:56:06Z,27.113794,-165.443972
2025-04-11T19:56:07Z,27.113780,-165.443964
2025-04-11T19:56:08Z,27.113767,-165.443956
2025-04-11T19:56:09Z,27.113764,-165.443952
2025-04-11T19:56:10Z,27.113764,-165.443949
2025-04-11T19:56:11Z,27.113763,-165.443947
2025-04-11T19:56:12Z,27.113763,-165.443945
2025-04-11T19:56:13Z,27.113763,-165.443942
2025-04-11T19:56:14Z,27.113763,-165.443940
2025-04-11T19:56:15Z,27.113762,-165.443937
2025-04-11T19:56:16Z,27.113762,-165.443935
2025-04-11T19:56:17Z,27.113762,-165.443932
2025-04-11T19:56:18Z,27.113762,-165.443930
2025-04-11T19:56:19Z,27.113761,-165.443927
2025-04-11T19:56:20Z,27.113761,-165.443925
2025-04-11T19:56:21Z,27.113761,-165.443922
2025-04-11T19:56:22Z,27.113761,-165.443920
2025-04-11T19:56:23Z,27.113761,-165.443917
2025-04-11T19:56:24Z,27.113760,-165.443915
2025-04-11T19:56:25Z,27.113760,-165.443912
2025-04-11T19:56:26Z,27.113760,-165.443910
2025-04-11T19:56:27Z,27.113760,-165.443907
2025-04-11T19:56:28Z,27.113759,-165.443905
2025-04-11T19:56:29Z,27.113759,-165.443902
2025-04-11T19:56:30Z,27.113761,-165.443902
2025-04-11T19:56:31Z,27.113765,-165.443903
2025-04-11T19:56:32Z,27.113769,-165.443904
2025-04-11T19:56:33Z,27.113773,-165.443905
2025-04-11T19:56:34Z,27.113777,-165.443906
2025-04-11T19:56:35Z,27.113782,-165.443907
2025-04-11T19:56:36Z,27.113786,-165.443908
2025-04-11T19:56:37Z,27.113790,-165.443909
2025-04-11T19:56:38Z,27.113794,-165.443911
2025-04-11T19:56:39Z,27.113798,-165.443912
2025-04-11T19:56:40Z,27.113802,-165.443913
2025-04-11T19:56:41Z,27.113806,-165.443914
2025-04-11T19:56:42Z,27.113810,-165.443915
2025-04-11T19:56:43Z,27.113814,-165.443916
2025-04-11T19:56:44Z,27.113818,-165.443917
2025-04-11T19:56:45Z,27.113822,-165.443919
2025-04-11T19:56:46Z,27.113827,-165.443920
2025-04-11T19:56:47Z,27.113831,-165.443921
2025-04-11T19:56:48Z,27.113835,-165.443922
2025-04-11T19:56:49Z,27.113839,-165.443923
2025-04-11T19:56:50Z,27.113843,-165.443924
2025-04-11T19:56:51Z,27.113847,-165.443925
2025-04-11T19:56:52Z,27.113852,-165.443927
2025-04-11T19:56:53Z,27.113858,-165.443929
2025-04-11T19:56:54Z,27.113863,-165.443930
2025-04-11T19:56:55Z,27.113868,-165.443932
2025-04-11T19:56:56Z,27.113873,-165.443933
2025-04-11T19:56:57Z,27.113878,-165.443935
2025-04-11T19:56:58Z,27.113883,-165.443936
2025-04-11T19:56:59Z,27.113889,-165.443938
2025-04-11T19:57:00Z,27.113894,-165.443940
2025-04-11T19:57:01Z,27.113899,-165.443941
2025-04-11T19:57:02Z,27.113904,-165.443943
2025-04-11T19:57:03Z,27.113909,-165.443944
2025-04-11T19:57:04Z,27.113914,-165.443946
2025-04-11T19:57:05Z,27.113920,-165.443948
2025-04-11T19:57:06Z,27.113925,-165.443949
2025-04-11T19:57:07Z,27.113930,-165.443951
2025-04-11T19:57:08Z,27.113935,-165.443952
2025-04-11T19:57:09Z,27.113940,-165.443954
2025-04-11T19:57:10Z,27.113945,-165.443955
2025-04-11T19:57:11Z,27.113950,-165.443957
2025-04-11T19:57:12Z,27.113956,-165.443959
2025-04-11T19:57:13Z,27.113949,-165.443946
2025-04-11T19:57:14Z,27.113937,-165.443929
2025-04-11T19:57:15Z,27.113926,-165.443912
2025-04-11T19:57:16Z,27.113914,-165.443894
2025-04-11T19:57:17Z,27.113903,-165.443877
2025-04-11T19:57:18Z,27.113892,-165.443860
2025-04-11T19:57:19Z,27.113880,-165.443843
2025-04-11T19:57:20Z,27.113870,-165.443828
2025-04-11T19:57:21Z,27.113874,-165.443835
2025-04-11T19:57:22Z,27.113877,-165.443842
2025-04-11T19:57:23Z,27.113880,-165.443849
2025-04-11T19:57:24Z,27.113884,-165.443856
2025-04-11T19:57:25Z,27.113887,-165.443863
2025-04-11T19:57:26Z,27.113891,-165.443870
2025-04-11T19:57:27Z,27.113894,-165.443877
2025-04-11T19:57:28Z,27.113897,-165.443884
2025-04-11T19:57:29Z,27.113901,-165.443891
2025-04-11T19:57:30Z,27.113904,-165.443898
2025-04-11T19:57:31Z,27.113907,-165.443905
2025-04-11T19:57:32Z,27.113911,-165.443912
2025-04-11T19:57:33Z,27.113914,-165.443919
2025-04-11T19:57:34Z,27.113918,-165.443925
2025-04-11T19:57:35Z,27.113921,-165.443932
2025-04-11T19:57:36Z,27.113924,-165.443939
2025-04-11T19:57:37Z,27.113928,-165.443946
2025-04-11T19:57:38Z,27.113931,-165.443953
2025-04-11T19:57:39Z,27.113934,-165.443960
2025-04-11T19:57:40Z,27.113938,-165.443967
2025-04-11T19:57:41Z,27.113941,-165.443974
2025-04-11T19:57:42Z,27.113936,-165.443979
2025-04-11T19:57:43Z,27.113928,-165.443984
2025-04-11T19:57:44Z,27.113921,-165.443988
2025-04-11T19:57:45Z,27.113913,-165.443993
2025-04-11T19:57:46Z,27.113905,-165.443997
2025-04-11T19:57:47Z,27.113897,-165.444002
2025-04-11T19:57:48Z,27.113890,-165.444006
2025-04-11T19:57:49Z,27.113882,-165.444011
2025-04-11T19:57:50Z,27.113883,-165.444009
2025-04-11T19:57:51Z,27.113888,-165.444004
2025-04-11T19:57:52Z,27.113892,-165.444000
2025-04-11T19:57:53Z,27.113896,-165.443995
2025-04-11T19:57:54Z,27.113900,-165.443991
2025-04-11T19:57:55Z,27.113905,-165.443986
2025-04-11T19:57:56Z,27.113909,-165.443982
2025-04-11T19:57:57Z,27.113913,-165.443978
2025-04-11T19:57:58Z,27.113913,-165.443975
2025-04-11T19:57:59Z,27.113913,-165.443972
2025-04-11T19:58:00Z,27.113913,-165.443970
2025-04-11T19:58:01Z,27.113913,-165.443967
2025-04-11T19:58:02Z,27.113913,-165.443964
2025-04-11T19:58:03Z,27.113913,-165.443961
2025-04-11T19:58:04Z,27.113913,-165.443959
2025-04-11T19:58:05Z,27.113913,-165.443956
2025-04-11T19:58:06Z,27.113911,-165.443965
2025-04-11T19:58:07Z,27.113910,-165.443974
2025-04-11T19:58:08Z,27.113908,-165.443983
2025-04-11T19:58:09Z,27.113907,-165.443991
2025-04-11T19:58:10Z,27.113905,-165.444000
2025-04-11T19:58:11Z,27.113904,-165.444009
2025-04-11T19:58:12Z,27.113902,-165.444018
2025-04-11T19:58:13Z,27.113904,-165.444019
2025-04-11T19:58:14Z,27.113913,-165.444006
2025-04-11T19:58:15Z,27.113921,-165.443993
2025-04-11T19:58:16Z,27.113930,-165.443979
2025-04-11T19:58:17Z,27.113939,-165.443966
2025-04-11T19:58:18Z,27.113948,-165.443953
2025-04-11T19:58:19Z,27.113956,-165.443939
2025-04-11T19:58:20Z,27.113965,-165.443926
2025-04-11T19:58:21Z,27.113972,-165.443919
2025-04-11T19:58:22Z,27.113978,-165.443917
2025-04-11T19:58:23Z,27.113985,-165.443916
2025-04-11T19:58:24Z,27.113991,-165.443914
2025-04-11T19:58:25Z,27.113997,-165.443912
2025-04-11T19:58:26Z,27.114003,-165.443911
2025-04-11T19:58:27Z,27.114009,-165.443909
2025-04-11T19:58:28Z,27.114016,-165.443907
2025-04-11T19:58:29Z,27.114013,-165.443906
2025-04-11T19:58:30Z,27.114007,-165.443905
2025-04-11T19:58:31Z,27.114002,-165.443904
2025-04-11T19:58:32Z,27.113996,-165.443903
2025-04-11T19:58:33Z,27.113991,-165.443902
2025-04-11T19:58:34Z,27.113986,-165.443900
2025-04-11T19:58:35Z,27.113980,-165.443899
2025-04-11T19:58:36Z,27.113975,-165.443898
2025-04-11T19:58:37Z,27.113983,-165.443895
2025-04-11T19:58:38Z,27.113992,-165.443891
2025-04-11T19:58:39Z,27.114002,-165.443887
2025-04-11T19:58:40Z,27.114012,-165.443884
2025-04-11T19:58:41Z,27.114022,-165.443880
2025-04-11T19:58:42Z,27.114031,-165.443876
2025-04-11T19:58:43Z,27.114041,-165.443872
2025-04-11T19:58:44Z,27.114050,-165.443869
2025-04-11T19:58:45Z,27.114052,-165.443871
2025-04-11T19:58:46Z,27.114054,-165.443873
2025-04-11T19:58:47Z,27.114056,-165.443875
2025-04-11T19:58:48Z,27.114058,-165.443877
2025-04-11T19:58:49Z,27.114060,-165.443879
2025-04-11T19:58:50Z,27.114062,-165.443881
2025-04-11T19:58:51Z,27.114064,-165.443882
2025-04-11T19:58:52Z,27.114064,-165.443885
2025-04-11T19:58:53Z,27.114056,-165.443891
2025-04-11T19:58:54Z,27.114047,-165.443897
2025-04-11T19:58:55Z,27.114038,-165.443902
2025-04-11T19:58:56Z,27.114029,-165.443908
2025-04-11T19:58:57Z,27.114020,-165.443914
2025-04-11T19:58:58Z,27.114012,-165.443920
2025-04-11T19:58:59Z,27.114003,-165.443925
2025-04-11T19:59:00Z,27.113992,-165.443929
2025-04-11T19:59:01Z,27.113974,-165.443922
2025-04-11T19:59:02Z,27.113956,-165.443915
2025-04-11T19:59:03Z,27.113938,-165.443908
2025-04-11T19:59:04Z,27.113920,-165.443901
2025-04-11T19:59:05Z,27.113902,-165.443894
2025-04-11T19:59:06Z,27.113884,-165.443887
2025-04-11T19:59:07Z,27.113866,-165.443880
2025-04-11T19:59:08Z,27.113857,-165.443874
2025-04-11T19:59:09Z,27.113867,-165.443870
2025-04-11T19:59:10Z,27.113877,-165.443866
2025-04-11T19:59:11Z,27.113886,-165.443862
2025-04-11T19:59:12Z,27.113896,-165.443859
2025-04-11T19:59:13Z,27.113905,-165.443855
2025-04-11T19:59:14Z,27.113915,-165.443851
2025-04-11T19:59:15Z,27.113925,-165.443847
2025-04-11T19:59:16Z,27.113930,-165.443847
2025-04-11T19:59:17Z,27.113927,-165.443852
2025-04-11T19:59:18Z,27.113924,-165.443857
2025-04-11T19:59:19Z,27.113922,-165.443862
2025-04-11T19:59:20Z,27.113919,-165.443866
2025-04-11T19:59:21Z,27.113916,-165.443871
2025-04-11T19:59:22Z,27.113913,-165.443876
2025-04-11T19:59:23Z,27.113911,-165.443881
2025-04-11T19:59:24Z,27.113907,-165.443887
2025-04-11T19:59:25Z,27.113904,-165.443893
2025-04-11T19:59:26Z,27.113901,-165.443900
2025-04-11T19:59:27Z,27.113897,-165.443906
2025-04-11T19:59:28Z,27.113894,-165.443912
2025-04-11T19:59:29Z,27.113890,-165.443919
2025-04-11T19:59:30Z,27.113887,-165.443925
2025-04-11T19:59:31Z,27.113884,-165.443932
2025-04-11T19:59:32Z,27.113885,-165.443925
2025-04-11T19:59:33Z,27.113888,-165.443916
2025-04-11T19:59:34Z,27.113891,-165.443906
2025-04-11T19:59:35Z,27.113894,-165.443896
2025-04-11T19:59:36Z,27.113897,-165.443886
2025-04-11T19:59:37Z,27.113900,-165.443877
2025-04-11T19:59:38Z,27.113903,-165.443867
2025-04-11T19:59:39Z,27.113906,-165.443857
2025-04-11T19:59:40Z,27.113915,-165.443863
2025-04-11T19:59:41Z,27.113925,-165.443871
2025-04-11T19:59:42Z,27.113935,-165.443879
2025-04-11T19:59:43Z,27.113945,-165.443887
2025-04-11T19:59:44Z,27.113955,-165.443896
2025-04-11T19:59:45Z,27.113965,-165.443904
2025-04-11T19:59:46Z,27.113975,-165.443912
2025-04-11T19:59:47Z,27.113985,-165.443920
2025-04-11T19:59:48Z,27.113993,-165.443927
2025-04-11T19:59:49Z,27.114000,-165.443935
2025-04-11T19:59:50Z,27.114007,-165.443942
2025-04-11T19:59:51Z,27.114013,-165.443949
2025-04-11T19:59:52Z,27.114020,-165.443956
2025-04-11T19:59:53Z,27.114027,-165.443963
2025-04-11T19:59:54Z,27.114034,-165.443971
2025-04-11T19:59:55Z,27.114040,-165.443977
2025-04-11T19:59:56Z,27.114041,-165.443977
2025-04-11T19:59:57Z,27.114043,-165.443977
2025-04-11T19:59:58Z,27.114044,-165.443977
2025-04-11T19:59:59Z,27.114045,-165.443976
2025-04-11T20:00:00Z,27.114047,-165.443976
2025-04-11T20:00:01Z,27.114048,-165.443976
2025-04-11T20:00:02Z,27.114049,-165.443976
2025-04-11T20:00:03Z,27.114047,-165.443977
2025-04-11T20:00:04Z,27.114036,-165.443979
2025-04-11T20:00:05Z,27.114026,-165.443982
2025-04-11T20:00:06Z,27.114016,-165.443985
2025-04-11T20:00:07Z,27.114005,-165.443987
2025-04-11T20:00:08Z,27.113995,-165.443990
2025-04-11T20:00:09Z,27.113985,-165.443993
2025-04-11T20:00:10Z,27.113974,-165.443995
2025-04-11T20:00:11Z,27.113969,-165.443990
2025-04-11T20:00:12Z,27.113970,-165.443971
2025-04-11T20:00:13Z,27.113971,-165.443953
2025-04-11T20:00:14Z,27.113973,-165.443935
2025-04-11T20:00:15Z,27.113974,-165.443917
2025-04-11T20:00:16Z,27.113975,-165.443898
2025-04-11T20:00:17Z,27.113977,-165.443880
2025-04-11T20:00:18Z,27.113978,-165.443862
2025-04-11T20:00:19Z,27.113980,-165.443857
2025-04-11T20:00:20Z,27.113984,-165.443878
2025-04-11T20:00:21Z,27.113987,-165.443898
2025-04-11T20:00:22Z,27.113991,-165.443918
2025-04-11T20:00:23Z,27.113994,-165.443939
2025-04-11T20:00:24Z,27.113997,-165.443959
2025-04-11T20:00:25Z,27.114001,-165.443980
2025-04-11T20:00:26Z,27.114004,-165.444000
2025-04-11T20:00:27Z,27.114006,-165.444007
2025-04-11T20:00:28Z,27.114006,-165.444002
2025-04-11T20:00:29Z,27.114007,-165.443997
2025-04-11T20:00:30Z,27.114007,-165.443991
2025-04-11T20:00:31Z,27.114007,-165.443986
2025-04-11T20:00:32Z,27.114007,-165.443981
2025-04-11T20:00:33Z,27.114008,-165.443975
2025-04-11T20:00:34Z,27.114008,-165.443970
2025-04-11T20:00:35Z,27.114008,-165.443964
2025-04-11T20:00:36Z,27.114009,-165.443958
2025-04-11T20:00:37Z,27.114010,-165.443952
2025-04-11T20:00:38Z,27.114010,-165.443946
2025-04-11T20:00:39Z,27.114011,-165.443940
2025-04-11T20:00:40Z,27.114012,-165.443934
2025-04-11T20:00:41Z,27.114012,-165.443927
2025-04-11T20:00:42Z,27.114013,-165.443921
2025-04-11T20:00:43Z,27.114015,-165.443917
2025-04-11T20:00:44Z,27.114017,-165.443914
2025-04-11T20:00:45Z,27.114020,-165.443911
2025-04-11T20:00:46Z,27.114023,-165.443908
2025-04-11T20:00:47Z,27.114025,-165.443904
2025-04-11T20:00:48Z,27.114028,-165.443901
2025-04-11T20:00:49Z,27.114031,-165.443898
2025-04-11T20:00:50Z,27.114033,-165.443895
2025-04-11T20:00:51Z,27.114033,-165.443898
2025-04-11T20:00:52Z,27.114032,-165.443903
2025-04-11T20:00:53Z,27.114031,-165.443907
2025-04-11T20:00:54Z,27.114030,-165.443912
2025-04-11T20:00:55Z,27.114029,-165.443917
2025-04-11T20:00:56Z,27.114027,-165.443922
2025-04-11T20:00:57Z,27.114026,-165.443927
2025-04-11T20:00:58Z,27.114025,-165.443932
2025-04-11T20:00:59Z,27.114025,-165.443937
2025-04-11T20:01:00Z,27.114025,-165.443941
2025-04-11T20:01:01Z,27.114024,-165.443945
2025-04-11T20:01:02Z,27.114024,-165.443950
2025-04-11T20:01:03Z,27.114024,-165.443954
2025-04-11T20:01:04Z,27.114024,-165.443958
2025-04-11T20:01:05Z,27.114023,-165.443963
2025-04-11T20:01:06Z,27.114023,-165.443967
2025-04-11T20:01:07Z,27.114018,-165.443954
2025-04-11T20:01:08Z,27.114013,-165.443942
2025-04-11T20:01:09Z,27.114008,-165.443929
2025-04-11T20:01:10Z,27.114002,-165.443917
2025-04-11T20:01:11Z,27.113997,-165.443904
2025-04-11T20:01:12Z,27.113992,-165.443892
2025-04-11T20:01:13Z,27.113987,-165.443879
2025-04-11T20:01:14Z,27.113983,-165.443869
2025-04-11T20:01:15Z,27.113985,-165.443866
2025-04-11T20:01:16Z,27.113987,-165.443864
2025-04-11T20:01:17Z,27.113989,-165.443862
2025-04-11T20:01:18Z,27.113991,-165.443859
2025-04-11T20:01:19Z,27.113993,-165.443857
2025-04-11T20:01:20Z,27.113995,-165.443855
2025-04-11T20:01:21Z,27.113996,-165.443852
2025-04-11T20:01:22Z,27.113998,-165.443850
2025-04-11T20:01:23Z,27.114000,-165.443848
2025-04-11T20:01:24Z,27.114002,-165.443845
2025-04-11T20:01:25Z,27.114004,-165.443843
2025-04-11T20:01:26Z,27.114006,-165.443841
2025-04-11T20:01:27Z,27.114008,-165.443838
2025-04-11T20:01:28Z,27.114009,-165.443836
2025-04-11T20:01:29Z,27.114011,-165.443834
2025-04-11T20:01:30Z,27.114013,-165.443831
2025-04-11T20:01:31Z,27.114015,-165.443829
2025-04-11T20:01:32Z,27.114017,-165.443827
2025-04-11T20:01:33Z,27.114019,-165.443824
2025-04-11T20:01:34Z,27.114021,-165.443822
2025-04-11T20:01:35Z,27.114022,-165.443820
2025-04-11T20:01:36Z,27.114016,-165.443820
2025-04-11T20:01:37Z,27.114005,-165.443822
2025-04-11T20:01:38Z,27.113994,-165.443824
2025-04-11T20:01:39Z,27.113984,-165.443825
2025-04-11T20:01:40Z,27.113973,-165.443827
2025-04-11T20:01:41Z,27.113962,-165.443829
2025-04-11T20:01:42Z,27.113951,-165.443830
2025-04-11T20:01:43Z,27.113941,-165.443832
2025-04-11T20:01:44Z,27.113935,-165.443833
2025-04-11T20:01:45Z,27.113928,-165.443834
2025-04-11T20:01:46Z,27.113922,-165.443834
2025-04-11T20:01:47Z,27.113916,-165.443835
2025-04-11T20:01:48Z,27.113910,-165.443836
2025-04-11T20:01:49Z,27.113903,-165.443837
2025-04-11T20:01:50Z,27.113897,-165.443837
2025-04-11T20:01:51Z,27.113891,-165.443838
2025-04-11T20:01:52Z,27.113893,-165.443839
2025-04-11T20:01:53Z,27.113895,-165.443841
2025-04-11T20:01:54Z,27.113897,-165.443842
2025-04-11T20:01:55Z,27.113899,-165.443843
2025-04-11T20:01:56Z,27.113901,-165.443844
2025-04-11T20:01:57Z,27.113903,-165.443846
2025-04-11T20:01:58Z,27.113905,-165.443847
2025-04-11T20:01:59Z,27.113908,-165.443848
2025-04-11T20:02:00Z,27.113910,-165.443849
2025-04-11T20:02:01Z,27.113912,-165.443851
2025-04-11T20:02:02Z,27.113914,-165.443852
2025-04-11T20:02:03Z,27.113916,-165.443853
2025-04-11T20:02:04Z,27.113918,-165.443854
2025-04-11T20:02:05Z,27.113920,-165.443856
2025-04-11T20:02:06Z,27.113922,-165.443857
2025-04-11T20:02:07Z,27.113924,-165.443858
2025-04-11T20:02:08Z,27.113926,-165.443860
2025-04-11T20:02:09Z,27.113928,-165.443861
2025-04-11T20:02:10Z,27.113930,-165.443862
2025-04-11T20:02:11Z,27.113932,-165.443863
2025-04-11T20:02:12Z,27.113934,-165.443865
2025-04-11T20:02:13Z,27.113936,-165.443867
2025-04-11T20:02:14Z,27.113938,-165.443870
2025-04-11T20:02:15Z,27.113940,-165.443873
2025-04-11T20:02:16Z,27.113942,-165.443877
2025-04-11T20:02:17Z,27.113944,-165.443880
2025-04-11T20:02:18Z,27.113946,-165.443883
2025-04-11T20:02:19Z,27.113948,-165.443886
2025-04-11T20:02:20Z,27.113950,-165.443889
2025-04-11T20:02:21Z,27.113948,-165.443903
2025-04-11T20:02:22Z,27.113946,-165.443919
2025-04-11T20:02:23Z,27.113944,-165.443936
2025-04-11T20:02:24Z,27.113942,-165.443952
2025-04-11T20:02:25Z,27.113940,-165.443969
2025-04-11T20:02:26Z,27.113938,-165.443985
2025-04-11T20:02:27Z,27.113935,-165.444002
2025-04-11T20:02:28Z,27.113933,-165.444018
2025-04-11T20:02:29Z,27.113931,-165.444021
2025-04-11T20:02:30Z,27.113929,-165.444021
2025-04-11T20:02:31Z,27.113926,-165.444020
2025-04-11T20:02:32Z,27.113924,-165.444020
2025-04-11T20:02:33Z,27.113921,-165.444020
2025-04-11T20:02:34Z,27.113919,-165.444020
2025-04-11T20:02:35Z,27.113916,-165.444019
2025-04-11T20:02:36Z,27.113914,-165.444019
2025-04-11T20:02:37Z,27.113918,-165.444020
2025-04-11T20:02:38Z,27.113921,-165.444020
2025-04-11T20:02:39Z,27.113925,-165.444021
2025-04-11T20:02:40Z,27.113929,-165.444022
2025-04-11T20:02:41Z,27.113932,-165.444022
2025-04-11T20:02:42Z,27.113936,-165.444023
2025-04-11T20:02:43Z,27.113939,-165.444023
2025-04-11T20:02:44Z,27.113943,-165.444024
2025-04-11T20:02:45Z,27.113948,-165.444000
2025-04-11T20:02:46Z,27.113952,-165.443977
2025-04-11T20:02:47Z,27.113956,-165.443953
2025-04-11T20:02:48Z,27.113961,-165.443930
2025-04-11T20:02:49Z,27.113965,-165.443906
2025-04-11T20:02:50Z,27.113970,-165.443883
2025-04-11T20:02:51Z,27.113974,-165.443859
2025-04-11T20:02:52Z,27.113978,-165.443838
2025-04-11T20:02:53Z,27.113976,-165.443832
2025-04-11T20:02:54Z,27.113973,-165.443825
2025-04-11T20:02:55Z,27.113971,-165.443819
2025-04-11T20:02:56Z,27.113969,-165.443812
2025-04-11T20:02:57Z,27.113967,-165.443806
2025-04-11T20:02:58Z,27.113965,-165.443799
2025-04-11T20:02:59Z,27.113963,-165.443793
2025-04-11T20:03:00Z,27.113962,-165.443791
2025-04-11T20:03:01Z,27.113967,-165.443804
2025-04-11T20:03:02Z,27.113971,-165.443816
2025-04-11T20:03:03Z,27.113976,-165.443829
2025-04-11T20:03:04Z,27.113980,-165.443841
2025-04-11T20:03:05Z,27.113985,-165.443854
2025-04-11T20:03:06Z,27.113989,-165.443866
2025-04-11T20:03:07Z,27.113994,-165.443879
2025-04-11T20:03:08Z,27.113997,-165.443889
2025-04-11T20:03:09Z,27.114000,-165.443897
2025-04-11T20:03:10Z,27.114003,-165.443905
2025-04-11T20:03:11Z,27.114006,-165.443913
2025-04-11T20:03:12Z,27.114009,-165.443920
2025-04-11T20:03:13Z,27.114013,-165.443928
2025-04-11T20:03:14Z,27.114016,-165.443936
2025-04-11T20:03:15Z,27.114019,-165.443944
2025-04-11T20:03:16Z,27.114024,-165.443940
2025-04-11T20:03:17Z,27.114031,-165.443924
2025-04-11T20:03:18Z,27.114038,-165.443909
2025-04-11T20:03:19Z,27.114045,-165.443893
2025-04-11T20:03:20Z,27.114052,-165.443878
2025-04-11T20:03:21Z,27.114060,-165.443862
2025-04-11T20:03:22Z,27.114067,-165.443846
2025-04-11T20:03:23Z,27.114074,-165.443831
2025-04-11T20:03:24Z,27.114069,-165.443825
2025-04-11T20:03:25Z,27.114055,-165.443827
2025-04-11T20:03:26Z,27.114042,-165.443829
2025-04-11T20:03:27Z,27.114028,-165.443830
2025-04-11T20:03:28Z,27.114014,-165.443832
2025-04-11T20:03:29Z,27.114000,-165.443834
2025-04-11T20:03:30Z,27.113986,-165.443836
2025-04-11T20:03:31Z,27.113972,-165.443837
2025-04-11T20:03:32Z,27.113965,-165.443838
2025-04-11T20:03:33Z,27.113961,-165.443839
2025-04-11T20:03:34Z,27.113957,-165.443840
2025-04-11T20:03:35Z,27.113954,-165.443841
2025-04-11T20:03:36Z,27.113950,-165.443841
2025-04-11T20:03:37Z,27.113947,-165.443842
2025-04-11T20:03:38Z,27.113943,-165.443843
2025-04-11T20:03:39Z,27.113939,-165.443844
2025-04-11T20:03:40Z,27.113935,-165.443849
2025-04-11T20:03:41Z,27.113930,-165.443855
2025-04-11T20:03:42Z,27.113926,-165.443862
2025-04-11T20:03:43Z,27.113921,-165.443869
2025-04-11T20:03:44Z,27.113916,-165.443876
2025-04-11T20:03:45Z,27.113911,-165.443883
2025-04-11T20:03:46Z,27.113907,-165.443890
2025-04-11T20:03:47Z,27.113902,-165.443897
2025-04-11T20:03:48Z,27.113907,-165.443900
2025-04-11T20:03:49Z,27.113912,-165.443902
2025-04-11T20:03:50Z,27.113917,-165.443905
2025-04-11T20:03:51Z,27.113922,-165.443908
2025-04-11T20:03:52Z,27.113927,-165.443911
2025-04-11T20:03:53Z,27.113932,-165.443913
2025-04-11T20:03:54Z,27.113937,-165.443916
2025-04-11T20:03:55Z,27.113942,-165.443919
2025-04-11T20:03:56Z,27.113952,-165.443927
2025-04-11T20:03:57Z,27.113962,-165.443935
2025-04-11T20:03:58Z,27.113972,-165.443943
2025-04-11T20:03:59Z,27.113983,-165.443952
2025-04-11T20:04:00Z,27.113993,-165.443960
2025-04-11T20:04:01Z,27.114003,-165.443968
2025-04-11T20:04:02Z,27.114014,-165.443976
2025-04-11T20:04:03Z,27.114022,-165.443984
2025-04-11T20:04:04Z,27.114010,-165.443989
2025-04-11T20:04:05Z,27.113997,-165.443993
2025-04-11T20:04:06Z,27.113985,-165.443997
2025-04-11T20:04:07Z,27.113972,-165.444001
2025-04-11T20:04:08Z,27.113960,-165.444006
2025-04-11T20:04:09Z,27.113947,-165.444010
2025-04-11T20:04:10Z,27.113935,-165.444014
2025-04-11T20:04:11Z,27.113924,-165.444017
2025-04-11T20:04:12Z,27.113926,-165.444011
2025-04-11T20:04:13Z,27.113927,-165.444005
2025-04-11T20:04:14Z,27.113929,-165.443999
2025-04-11T20:04:15Z,27.113930,-165.443992
2025-04-11T20:04:16Z,27.113932,-165.443986
2025-04-11T20:04:17Z,27.113933,-165.443980
2025-04-11T20:04:18Z,27.113935,-165.443974
2025-04-11T20:04:19Z,27.113939,-165.443965
2025-04-11T20:04:20Z,27.113949,-165.443951
2025-04-11T20:04:21Z,27.113960,-165.443936
2025-04-11T20:04:22Z,27.113970,-165.443922
2025-04-11T20:04:23Z,27.113981,-165.443907
2025-04-11T20:04:24Z,27.113991,-165.443893
2025-04-11T20:04:25Z,27.114002,-165.443878
2025-04-11T20:04:26Z,27.114012,-165.443863
2025-04-11T20:04:27Z,27.114020,-165.443853
2025-04-11T20:04:28Z,27.114019,-165.443855
2025-04-11T20:04:29Z,27.114018,-165.443856
2025-04-11T20:04:30Z,27.114017,-165.443857
2025-04-11T20:04:31Z,27.114017,-165.443858
2025-04-11T20:04:32Z,27.114016,-165.443860
2025-04-11T20:04:33Z,27.114015,-165.443861
2025-04-11T20:04:34Z,27.114014,-165.443862
2025-04-11T20:04:35Z,27.114017,-165.443866
2025-04-11T20:04:36Z,27.114023,-165.443873
2025-04-11T20:04:37Z,27.114029,-165.443880
2025-04-11T20:04:38Z,27.114035,-165.443886
2025-04-11T20:04:39Z,27.114041,-165.443893
2025-04-11T20:04:40Z,27.114047,-165.443900
2025-04-11T20:04:41Z,27.114053,-165.443907
2025-04-11T20:04:42Z,27.114059,-165.443914
2025-04-11T20:04:43Z,27.114056,-165.443918
2025-04-11T20:04:44Z,27.114046,-165.443919
2025-04-11T20:04:45Z,27.114035,-165.443921
2025-04-11T20:04:46Z,27.114025,-165.443922
2025-04-11T20:04:47Z,27.114014,-165.443924
2025-04-11T20:04:48Z,27.114004,-165.443925
2025-04-11T20:04:49Z,27.113993,-165.443927
2025-04-11T20:04:50Z,27.113982,-165.443929
2025-04-11T20:04:51Z,27.113981,-165.443930
2025-04-11T20:04:52Z,27.113985,-165.443931
2025-04-11T20:04:53Z,27.113989,-165.443932
2025-04-11T20:04:54Z,27.113992,-165.443934
2025-04-11T20:04:55Z,27.113996,-165.443935
2025-04-11T20:04:56Z,27.113999,-165.443936
2025-04-11T20:04:57Z,27.114003,-165.443938
2025-04-11T20:04:58Z,27.114006,-165.443939
2025-04-11T20:04:59Z,27.114005,-165.443939
2025-04-11T20:05:00Z,27.114002,-165.443940
2025-04-11T20:05:01Z,27.114000,-165.443940
2025-04-11T20:05:02Z,27.113997,-165.443941
2025-04-11T20:05:03Z,27.113995,-165.443941
2025-04-11T20:05:04Z,27.113992,-165.443942
2025-04-11T20:05:05Z,27.113990,-165.443942
2025-04-11T20:05:06Z,27.113987,-165.443943
2025-04-11T20:05:07Z,27.113991,-165.443947
2025-04-11T20:05:08Z,27.113996,-165.443952
2025-04-11T20:05:09Z,27.114001,-165.443957
2025-04-11T20:05:10Z,27.114005,-165.443961
2025-04-11T20:05:11Z,27.114010,-165.443966
2025-04-11T20:05:12Z,27.114015,-165.443971
2025-04-11T20:05:13Z,27.114019,-165.443975
2025-04-11T20:05:14Z,27.114024,-165.443980
2025-04-11T20:05:15Z,27.114015,-165.443987
2025-04-11T20:05:16Z,27.114006,-165.443994
2025-04-11T20:05:17Z,27.113997,-165.444001
2025-04-11T20:05:18Z,27.113988,-165.444008
2025-04-11T20:05:19Z,27.113979,-165.444016
2025-04-11T20:05:20Z,27.113969,-165.444023
2025-04-11T20:05:21Z,27.113960,-165.444030
2025-04-11T20:05:22Z,27.113951,-165.444037
2025-04-11T20:05:23Z,27.113952,-165.444029
2025-04-11T20:05:24Z,27.113953,-165.444022
2025-04-11T20:05:25Z,27.113955,-165.444014
2025-04-11T20:05:26Z,27.113956,-165.444006
2025-04-11T20:05:27Z,27.113957,-165.443999
2025-04-11T20:05:28Z,27.113958,-165.443991
2025-04-11T20:05:29Z,27.113959,-165.443983
2025-04-11T20:05:30Z,27.113960,-165.443976
2025-04-11T20:05:31Z,27.113962,-165.443968
2025-04-11T20:05:32Z,27.113963,-165.443960
2025-04-11T20:05:33Z,27.113964,-165.443953
2025-04-11T20:05:34Z,27.113965,-165.443945
2025-04-11T20:05:35Z,27.113966,-165.443937
2025-04-11T20:05:36Z,27.113967,-165.443930
2025-04-11T20:05:37Z,27.113969,-165.443922
2025-04-11T20:05:38Z,27.113970,-165.443914
2025-04-11T20:05:39Z,27.113971,-165.443907
2025-04-11T20:05:40Z,27.113972,-165.443899
2025-04-11T20:05:41Z,27.113973,-165.443891
2025-04-11T20:05:42Z,27.113975,-165.443884
2025-04-11T20:05:43Z,27.113976,-165.443876
2025-04-11T20:05:44Z,27.113978,-165.443877
2025-04-11T20:05:45Z,27.113982,-165.443882
2025-04-11T20:05:46Z,27.113985,-165.443886
2025-04-11T20:05:47Z,27.113988,-165.443891
2025-04-11T20:05:48Z,27.113991,-165.443895
2025-04-11T20:05:49Z,27.113994,-165.443900
2025-04-11T20:05:50Z,27.113998,-165.443904
2025-04-11T20:05:51Z,27.114001,-165.443909
2025-04-11T20:05:52Z,27.113992,-165.443905
2025-04-11T20:05:53Z,27.113982,-165.443901
2025-04-11T20:05:54Z,27.113973,-165.443897
2025-04-11T20:05:55Z,27.113963,-165.443893
2025-04-11T20:05:56Z,27.113953,-165.443889
2025-04-11T20:05:57Z,27.113944,-165.443885
2025-04-11T20:05:58Z,27.113934,-165.443881
2025-04-11T20:05:59Z,27.113924,-165.443877
2025-04-11T20:06:00Z,27.113934,-165.443881
2025-04-11T20:06:01Z,27.113945,-165.443885
2025-04-11T20:06:02Z,27.113956,-165.443889
2025-04-11T20:06:03Z,27.113966,-165.443893
2025-04-11T20:06:04Z,27.113977,-165.443897
2025-04-11T20:06:05Z,27.113988,-165.443901
2025-04-11T20:06:06Z,27.113998,-165.443905
2025-04-11T20:06:07Z,27.114009,-165.443909
2025-04-11T20:06:08Z,27.114008,-165.443908
2025-04-11T20:06:09Z,27.114007,-165.443907
2025-04-11T20:06:10Z,27.114006,-165.443907
2025-04-11T20:06:11Z,27.114004,-165.443906
2025-04-11T20:06:12Z,27.114003,-165.443905
2025-04-11T20:06:13Z,27.114002,-165.443904
2025-04-11T20:06:14Z,27.114001,-165.443904
2025-04-11T20:06:15Z,27.114000,-165.443902
2025-04-11T20:06:16Z,27.113999,-165.443898
2025-04-11T20:06:17Z,27.113998,-165.443893
2025-04-11T20:06:18Z,27.113997,-165.443889
2025-04-11T20:06:19Z,27.113995,-165.443884
2025-04-11T20:06:20Z,27.113994,-165.443879
2025-04-11T20:06:21Z,27.113993,-165.443875
2025-04-11T20:06:22Z,27.113992,-165.443870
2025-04-11T20:06:23Z,27.113991,-165.443866
2025-04-11T20:06:24Z,27.113989,-165.443861
2025-04-11T20:06:25Z,27.113986,-165.443857
2025-04-11T20:06:26Z,27.113984,-165.443852
2025-04-11T20:06:27Z,27.113982,-165.443848
2025-04-11T20:06:28Z,27.113980,-165.443843
2025-04-11T20:06:29Z,27.113978,-165.443839
2025-04-11T20:06:30Z,27.113976,-165.443834
2025-04-11T20:06:31Z,27.113973,-165.443832
2025-04-11T20:06:32Z,27.113971,-165.443833
2025-04-11T20:06:33Z,27.113969,-165.443835
2025-04-11T20:06:34Z,27.113967,-165.443837
2025-04-11T20:06:35Z,27.113965,-165.443839
2025-04-11T20:06:36Z,27.113963,-165.443841
2025-04-11T20:06:37Z,27.113961,-165.443843
2025-04-11T20:06:38Z,27.113959,-165.443845
2025-04-11T20:06:39Z,27.113957,-165.443847
2025-04-11T20:06:40Z,27.113955,-165.443849
2025-04-11T20:06:41Z,27.113953,-165.443851
2025-04-11T20:06:42Z,27.113951,-165.443853
2025-04-11T20:06:43Z,27.113949,-165.443855
2025-04-11T20:06:44Z,27.113947,-165.443856
2025-04-11T20:06:45Z,27.113945,-165.443858
2025-04-11T20:06:46Z,27.113943,-165.443860
2025-04-11T20:06:47Z,27.113940,-165.443862
2025-04-11T20:06:48Z,27.113938,-165.443864
2025-04-11T20:06:49Z,27.113936,-165.443866
2025-04-11T20:06:50Z,27.113934,-165.443868
2025-04-11T20:06:51Z,27.113932,-165.443870
2025-04-11T20:06:52Z,27.113930,-165.443872
2025-04-11T20:06:53Z,27.113932,-165.443871
2025-04-11T20:06:54Z,27.113935,-165.443870
2025-04-11T20:06:55Z,27.113937,-165.443869
2025-04-11T20:06:56Z,27.113940,-165.443868
2025-04-11T20:06:57Z,27.113942,-165.443867
2025-04-11T20:06:58Z,27.113945,-165.443866
2025-04-11T20:06:59Z,27.113947,-165.443865
2025-04-11T20:07:00Z,27.113950,-165.443864
2025-04-11T20:07:01Z,27.113952,-165.443863
2025-04-11T20:07:02Z,27.113954,-165.443862
2025-04-11T20:07:03Z,27.113957,-165.443861
2025-04-11T20:07:04Z,27.113959,-165.443860
2025-04-11T20:07:05Z,27.113962,-165.443859
2025-04-11T20:07:06Z,27.113964,-165.443858
2025-04-11T20:07:07Z,27.113967,-165.443857
2025-04-11T20:07:08Z,27.113969,-165.443856
2025-04-11T20:07:09Z,27.113972,-165.443855
2025-04-11T20:07:10Z,27.113974,-165.443854
2025-04-11T20:07:11Z,27.113977,-165.443853
2025-04-11T20:07:12Z,27.113979,-165.443852
2025-04-11T20:07:13Z,27.113982,-165.443851
2025-04-11T20:07:14Z,27.113981,-165.443855
2025-04-11T20:07:15Z,27.113979,-165.443859
2025-04-11T20:07:16Z,27.113977,-165.443863
2025-04-11T20:07:17Z,27.113975,-165.443868
2025-04-11T20:07:18Z,27.113974,-165.443872
2025-04-11T20:07:19Z,27.113972,-165.443877
2025-04-11T20:07:20Z,27.113970,-165.443881
2025-04-11T20:07:21Z,27.113968,-165.443885
2025-04-11T20:07:22Z,27.113970,-165.443884
2025-04-11T20:07:23Z,27.113973,-165.443882
2025-04-11T20:07:24Z,27.113976,-165.443879
2025-04-11T20:07:25Z,27.113979,-165.443877
2025-04-11T20:07:26Z,27.113982,-165.443875
2025-04-11T20:07:27Z,27.113985,-165.443873
2025-04-11T20:07:28Z,27.113988,-165.443870
2025-04-11T20:07:29Z,27.113991,-165.443868
2025-04-11T20:07:30Z,27.113989,-165.443874
2025-04-11T20:07:31Z,27.113987,-165.443881
2025-04-11T20:07:32Z,27.113984,-165.443888
2025-04-11T20:07:33Z,27.113982,-165.443894
2025-04-11T20:07:34Z,27.113980,-165.443901
2025-04-11T20:07:35Z,27.113977,-165.443907
2025-04-11T20:07:36Z,27.113975,-165.443914
2025-04-11T20:07:37Z,27.113973,-165.443920
2025-04-11T20:07:38Z,27.113968,-165.443916
2025-04-11T20:07:39Z,27.113964,-165.443913
2025-04-11T20:07:40Z,27.113960,-165.443910
2025-04-11T20:07:41Z,27.113955,-165.443906
2025-04-11T20:07:42Z,27.113951,-165.443903
2025-04-11T20:07:43Z,27.113946,-165.443899
2025-04-11T20:07:44Z,27.113942,-165.443896
2025-04-11T20:07:45Z,27.113938,-165.443892
2025-04-11T20:07:46Z,27.113933,-165.443889
2025-04-11T20:07:47Z,27.113929,-165.443886
2025-04-11T20:07:48Z,27.113924,-165.443882
2025-04-11T20:07:49Z,27.113920,-165.443879
2025-04-11T20:07:50Z,27.113916,-165.443875
2025-04-11T20:07:51Z,27.113911,-165.443872
2025-04-11T20:07:52Z,27.113907,-165.443869
2025-04-11T20:07:53Z,27.113902,-165.443865
2025-04-11T20:07:54Z,27.113898,-165.443862
2025-04-11T20:07:55Z,27.113894,-165.443858
2025-04-11T20:07:56Z,27.113889,-165.443855
2025-04-11T20:07:57Z,27.113885,-165.443852
2025-04-11T20:07:58Z,27.113880,-165.443848
2025-04-11T20:07:59Z,27.113889,-165.443844
2025-04-11T20:08:00Z,27.113905,-165.443839
2025-04-11T20:08:01Z,27.113921,-165.443834
2025-04-11T20:08:02Z,27.113936,-165.443828
2025-04-11T20:08:03Z,27.113952,-165.443823
2025-04-11T20:08:04Z,27.113968,-165.443818
2025-04-11T20:08:05Z,27.113984,-165.443813
2025-04-11T20:08:06Z,27.113999,-165.443808
2025-04-11T20:08:07Z,27.113998,-165.443818
2025-04-11T20:08:08Z,27.113997,-165.443829
2025-04-11T20:08:09Z,27.113995,-165.443839
2025-04-11T20:08:10Z,27.113993,-165.443850
2025-04-11T20:08:11Z,27.113991,-165.443861
2025-04-11T20:08:12Z,27.113990,-165.443871
2025-04-11T20:08:13Z,27.113988,-165.443882
2025-04-11T20:08:14Z,27.113986,-165.443893
2025-04-11T20:08:15Z,27.113984,-165.443887
2025-04-11T20:08:16Z,27.113982,-165.443881
2025-04-11T20:08:17Z,27.113980,-165.443875
2025-04-11T20:08:18Z,27.113978,-165.443869
2025-04-11T20:08:19Z,27.113976,-165.443863
2025-04-11T20:08:20Z,27.113974,-165.443856
2025-04-11T20:08:21Z,27.113972,-165.443850
2025-04-11T20:08:22Z,27.113970,-165.443844
2025-04-11T20:08:23Z,27.113975,-165.443847
2025-04-11T20:08:24Z,27.113980,-165.443851
2025-04-11T20:08:25Z,27.113986,-165.443855
2025-04-11T20:08:26Z,27.113991,-165.443858
2025-04-11T20:08:27Z,27.113996,-165.443862
2025-04-11T20:08:28Z,27.114001,-165.443865
2025-04-11T20:08:29Z,27.114007,-165.443869
2025-04-11T20:08:30Z,27.114010,-165.443873
2025-04-11T20:08:31Z,27.114007,-165.443880
2025-04-11T20:08:32Z,27.114004,-165.443887
2025-04-11T20:08:33Z,27.114001,-165.443894
2025-04-11T20:08:34Z,27.113998,-165.443901
2025-04-11T20:08:35Z,27.113995,-165.443907
2025-04-11T20:08:36Z,27.113992,-165.443914
2025-04-11T20:08:37Z,27.113989,-165.443921
2025-04-11T20:08:38Z,27.113987,-165.443927
2025-04-11T20:08:39Z,27.113996,-165.443924
2025-04-11T20:08:40Z,27.114004,-165.443922
2025-04-11T20:08:41Z,27.114013,-165.443920
2025-04-11T20:08:42Z,27.114021,-165.443918
2025-04-11T20:08:43Z,27.114030,-165.443916
2025-04-11T20:08:44Z,27.114038,-165.443913
2025-04-11T20:08:45Z,27.114047,-165.443911
2025-04-11T20:08:46Z,27.114049,-165.443910
2025-04-11T20:08:47Z,27.114043,-165.443909
2025-04-11T20:08:48Z,27.114038,-165.443908
2025-04-11T20:08:49Z,27.114033,-165.443907
2025-04-11T20:08:50Z,27.114028,-165.443907
2025-04-11T20:08:51Z,27.114023,-165.443906
2025-04-11T20:08:52Z,27.114018,-165.443905
2025-04-11T20:08:53Z,27.114013,-165.443904
2025-04-11T20:08:54Z,27.114008,-165.443906
2025-04-11T20:08:55Z,27.114005,-165.443911
2025-04-11T20:08:56Z,27.114002,-165.443916
2025-04-11T20:08:57Z,27.113999,-165.443921
2025-04-11T20:08:58Z,27.113996,-165.443925
2025-04-11T20:08:59Z,27.113992,-165.443930
2025-04-11T20:09:00Z,27.113989,-165.443935
2025-04-11T20:09:01Z,27.113986,-165.443939
2025-04-11T20:09:02Z,27.113985,-165.443939
2025-04-11T20:09:03Z,27.113984,-165.443935
2025-04-11T20:09:04Z,27.113984,-165.443932
2025-04-11T20:09:05Z,27.113984,-165.443928
2025-04-11T20:09:06Z,27.113983,-165.443925
2025-04-11T20:09:07Z,27.113983,-165.443921
2025-04-11T20:09:08Z,27.113983,-165.443918
2025-04-11T20:09:09Z,27.113982,-165.443914
2025-04-11T20:09:10Z,27.113982,-165.443911
2025-04-11T20:09:11Z,27.113982,-165.443907
2025-04-11T20:09:12Z,27.113982,-165.443904
2025-04-11T20:09:13Z,27.113981,-165.443900
2025-04-11T20:09:14Z,27.113981,-165.443897
2025-04-11T20:09:15Z,27.113981,-165.443893
2025-04-11T20:09:16Z,27.113980,-165.443890
2025-04-11T20:09:17Z,27.113980,-165.443886
2025-04-11T20:09:18Z,27.113980,-165.443883
2025-04-11T20:09:19Z,27.113979,-165.443879
2025-04-11T20:09:20Z,27.113979,-165.443875
2025-04-11T20:09:21Z,27.113979,-165.443872
2025-04-11T20:09:22Z,27.113978,-165.443868
2025-04-11T20:09:23Z,27.113978,-165.443866
2025-04-11T20:09:24Z,27.113979,-165.443867
2025-04-11T20:09:25Z,27.113980,-165.443868
2025-04-11T20:09:26Z,27.113980,-165.443869
2025-04-11T20:09:27Z,27.113981,-165.443870
2025-04-11T20:09:28Z,27.113981,-165.443871
2025-04-11T20:09:29Z,27.113982,-165.443872
2025-04-11T20:09:30Z,27.113983,-165.443872
2025-04-11T20:09:31Z,27.113983,-165.443873
2025-04-11T20:09:32Z,27.113984,-165.443874
2025-04-11T20:09:33Z,27.113985,-165.443875
2025-04-11T20:09:34Z,27.113985,-165.443876
2025-04-11T20:09:35Z,27.113986,-165.443877
2025-04-11T20:09:36Z,27.113987,-165.443878
2025-04-11T20:09:37Z,27.113987,-165.443879
2025-04-11T20:09:38Z,27.113988,-165.443880
2025-04-11T20:09:39Z,27.113989,-165.443880
2025-04-11T20:09:40Z,27.113989,-165.443881
2025-04-11T20:09:41Z,27.113990,-165.443882
2025-04-11T20:09:42Z,27.113991,-165.443883
2025-04-11T20:09:43Z,27.113991,-165.443884
2025-04-11T20:09:44Z,27.113992,-165.443885
2025-04-11T20:09:45Z,27.113994,-165.443886
2025-04-11T20:09:46Z,27.113996,-165.443886
2025-04-11T20:09:47Z,27.113998,-165.443887
2025-04-11T20:09:48Z,27.114000,-165.443887
2025-04-11T20:09:49Z,27.114002,-165.443888
2025-04-11T20:09:50Z,27.114003,-165.443889
2025-04-11T20:09:51Z,27.114005,-165.443889
2025-04-11T20:09:52Z,27.114007,-165.443890
2025-04-11T20:09:53Z,27.114009,-165.443890
2025-04-11T20:09:54Z,27.114011,-165.443891
2025-04-11T20:09:55Z,27.114013,-165.443892
2025-04-11T20:09:56Z,27.114015,-165.443892
2025-04-11T20:09:57Z,27.114017,-165.443893
2025-04-11T20:09:58Z,27.114019,-165.443894
2025-04-11T20:09:59Z,27.114021,-165.443894
2025-04-11T20:10:00Z,27.114023,-165.443895
2025-04-11T20:10:01Z,27.114025,-165.443895
2025-04-11T20:10:02Z,27.114027,-165.443896
2025-04-11T20:10:03Z,27.114029,-165.443897
2025-04-11T20:10:04Z,27.114031,-165.443897
2025-04-11T20:10:05Z,27.114033,-165.443898
2025-04-11T20:10:06Z,27.114029,-165.443895
2025-04-11T20:10:07Z,27.114023,-165.443892
2025-04-11T20:10:08Z,27.114018,-165.443888
2025-04-11T20:10:09Z,27.114012,-165.443884
2025-04-11T20:10:10Z,27.114007,-165.443881
2025-04-11T20:10:11Z,27.114001,-165.443877
2025-04-11T20:10:12Z,27.113995,-165.443873
2025-04-11T20:10:13Z,27.113990,-165.443870
2025-04-11T20:10:14Z,27.113994,-165.443872
2025-04-11T20:10:15Z,27.114000,-165.443875
2025-04-11T20:10:16Z,27.114006,-165.443879
2025-04-11T20:10:17Z,27.114013,-165.443882
2025-04-11T20:10:18Z,27.114019,-165.443885
2025-04-11T20:10:19Z,27.114025,-165.443889
2025-04-11T20:10:20Z,27.114031,-165.443892
2025-04-11T20:10:21Z,27.114037,-165.443896
2025-04-11T20:10:22Z,27.114033,-165.443898
2025-04-11T20:10:23Z,27.114028,-165.443899
2025-04-11T20:10:24Z,27.114023,-165.443901
2025-04-11T20:10:25Z,27.114017,-165.443903
2025-04-11T20:10:26Z,27.114012,-165.443905
2025-04-11T20:10:27Z,27.114007,-165.443906
2025-04-11T20:10:28Z,27.114001,-165.443908
2025-04-11T20:10:29Z,27.113996,-165.443910
2025-04-11T20:10:30Z,27.113994,-165.443909
2025-04-11T20:10:31Z,27.113991,-165.443908
2025-04-11T20:10:32Z,27.113989,-165.443907
2025-04-11T20:10:33Z,27.113986,-165.443906
2025-04-11T20:10:34Z,27.113984,-165.443904
2025-04-11T20:10:35Z,27.113982,-165.443903
2025-04-11T20:10:36Z,27.113979,-165.443902
2025-04-11T20:10:37Z,27.113977,-165.443901
2025-04-11T20:10:38Z,27.113975,-165.443900
2025-04-11T20:10:39Z,27.113972,-165.443899
2025-04-11T20:10:40Z,27.113970,-165.443898
2025-04-11T20:10:41Z,27.113967,-165.443897
2025-04-11T20:10:42Z,27.113965,-165.443895
2025-04-11T20:10:43Z,27.113963,-165.443894
2025-04-11T20:10:44Z,27.113960,-165.443893
2025-04-11T20:10:45Z,27.113958,-165.443892
2025-04-11T20:10:46Z,27.113956,-165.443891
2025-04-11T20:10:47Z,27.113953,-165.443890
2025-04-11T20:10:48Z,27.113951,-165.443889
2025-04-11T20:10:49Z,27.113948,-165.443888
2025-04-11T20:10:50Z,27.113946,-165.443887
2025-04-11T20:10:51Z,27.113947,-165.443887
2025-04-11T20:10:52Z,27.113952,-165.443890
2025-04-11T20:10:53Z,27.113956,-165.443892
2025-04-11T20:10:54Z,27.113961,-165.443894
2025-04-11T20:10:55Z,27.113965,-165.443897
2025-04-11T20:10:56Z,27.113969,-165.443899
2025-04-11T20:10:57Z,27.113974,-165.443901
2025-04-11T20:10:58Z,27.113978,-165.443904
2025-04-11T20:10:59Z,27.113983,-165.443906
2025-04-11T20:11:00Z,27.113987,-165.443908
2025-04-11T20:11:01Z,27.113992,-165.443911
2025-04-11T20:11:02Z,27.113996,-165.443913
2025-04-11T20:11:03Z,27.114000,-165.443915
2025-04-11T20:11:04Z,27.114005,-165.443918
2025-04-11T20:11:05Z,27.114009,-165.443920
2025-04-11T20:11:06Z,27.114014,-165.443922
2025-04-11T20:11:07Z,27.114018,-165.443925
2025-04-11T20:11:08Z,27.114022,-165.443927
2025-04-11T20:11:09Z,27.114027,-165.443930
2025-04-11T20:11:10Z,27.114031,-165.443932
2025-04-11T20:11:11Z,27.114036,-165.443934
2025-04-11T20:11:12Z,27.114040,-165.443934
2025-04-11T20:11:13Z,27.114045,-165.443927
2025-04-11T20:11:14Z,27.114050,-165.443920
2025-04-11T20:11:15Z,27.114054,-165.443913
2025-04-11T20:11:16Z,27.114059,-165.443905
2025-04-11T20:11:17Z,27.114064,-165.443898
2025-04-11T20:11:18Z,27.114068,-165.443891
2025-04-11T20:11:19Z,27.114073,-165.443884
2025-04-11T20:11:20Z,27.114076,-165.443879
2025-04-11T20:11:21Z,27.114076,-165.443881
2025-04-11T20:11:22Z,27.114076,-165.443882
2025-04-11T20:11:23Z,27.114077,-165.443883
2025-04-11T20:11:24Z,27.114077,-165.443884
2025-04-11T20:11:25Z,27.114077,-165.443885
2025-04-11T20:11:26Z,27.114077,-165.443887
2025-04-11T20:11:27Z,27.114077,-165.443888
2025-04-11T20:11:28Z,27.114078,-165.443889
2025-04-11T20:11:29Z,27.114078,-165.443890
2025-04-11T20:11:30Z,27.114078,-165.443891
2025-04-11T20:11:31Z,27.114078,-165.443892
2025-04-11T20:11:32Z,27.114078,-165.443894
2025-04-11T20:11:33Z,27.114079,-165.443895
2025-04-11T20:11:34Z,27.114079,-165.443896
2025-04-11T20:11:35Z,27.114079,-165.443897
2025-04-11T20:11:36Z,27.114079,-165.443898
2025-04-11T20:11:37Z,27.114079,-165.443900
2025-04-11T20:11:38Z,27.114079,-165.443901
2025-04-11T20:11:39Z,27.114080,-165.443902
2025-04-11T20:11:40Z,27.114080,-165.443903
2025-04-11T20:11:41Z,27.114079,-165.443905
2025-04-11T20:11:42Z,27.114075,-165.443908
2025-04-11T20:11:43Z,27.114071,-165.443911
2025-04-11T20:11:44Z,27.114067,-165.443915
2025-04-11T20:11:45Z,27.114063,-165.443918
2025-04-11T20:11:46Z,27.114059,-165.443922
2025-04-11T20:11:47Z,27.114055,-165.443925
2025-04-11T20:11:48Z,27.114051,-165.443929
2025-04-11T20:11:49Z,27.114048,-165.443931
2025-04-11T20:11:50Z,27.114048,-165.443930
2025-04-11T20:11:51Z,27.114049,-165.443930
2025-04-11T20:11:52Z,27.114049,-165.443930
2025-04-11T20:11:53Z,27.114049,-165.443929
2025-04-11T20:11:54Z,27.114050,-165.443929
2025-04-11T20:11:55Z,27.114050,-165.443928
2025-04-11T20:11:56Z,27.114050,-165.443928
2025-04-11T20:11:57Z,27.114051,-165.443928
2025-04-11T20:11:58Z,27.114051,-165.443927
2025-04-11T20:11:59Z,27.114051,-165.443927
2025-04-11T20:12:00Z,27.114052,-165.443926
2025-04-11T20:12:01Z,27.114052,-165.443926
2025-04-11T20:12:02Z,27.114052,-165.443925
2025-04-11T20:12:03Z,27.114053,-165.443925
2025-04-11T20:12:04Z,27.114053,-165.443925
2025-04-11T20:12:05Z,27.114053,-165.443924
2025-04-11T20:12:06Z,27.114054,-165.443924
2025-04-11T20:12:07Z,27.114054,-165.443923
2025-04-11T20:12:08Z,27.114054,-165.443923
2025-04-11T20:12:09Z,27.114055,-165.443922
2025-04-11T20:12:10Z,27.114055,-165.443922
2025-04-11T20:12:11Z,27.114053,-165.443927
2025-04-11T20:12:12Z,27.114051,-165.443932
2025-04-11T20:12:13Z,27.114049,-165.443936
2025-04-11T20:12:14Z,27.114047,-165.443941
2025-04-11T20:12:15Z,27.114045,-165.443946
2025-04-11T20:12:16Z,27.114043,-165.443951
2025-04-11T20:12:17Z,27.114041,-165.443956
2025-04-11T20:12:18Z,27.114039,-165.443961
2025-04-11T20:12:19Z,27.114037,-165.443965
2025-04-11T20:12:20Z,27.114035,-165.443970
2025-04-11T20:12:21Z,27.114033,-165.443975
2025-04-11T20:12:22Z,27.114031,-165.443980
2025-04-11T20:12:23Z,27.114029,-165.443985
2025-04-11T20:12:24Z,27.114027,-165.443990
2025-04-11T20:12:25Z,27.114025,-165.443995
2025-04-11T20:12:26Z,27.114023,-165.443999
2025-04-11T20:12:27Z,27.114021,-165.444004
2025-04-11T20:12:28Z,27.114019,-165.444009
2025-04-11T20:12:29Z,27.114017,-165.444014
2025-04-11T20:12:30Z,27.114015,-165.444019
2025-04-11T20:12:31Z,27.114013,-165.444024
2025-04-11T20:12:32Z,27.114013,-165.444024
2025-04-11T20:12:33Z,27.114014,-165.444024
2025-04-11T20:12:34Z,27.114015,-165.444023
2025-04-11T20:12:35Z,27.114015,-165.444022
2025-04-11T20:12:36Z,27.114016,-165.444021
2025-04-11T20:12:37Z,27.114017,-165.444021
2025-04-11T20:12:38Z,27.114018,-165.444020
2025-04-11T20:12:39Z,27.114019,-165.444019
2025-04-11T20:12:40Z,27.114020,-165.444018
2025-04-11T20:12:41Z,27.114021,-165.444018
2025-04-11T20:12:42Z,27.114022,-165.444017
2025-04-11T20:12:43Z,27.114023,-165.444016
2025-04-11T20:12:44Z,27.114024,-165.444015
2025-04-11T20:12:45Z,27.114025,-165.444015
2025-04-11T20:12:46Z,27.114026,-165.444014
2025-04-11T20:12:47Z,27.114027,-165.444013
2025-04-11T20:12:48Z,27.114028,-165.444012
2025-04-11T20:12:49Z,27.114029,-165.444012
2025-04-11T20:12:50Z,27.114030,-165.444011
2025-04-11T20:12:51Z,27.114031,-165.444010
2025-04-11T20:12:52Z,27.114031,-165.444009
2025-04-11T20:12:53Z,27.114031,-165.444008
2025-04-11T20:12:54Z,27.114028,-165.444007
2025-04-11T20:12:55Z,27.114026,-165.444006
2025-04-11T20:12:56Z,27.114023,-165.444005
2025-04-11T20:12:57Z,27.114021,-165.444004
2025-04-11T20:12:58Z,27.114018,-165.444002
2025-04-11T20:12:59Z,27.114016,-165.444001
2025-04-11T20:13:00Z,27.114013,-165.444000
2025-04-11T20:13:01Z,27.114011,-165.443999
2025-04-11T20:13:02Z,27.114008,-165.443997
2025-04-11T20:13:03Z,27.114006,-165.443996
2025-04-11T20:13:04Z,27.114004,-165.443995
2025-04-11T20:13:05Z,27.114001,-165.443994
2025-04-11T20:13:06Z,27.113999,-165.443993
2025-04-11T20:13:07Z,27.113996,-165.443991
2025-04-11T20:13:08Z,27.113994,-165.443990
2025-04-11T20:13:09Z,27.113991,-165.443989
2025-04-11T20:13:10Z,27.113989,-165.443988
2025-04-11T20:13:11Z,27.113986,-165.443986
2025-04-11T20:13:12Z,27.113984,-165.443985
2025-04-11T20:13:13Z,27.113981,-165.443984
2025-04-11T20:13:14Z,27.113979,-165.443983
2025-04-11T20:13:15Z,27.113979,-165.443981
2025-04-11T20:13:16Z,27.113980,-165.443979
2025-04-11T20:13:17Z,27.113980,-165.443978
2025-04-11T20:13:18Z,27.113981,-165.443976
2025-04-11T20:13:19Z,27.113981,-165.443974
2025-04-11T20:13:20Z,27.113981,-165.443972
2025-04-11T20:13:21Z,27.113982,-165.443971
2025-04-11T20:13:22Z,27.113983,-165.443969
2025-04-11T20:13:23Z,27.113989,-165.443968
2025-04-11T20:13:24Z,27.113995,-165.443967
2025-04-11T20:13:25Z,27.114001,-165.443966
2025-04-11T20:13:26Z,27.114007,-165.443965
2025-04-11T20:13:27Z,27.114013,-165.443964
2025-04-11T20:13:28Z,27.114019,-165.443964
2025-04-11T20:13:29Z,27.114025,-165.443963
2025-04-11T20:13:30Z,27.114029,-165.443961
2025-04-11T20:13:31Z,27.114027,-165.443959
2025-04-11T20:13:32Z,27.114026,-165.443957
2025-04-11T20:13:33Z,27.114025,-165.443955
2025-04-11T20:13:34Z,27.114023,-165.443953
2025-04-11T20:13:35Z,27.114022,-165.443951
2025-04-11T20:13:36Z,27.114020,-165.443949
2025-04-11T20:13:37Z,27.114019,-165.443947
2025-04-11T20:13:38Z,27.114018,-165.443945
2025-04-11T20:13:39Z,27.114016,-165.443942
2025-04-11T20:13:40Z,27.114014,-165.443940
2025-04-11T20:13:41Z,27.114013,-165.443937
2025-04-11T20:13:42Z,27.114011,-165.443934
2025-04-11T20:13:43Z,27.114009,-165.443931
2025-04-11T20:13:44Z,27.114008,-165.443928
2025-04-11T20:13:45Z,27.114006,-165.443926
2025-04-11T20:13:46Z,27.114004,-165.443923
2025-04-11T20:13:47Z,27.114003,-165.443920
2025-04-11T20:13:48Z,27.114001,-165.443917
2025-04-11T20:13:49Z,27.114000,-165.443914
2025-04-11T20:13:50Z,27.113998,-165.443912
2025-04-11T20:13:51Z,27.113996,-165.443909
2025-04-11T20:13:52Z,27.113995,-165.443906
2025-04-11T20:13:53Z,27.113993,-165.443903
2025-04-11T20:13:54Z,27.113991,-165.443900
2025-04-11T20:13:55Z,27.113990,-165.443898
2025-04-11T20:13:56Z,27.113988,-165.443895
2025-04-11T20:13:57Z,27.113987,-165.443892
2025-04-11T20:13:58Z,27.113985,-165.443889
2025-04-11T20:13:59Z,27.113983,-165.443886
2025-04-11T20:14:00Z,27.113984,-165.443887
2025-04-11T20:14:01Z,27.113985,-165.443887
2025-04-11T20:14:02Z,27.113986,-165.443888
2025-04-11T20:14:03Z,27.113987,-165.443889
2025-04-11T20:14:04Z,27.113988,-165.443890
2025-04-11T20:14:05Z,27.113989,-165.443891
2025-04-11T20:14:06Z,27.113990,-165.443891
2025-04-11T20:14:07Z,27.113991,-165.443893
2025-04-11T20:14:08Z,27.113994,-165.443898
2025-04-11T20:14:09Z,27.113997,-165.443903
2025-04-11T20:14:10Z,27.113999,-165.443908
2025-04-11T20:14:11Z,27.114002,-165.443914
2025-04-11T20:14:12Z,27.114005,-165.443919
2025-04-11T20:14:13Z,27.114007,-165.443924
2025-04-11T20:14:14Z,27.114010,-165.443929
2025-04-11T20:14:15Z,27.114012,-165.443932
2025-04-11T20:14:16Z,27.114012,-165.443927
2025-04-11T20:14:17Z,27.114012,-165.443921
2025-04-11T20:14:18Z,27.114012,-165.443916
2025-04-11T20:14:19Z,27.114013,-165.443911
2025-04-11T20:14:20Z,27.114013,-165.443906
2025-04-11T20:14:21Z,27.114013,-165.443901
2025-04-11T20:14:22Z,27.114013,-165.443896
2025-04-11T20:14:23Z,27.114013,-165.443893
2025-04-11T20:14:24Z,27.114013,-165.443897
2025-04-11T20:14:25Z,27.114012,-165.443901
2025-04-11T20:14:26Z,27.114012,-165.443905
2025-04-11T20:14:27Z,27.114011,-165.443910
2025-04-11T20:14:28Z,27.114011,-165.443914
2025-04-11T20:14:29Z,27.114011,-165.443918
2025-04-11T20:14:30Z,27.114010,-165.443922
2025-04-11T20:14:31Z,27.114010,-165.443925
2025-04-11T20:14:32Z,27.114012,-165.443922
2025-04-11T20:14:33Z,27.114014,-165.443920
2025-04-11T20:14:34Z,27.114016,-165.443918
2025-04-11T20:14:35Z,27.114017,-165.443916
2025-04-11T20:14:36Z,27.114019,-165.443914
2025-04-11T20:14:37Z,27.114021,-165.443912
2025-04-11T20:14:38Z,27.114022,-165.443910
2025-04-11T20:14:39Z,27.114020,-165.443906
2025-04-11T20:14:40Z,27.114015,-165.443901
2025-04-11T20:14:41Z,27.114010,-165.443896
2025-04-11T20:14:42Z,27.114005,-165.443891
2025-04-11T20:14:43Z,27.114000,-165.443886
2025-04-11T20:14:44Z,27.113995,-165.443881
2025-04-11T20:14:45Z,27.113990,-165.443877
2025-04-11T20:14:46Z,27.113985,-165.443872
2025-04-11T20:14:47Z,27.113983,-165.443873
2025-04-11T20:14:48Z,27.113984,-165.443877
2025-04-11T20:14:49Z,27.113984,-165.443881
2025-04-11T20:14:50Z,27.113985,-165.443885
2025-04-11T20:14:51Z,27.113985,-165.443888
2025-04-11T20:14:52Z,27.113986,-165.443892
2025-04-11T20:14:53Z,27.113986,-165.443896
2025-04-11T20:14:54Z,27.113987,-165.443900
2025-04-11T20:14:55Z,27.113987,-165.443904
2025-04-11T20:14:56Z,27.113987,-165.443908
2025-04-11T20:14:57Z,27.113987,-165.443912
2025-04-11T20:14:58Z,27.113987,-165.443916
2025-04-11T20:14:59Z,27.113988,-165.443920
2025-04-11T20:15:00Z,27.113988,-165.443924
2025-04-11T20:15:01Z,27.113988,-165.443927
2025-04-11T20:15:02Z,27.113988,-165.443931
2025-04-11T20:15:03Z,27.113988,-165.443928
2025-04-11T20:15:04Z,27.113988,-165.443923
2025-04-11T20:15:05Z,27.113989,-165.443918
2025-04-11T20:15:06Z,27.113989,-165.443914
2025-04-11T20:15:07Z,27.113989,-165.443909
2025-04-11T20:15:08Z,27.113989,-165.443904
2025-04-11T20:15:09Z,27.113990,-165.443899
2025-04-11T20:15:10Z,27.113990,-165.443894
2025-04-11T20:15:11Z,27.113990,-165.443889
2025-04-11T20:15:12Z,27.113990,-165.443884
2025-04-11T20:15:13Z,27.113991,-165.443880
2025-04-11T20:15:14Z,27.113991,-165.443875
2025-04-11T20:15:15Z,27.113991,-165.443870
2025-04-11T20:15:16Z,27.113991,-165.443865
2025-04-11T20:15:17Z,27.113991,-165.443860
2025-04-11T20:15:18Z,27.113992,-165.443855
2025-04-11T20:15:19Z,27.113992,-165.443850
2025-04-11T20:15:20Z,27.113992,-165.443846
2025-04-11T20:15:21Z,27.113992,-165.443841
2025-04-11T20:15:22Z,27.113993,-165.443836
2025-04-11T20:15:23Z,27.113993,-165.443831
2025-04-11T20:15:24Z,27.113993,-165.443829
2025-04-11T20:15:25Z,27.113994,-165.443828
2025-04-11T20:15:26Z,27.113995,-165.443828
2025-04-11T20:15:27Z,27.113996,-165.443827
2025-04-11T20:15:28Z,27.113997,-165.443827
2025-04-11T20:15:29Z,27.113998,-165.443826
2025-04-11T20:15:30Z,27.113999,-165.443826
2025-04-11T20:15:31Z,27.114000,-165.443825
2025-04-11T20:15:32Z,27.114003,-165.443824
2025-04-11T20:15:33Z,27.114008,-165.443823
2025-04-11T20:15:34Z,27.114012,-165.443822
2025-04-11T20:15:35Z,27.114017,-165.443821
2025-04-11T20:15:36Z,27.114022,-165.443820
2025-04-11T20:15:37Z,27.114027,-165.443819
2025-04-11T20:15:38Z,27.114031,-165.443818
2025-04-11T20:15:39Z,27.114036,-165.443817
2025-04-11T20:15:40Z,27.114034,-165.443816
2025-04-11T20:15:41Z,27.114029,-165.443814
2025-04-11T20:15:42Z,27.114023,-165.443813
2025-04-11T20:15:43Z,27.114018,-165.443811
2025-04-11T20:15:44Z,27.114012,-165.443810
2025-04-11T20:15:45Z,27.114007,-165.443808
2025-04-11T20:15:46Z,27.114001,-165.443807
2025-04-11T20:15:47Z,27.113996,-165.443805
2025-04-11T20:15:48Z,27.113999,-165.443812
2025-04-11T20:15:49Z,27.114004,-165.443821
2025-04-11T20:15:50Z,27.114009,-165.443829
2025-04-11T20:15:51Z,27.114014,-165.443837
2025-04-11T20:15:52Z,27.114018,-165.443845
2025-04-11T20:15:53Z,27.114023,-165.443854
2025-04-11T20:15:54Z,27.114028,-165.443862
2025-04-11T20:15:55Z,27.114033,-165.443870
2025-04-11T20:15:56Z,27.114034,-165.443873
2025-04-11T20:15:57Z,27.114035,-165.443875
2025-04-11T20:15:58Z,27.114037,-165.443877
2025-04-11T20:15:59Z,27.114038,-165.443878
2025-04-11T20:16:00Z,27.114039,-165.443880
2025-04-11T20:16:01Z,27.114040,-165.443882
2025-04-11T20:16:02Z,27.114042,-165.443884
2025-04-11T20:16:03Z,27.114043,-165.443886
2025-04-11T20:16:04Z,27.114040,-165.443874
2025-04-11T20:16:05Z,27.114037,-165.443862
2025-04-11T20:16:06Z,27.114034,-165.443850
2025-04-11T20:16:07Z,27.114031,-165.443839
2025-04-11T20:16:08Z,27.114028,-165.443827
2025-04-11T20:16:09Z,27.114025,-165.443815
2025-04-11T20:16:10Z,27.114023,-165.443803
2025-04-11T20:16:11Z,27.114020,-165.443793
2025-04-11T20:16:12Z,27.114017,-165.443791
2025-04-11T20:16:13Z,27.114014,-165.443790
2025-04-11T20:16:14Z,27.114012,-165.443789
2025-04-11T20:16:15Z,27.114009,-165.443787
2025-04-11T20:16:16Z,27.114006,-165.443786
2025-04-11T20:16:17Z,27.114004,-165.443784
2025-04-11T20:16:18Z,27.114001,-165.443783
2025-04-11T20:16:19Z,27.113999,-165.443786
2025-04-11T20:16:20Z,27.113999,-165.443803
2025-04-11T20:16:21Z,27.114000,-165.443819
2025-04-11T20:16:22Z,27.114000,-165.443836
2025-04-11T20:16:23Z,27.114001,-165.443852
2025-04-11T20:16:24Z,27.114001,-165.443869
2025-04-11T20:16:25Z,27.114001,-165.443885
2025-04-11T20:16:26Z,27.114002,-165.443902
2025-04-11T20:16:27Z,27.114002,-165.443914
2025-04-11T20:16:28Z,27.114004,-165.443918
2025-04-11T20:16:29Z,27.114005,-165.443922
2025-04-11T20:16:30Z,27.114006,-165.443926
2025-04-11T20:16:31Z,27.114008,-165.443930
2025-04-11T20:16:32Z,27.114009,-165.443934
2025-04-11T20:16:33Z,27.114010,-165.443938
2025-04-11T20:16:34Z,27.114011,-165.443943
2025-04-11T20:16:35Z,27.114012,-165.443944
2025-04-11T20:16:36Z,27.114013,-165.443940
2025-04-11T20:16:37Z,27.114014,-165.443937
2025-04-11T20:16:38Z,27.114015,-165.443934
2025-04-11T20:16:39Z,27.114016,-165.443931
2025-04-11T20:16:40Z,27.114017,-165.443927
2025-04-11T20:16:41Z,27.114018,-165.443924
2025-04-11T20:16:42Z,27.114019,-165.443921
2025-04-11T20:16:43Z,27.114021,-165.443916
2025-04-11T20:16:44Z,27.114024,-165.443910
2025-04-11T20:16:45Z,27.114026,-165.443904
2025-04-11T20:16:46Z,27.114029,-165.443899
2025-04-11T20:16:47Z,27.114031,-165.443893
2025-04-11T20:16:48Z,27.114034,-165.443887
2025-04-11T20:16:49Z,27.114036,-165.443881
2025-04-11T20:16:50Z,27.114039,-165.443875
2025-04-11T20:16:51Z,27.114035,-165.443874
2025-04-11T20:16:52Z,27.114024,-165.443878
2025-04-11T20:16:53Z,27.114013,-165.443882
2025-04-11T20:16:54Z,27.114002,-165.443886
2025-04-11T20:16:55Z,27.113992,-165.443890
2025-04-11T20:16:56Z,27.113981,-165.443894
2025-04-11T20:16:57Z,27.113970,-165.443898
2025-04-11T20:16:58Z,27.113959,-165.443902
2025-04-11T20:16:59Z,27.113960,-165.443906
2025-04-11T20:17:00Z,27.113963,-165.443910
2025-04-11T20:17:01Z,27.113966,-165.443913
2025-04-11T20:17:02Z,27.113969,-165.443917
2025-04-11T20:17:03Z,27.113972,-165.443921
2025-04-11T20:17:04Z,27.113975,-165.443924
2025-04-11T20:17:05Z,27.113978,-165.443928
2025-04-11T20:17:06Z,27.113982,-165.443932
2025-04-11T20:17:07Z,27.113986,-165.443929
2025-04-11T20:17:08Z,27.113991,-165.443926
2025-04-11T20:17:09Z,27.113995,-165.443922
2025-04-11T20:17:10Z,27.114000,-165.443919
2025-04-11T20:17:11Z,27.114004,-165.443916
2025-04-11T20:17:12Z,27.114009,-165.443913
2025-04-11T20:17:13Z,27.114013,-165.443909
2025-04-11T20:17:14Z,27.114018,-165.443906
2025-04-11T20:17:15Z,27.114017,-165.443912
2025-04-11T20:17:16Z,27.114015,-165.443918
2025-04-11T20:17:17Z,27.114014,-165.443924
2025-04-11T20:17:18Z,27.114012,-165.443930
2025-04-11T20:17:19Z,27.114011,-165.443936
2025-04-11T20:17:20Z,27.114010,-165.443943
2025-04-11T20:17:21Z,27.114008,-165.443949
2025-04-11T20:17:22Z,27.114007,-165.443954
2025-04-11T20:17:23Z,27.114008,-165.443952
2025-04-11T20:17:24Z,27.114009,-165.443950
2025-04-11T20:17:25Z,27.114010,-165.443948
2025-04-11T20:17:26Z,27.114011,-165.443946
2025-04-11T20:17:27Z,27.114011,-165.443944
2025-04-11T20:17:28Z,27.114012,-165.443942
2025-04-11T20:17:29Z,27.114013,-165.443940
2025-04-11T20:17:30Z,27.114013,-165.443938
2025-04-11T20:17:31Z,27.114007,-165.443939
2025-04-11T20:17:32Z,27.114001,-165.443940
2025-04-11T20:17:33Z,27.113994,-165.443941
2025-04-11T20:17:34Z,27.113988,-165.443942
2025-04-11T20:17:35Z,27.113981,-165.443942
2025-04-11T20:17:36Z,27.113975,-165.443943
2025-04-11T20:17:37Z,27.113968,-165.443944
2025-04-11T20:17:38Z,27.113963,-165.443944
2025-04-11T20:17:39Z,27.113966,-165.443937
2025-04-11T20:17:40Z,27.113969,-165.443929
2025-04-11T20:17:41Z,27.113972,-165.443922
2025-04-11T20:17:42Z,27.113975,-165.443915
2025-04-11T20:17:43Z,27.113978,-165.443908
2025-04-11T20:17:44Z,27.113981,-165.443901
2025-04-11T20:17:45Z,27.113984,-165.443893
2025-04-11T20:17:46Z,27.113980,-165.443888
2025-04-11T20:17:47Z,27.113972,-165.443884
2025-04-11T20:17:48Z,27.113963,-165.443879
2025-04-11T20:17:49Z,27.113954,-165.443875
2025-04-11T20:17:50Z,27.113945,-165.443871
2025-04-11T20:17:51Z,27.113936,-165.443867
2025-04-11T20:17:52Z,27.113927,-165.443862
2025-04-11T20:17:53Z,27.113919,-165.443858
2025-04-11T20:17:54Z,27.113913,-165.443856
2025-04-11T20:17:55Z,27.113918,-165.443861
2025-04-11T20:17:56Z,27.113922,-165.443865
2025-04-11T20:17:57Z,27.113926,-165.443870
2025-04-11T20:17:58Z,27.113931,-165.443874
2025-04-11T20:17:59Z,27.113935,-165.443879
2025-04-11T20:18:00Z,27.113940,-165.443884
2025-04-11T20:18:01Z,27.113944,-165.443888
2025-04-11T20:18:02Z,27.113949,-165.443893
2025-04-11T20:18:03Z,27.113953,-165.443897
2025-04-11T20:18:04Z,27.113958,-165.443902
2025-04-11T20:18:05Z,27.113962,-165.443907
2025-04-11T20:18:06Z,27.113966,-165.443911
2025-04-11T20:18:07Z,27.113971,-165.443916
2025-04-11T20:18:08Z,27.113975,-165.443920
2025-04-11T20:18:09Z,27.113980,-165.443925
2025-04-11T20:18:10Z,27.113984,-165.443930
2025-04-11T20:18:11Z,27.113989,-165.443934
2025-04-11T20:18:12Z,27.113993,-165.443939
2025-04-11T20:18:13Z,27.113998,-165.443943
2025-04-11T20:18:14Z,27.114002,-165.443948
2025-04-11T20:18:15Z,27.114006,-165.443952
2025-04-11T20:18:16Z,27.114008,-165.443948
2025-04-11T20:18:17Z,27.114010,-165.443944
2025-04-11T20:18:18Z,27.114012,-165.443940
2025-04-11T20:18:19Z,27.114013,-165.443936
2025-04-11T20:18:20Z,27.114015,-165.443933
2025-04-11T20:18:21Z,27.114017,-165.443929
2025-04-11T20:18:22Z,27.114019,-165.443925
2025-04-11T20:18:23Z,27.114019,-165.443921
2025-04-11T20:18:24Z,27.114012,-165.443918
2025-04-11T20:18:25Z,27.114005,-165.443914
2025-04-11T20:18:26Z,27.113998,-165.443911
2025-04-11T20:18:27Z,27.113992,-165.443907
2025-04-11T20:18:28Z,27.113985,-165.443903
2025-04-11T20:18:29Z,27.113978,-165.443900
2025-04-11T20:18:30Z,27.113971,-165.443896
2025-04-11T20:18:31Z,27.113968,-165.443890
2025-04-11T20:18:32Z,27.113973,-165.443878
2025-04-11T20:18:33Z,27.113977,-165.443866
2025-04-11T20:18:34Z,27.113981,-165.443854
2025-04-11T20:18:35Z,27.113985,-165.443842
2025-04-11T20:18:36Z,27.113989,-165.443831
2025-04-11T20:18:37Z,27.113993,-165.443819
2025-04-11T20:18:38Z,27.113997,-165.443807
2025-04-11T20:18:39Z,27.114000,-165.443803
2025-04-11T20:18:40Z,27.113999,-165.443814
2025-04-11T20:18:41Z,27.113998,-165.443825
2025-04-11T20:18:42Z,27.113997,-165.443836
2025-04-11T20:18:43Z,27.113997,-165.443848
2025-04-11T20:18:44Z,27.113996,-165.443859
2025-04-11T20:18:45Z,27.113995,-165.443870
2025-04-11T20:18:46Z,27.113994,-165.443881
2025-04-11T20:18:47Z,27.113994,-165.443888
2025-04-11T20:18:48Z,27.113993,-165.443892
2025-04-11T20:18:49Z,27.113992,-165.443896
2025-04-11T20:18:50Z,27.113992,-165.443900
2025-04-11T20:18:51Z,27.113991,-165.443905
2025-04-11T20:18:52Z,27.113990,-165.443909
2025-04-11T20:18:53Z,27.113990,-165.443913
2025-04-11T20:18:54Z,27.113989,-165.443917
2025-04-11T20:18:55Z,27.113989,-165.443922
2025-04-11T20:18:56Z,27.113990,-165.443926
2025-04-11T20:18:57Z,27.113990,-165.443931
2025-04-11T20:18:58Z,27.113991,-165.443935
2025-04-11T20:18:59Z,27.113991,-165.443940
2025-04-11T20:19:00Z,27.113992,-165.443944
2025-04-11T20:19:01Z,27.113992,-165.443949
2025-04-11T20:19:02Z,27.113993,-165.443953
2025-04-11T20:19:03Z,27.113992,-165.443951
2025-04-11T20:19:04Z,27.113990,-165.443947
2025-04-11T20:19:05Z,27.113989,-165.443943
2025-04-11T20:19:06Z,27.113987,-165.443940
2025-04-11T20:19:07Z,27.113986,-165.443936
2025-04-11T20:19:08Z,27.113984,-165.443932
2025-04-11T20:19:09Z,27.113983,-165.443929
2025-04-11T20:19:10Z,27.113981,-165.443925
2025-04-11T20:19:11Z,27.113978,-165.443937
2025-04-11T20:19:12Z,27.113975,-165.443954
2025-04-11T20:19:13Z,27.113972,-165.443972
2025-04-11T20:19:14Z,27.113968,-165.443989
2025-04-11T20:19:15Z,27.113965,-165.444006
2025-04-11T20:19:16Z,27.113962,-165.444024
2025-04-11T20:19:17Z,27.113958,-165.444041
2025-04-11T20:19:18Z,27.113955,-165.444058
2025-04-11T20:19:19Z,27.113952,-165.444050
2025-04-11T20:19:20Z,27.113948,-165.444041
2025-04-11T20:19:21Z,27.113945,-165.444033
2025-04-11T20:19:22Z,27.113941,-165.444024
2025-04-11T20:19:23Z,27.113937,-165.444015
2025-04-11T20:19:24Z,27.113934,-165.444006
2025-04-11T20:19:25Z,27.113930,-165.443997
2025-04-11T20:19:26Z,27.113927,-165.443988
2025-04-11T20:19:27Z,27.113934,-165.443991
2025-04-11T20:19:28Z,27.113942,-165.443994
2025-04-11T20:19:29Z,27.113949,-165.443997
2025-04-11T20:19:30Z,27.113956,-165.444000
2025-04-11T20:19:31Z,27.113963,-165.444003
2025-04-11T20:19:32Z,27.113971,-165.444006
2025-04-11T20:19:33Z,27.113978,-165.444009
2025-04-11T20:19:34Z,27.113985,-165.444008
2025-04-11T20:19:35Z,27.113992,-165.443981
2025-04-11T20:19:36Z,27.114000,-165.443953
2025-04-11T20:19:37Z,27.114007,-165.443926
2025-04-11T20:19:38Z,27.114014,-165.443899
2025-04-11T20:19:39Z,27.114021,-165.443871
2025-04-11T20:19:40Z,27.114028,-165.443844
2025-04-11T20:19:41Z,27.114036,-165.443817
2025-04-11T20:19:42Z,27.114043,-165.443790
2025-04-11T20:19:43Z,27.114039,-165.443803
2025-04-11T20:19:44Z,27.114033,-165.443825
2025-04-11T20:19:45Z,27.114027,-165.443847
2025-04-11T20:19:46Z,27.114021,-165.443869
2025-04-11T20:19:47Z,27.114015,-165.443891
2025-04-11T20:19:48Z,27.114008,-165.443913
2025-04-11T20:19:49Z,27.114002,-165.443935
2025-04-11T20:19:50Z,27.114000,-165.443945
2025-04-11T20:19:51Z,27.114002,-165.443941
2025-04-11T20:19:52Z,27.114003,-165.443937
2025-04-11T20:19:53Z,27.114005,-165.443933
2025-04-11T20:19:54Z,27.114007,-165.443929
2025-04-11T20:19:55Z,27.114009,-165.443925
2025-04-11T20:19:56Z,27.114010,-165.443921
2025-04-11T20:19:57Z,27.114012,-165.443917
2025-04-11T20:19:58Z,27.114015,-165.443912
2025-04-11T20:19:59Z,27.114020,-165.443906
2025-04-11T20:20:00Z,27.114026,-165.443900
2025-04-11T20:20:01Z,27.114031,-165.443894
2025-04-11T20:20:02Z,27.114036,-165.443887
2025-04-11T20:20:03Z,27.114041,-165.443881
2025-04-11T20:20:04Z,27.114046,-165.443875
2025-04-11T20:20:05Z,27.114051,-165.443869
2025-04-11T20:20:06Z,27.114051,-165.443870
2025-04-11T20:20:07Z,27.114048,-165.443877
2025-04-11T20:20:08Z,27.114045,-165.443884
2025-04-11T20:20:09Z,27.114042,-165.443892
2025-04-11T20:20:10Z,27.114039,-165.443899
2025-04-11T20:20:11Z,27.114035,-165.443906
2025-04-11T20:20:12Z,27.114032,-165.443913
2025-04-11T20:20:13Z,27.114029,-165.443921
2025-04-11T20:20:14Z,27.114037,-165.443926
2025-04-11T20:20:15Z,27.114049,-165.443931
2025-04-11T20:20:16Z,27.114062,-165.443936
2025-04-11T20:20:17Z,27.114075,-165.443941
2025-04-11T20:20:18Z,27.114088,-165.443946
2025-04-11T20:20:19Z,27.114100,-165.443951
2025-04-11T20:20:20Z,27.114113,-165.443956
2025-04-11T20:20:21Z,27.114126,-165.443961
2025-04-11T20:20:22Z,27.114130,-165.443955
2025-04-11T20:20:23Z,27.114131,-165.443945
2025-04-11T20:20:24Z,27.114132,-165.443936
2025-04-11T20:20:25Z,27.114134,-165.443926
2025-04-11T20:20:26Z,27.114135,-165.443916
2025-04-11T20:20:27Z,27.114136,-165.443907
2025-04-11T20:20:28Z,27.114137,-165.443897
2025-04-11T20:20:29Z,27.114139,-165.443887
2025-04-11T20:20:30Z,27.114147,-165.443886
2025-04-11T20:20:31Z,27.114157,-165.443886
2025-04-11T20:20:32Z,27.114167,-165.443887
2025-04-11T20:20:33Z,27.114177,-165.443888
2025-04-11T20:20:34Z,27.114187,-165.443889
2025-04-11T20:20:35Z,27.114198,-165.443889
2025-04-11T20:20:36Z,27.114208,-165.443890
2025-04-11T20:20:37Z,27.114218,-165.443891
2025-04-11T20:20:38Z,27.114214,-165.443890
2025-04-11T20:20:39Z,27.114209,-165.443889
2025-04-11T20:20:40Z,27.114204,-165.443888
2025-04-11T20:20:41Z,27.114198,-165.443887
2025-04-11T20:20:42Z,27.114193,-165.443887
2025-04-11T20:20:43Z,27.114188,-165.443886
2025-04-11T20:20:44Z,27.114183,-165.443885
2025-04-11T20:20:45Z,27.114176,-165.443883
2025-04-11T20:20:46Z,27.114164,-165.443877
2025-04-11T20:20:47Z,27.114152,-165.443870
2025-04-11T20:20:48Z,27.114140,-165.443863
2025-04-11T20:20:49Z,27.114128,-165.443857
2025-04-11T20:20:50Z,27.114116,-165.443850
2025-04-11T20:20:51Z,27.114104,-165.443843
2025-04-11T20:20:52Z,27.114092,-165.443837
2025-04-11T20:20:53Z,27.114081,-165.443831
2025-04-11T20:20:54Z,27.114084,-165.443829
2025-04-11T20:20:55Z,27.114086,-165.443826
2025-04-11T20:20:56Z,27.114089,-165.443824
2025-04-11T20:20:57Z,27.114091,-165.443822
2025-04-11T20:20:58Z,27.114094,-165.443820
2025-04-11T20:20:59Z,27.114096,-165.443818
2025-04-11T20:21:00Z,27.114098,-165.443815
2025-04-11T20:21:01Z,27.114100,-165.443815
2025-04-11T20:21:02Z,27.114099,-165.443818
2025-04-11T20:21:03Z,27.114099,-165.443821
2025-04-11T20:21:04Z,27.114098,-165.443824
2025-04-11T20:21:05Z,27.114097,-165.443827
2025-04-11T20:21:06Z,27.114097,-165.443830
2025-04-11T20:21:07Z,27.114096,-165.443833
2025-04-11T20:21:08Z,27.114095,-165.443836
2025-04-11T20:21:09Z,27.114094,-165.443837
2025-04-11T20:21:10Z,27.114091,-165.443835
2025-04-11T20:21:11Z,27.114088,-165.443832
2025-04-11T20:21:12Z,27.114086,-165.443830
2025-04-11T20:21:13Z,27.114083,-165.443828
2025-04-11T20:21:14Z,27.114080,-165.443825
2025-04-11T20:21:15Z,27.114077,-165.443823
2025-04-11T20:21:16Z,27.114075,-165.443820
2025-04-11T20:21:17Z,27.114075,-165.443820
2025-04-11T20:21:18Z,27.114079,-165.443823
2025-04-11T20:21:19Z,27.114084,-165.443826
2025-04-11T20:21:20Z,27.114089,-165.443829
2025-04-11T20:21:21Z,27.114093,-165.443831
2025-04-11T20:21:22Z,27.114098,-165.443834
2025-04-11T20:21:23Z,27.114102,-165.443837
2025-04-11T20:21:24Z,27.114107,-165.443840
2025-04-11T20:21:25Z,27.114109,-165.443838
2025-04-11T20:21:26Z,27.114108,-165.443833
2025-04-11T20:21:27Z,27.114107,-165.443828
2025-04-11T20:21:28Z,27.114107,-165.443823
2025-04-11T20:21:29Z,27.114106,-165.443818
2025-04-11T20:21:30Z,27.114106,-165.443814
2025-04-11T20:21:31Z,27.114105,-165.443809
2025-04-11T20:21:32Z,27.114104,-165.443804
2025-04-11T20:21:33Z,27.114102,-165.443803
2025-04-11T20:21:34Z,27.114097,-165.443807
2025-04-11T20:21:35Z,27.114092,-165.443811
2025-04-11T20:21:36Z,27.114088,-165.443815
2025-04-11T20:21:37Z,27.114083,-165.443819
2025-04-11T20:21:38Z,27.114078,-165.443823
2025-04-11T20:21:39Z,27.114073,-165.443828
2025-04-11T20:21:40Z,27.114069,-165.443832
2025-04-11T20:21:41Z,27.114070,-165.443829
2025-04-11T20:21:42Z,27.114075,-165.443823
2025-04-11T20:21:43Z,27.114079,-165.443817
2025-04-11T20:21:44Z,27.114084,-165.443812
2025-04-11T20:21:45Z,27.114088,-165.443806
2025-04-11T20:21:46Z,27.114093,-165.443800
2025-04-11T20:21:47Z,27.114097,-165.443794
2025-04-11T20:21:48Z,27.114102,-165.443788
2025-04-11T20:21:49Z,27.114108,-165.443784
2025-04-11T20:21:50Z,27.114113,-165.443779
2025-04-11T20:21:51Z,27.114119,-165.443775
2025-04-11T20:21:52Z,27.114125,-165.443770
2025-04-11T20:21:53Z,27.114130,-165.443765
2025-04-11T20:21:54Z,27.114136,-165.443761
2025-04-11T20:21:55Z,27.114142,-165.443756
2025-04-11T20:21:56Z,27.114146,-165.443752
2025-04-11T20:21:57Z,27.114135,-165.443760
2025-04-11T20:21:58Z,27.114123,-165.443768
2025-04-11T20:21:59Z,27.114111,-165.443776
2025-04-11T20:22:00Z,27.114099,-165.443785
2025-04-11T20:22:01Z,27.114087,-165.443793
2025-04-11T20:22:02Z,27.114075,-165.443801
2025-04-11T20:22:03Z,27.114063,-165.443809
2025-04-11T20:22:04Z,27.114051,-165.443817
2025-04-11T20:22:05Z,27.114039,-165.443825
2025-04-11T20:22:06Z,27.114027,-165.443833
2025-04-11T20:22:07Z,27.114015,-165.443841
2025-04-11T20:22:08Z,27.114003,-165.443849
2025-04-11T20:22:09Z,27.113992,-165.443857
2025-04-11T20:22:10Z,27.113980,-165.443865
2025-04-11T20:22:11Z,27.113968,-165.443873
2025-04-11T20:22:12Z,27.113959,-165.443879
2025-04-11T20:22:13Z,27.113981,-165.443867
2025-04-11T20:22:14Z,27.114002,-165.443855
2025-04-11T20:22:15Z,27.114024,-165.443844
2025-04-11T20:22:16Z,27.114046,-165.443832
2025-04-11T20:22:17Z,27.114067,-165.443820
2025-04-11T20:22:18Z,27.114089,-165.443808
2025-04-11T20:22:19Z,27.114110,-165.443797
2025-04-11T20:22:20Z,27.114126,-165.443788
2025-04-11T20:22:21Z,27.114124,-165.443788
2025-04-11T20:22:22Z,27.114122,-165.443788
2025-04-11T20:22:23Z,27.114121,-165.443788
2025-04-11T20:22:24Z,27.114119,-165.443788
2025-04-11T20:22:25Z,27.114118,-165.443789
2025-04-11T20:22:26Z,27.114116,-165.443789
2025-04-11T20:22:27Z,27.114115,-165.443789
2025-04-11T20:22:28Z,27.114113,-165.443789
2025-04-11T20:22:29Z,27.114112,-165.443789
2025-04-11T20:22:30Z,27.114110,-165.443789
2025-04-11T20:22:31Z,27.114109,-165.443789
2025-04-11T20:22:32Z,27.114107,-165.443789
2025-04-11T20:22:33Z,27.114106,-165.443789
2025-04-11T20:22:34Z,27.114104,-165.443789
2025-04-11T20:22:35Z,27.114102,-165.443790
2025-04-11T20:22:36Z,27.114101,-165.443790
2025-04-11T20:22:37Z,27.114099,-165.443790
2025-04-11T20:22:38Z,27.114098,-165.443790
2025-04-11T20:22:39Z,27.114096,-165.443790
2025-04-11T20:22:40Z,27.114095,-165.443790
2025-04-11T20:22:41Z,27.114093,-165.443790
2025-04-11T20:22:42Z,27.114092,-165.443790
2025-04-11T20:22:43Z,27.114090,-165.443790
2025-04-11T20:22:44Z,27.114089,-165.443790
2025-04-11T20:22:45Z,27.114087,-165.443791
2025-04-11T20:22:46Z,27.114086,-165.443791
2025-04-11T20:22:47Z,27.114084,-165.443791
2025-04-11T20:22:48Z,27.114082,-165.443791
2025-04-11T20:22:49Z,27.114080,-165.443791
2025-04-11T20:22:50Z,27.114073,-165.443791
2025-04-11T20:22:51Z,27.114066,-165.443792
2025-04-11T20:22:52Z,27.114059,-165.443792
2025-04-11T20:22:53Z,27.114051,-165.443793
2025-04-11T20:22:54Z,27.114044,-165.443793
2025-04-11T20:22:55Z,27.114037,-165.443793
2025-04-11T20:22:56Z,27.114030,-165.443794
2025-04-11T20:22:57Z,27.114025,-165.443794
2025-04-11T20:22:58Z,27.114028,-165.443796
2025-04-11T20:22:59Z,27.114032,-165.443798
2025-04-11T20:23:00Z,27.114036,-165.443799
2025-04-11T20:23:01Z,27.114039,-165.443801
2025-04-11T20:23:02Z,27.114043,-165.443803
2025-04-11T20:23:03Z,27.114047,-165.443804
2025-04-11T20:23:04Z,27.114050,-165.443806
2025-04-11T20:23:05Z,27.114053,-165.443807
2025-04-11T20:23:06Z,27.114054,-165.443808
2025-04-11T20:23:07Z,27.114054,-165.443809
2025-04-11T20:23:08Z,27.114055,-165.443810
2025-04-11T20:23:09Z,27.114055,-165.443811
2025-04-11T20:23:10Z,27.114056,-165.443812
2025-04-11T20:23:11Z,27.114056,-165.443813
2025-04-11T20:23:12Z,27.114057,-165.443814
2025-04-11T20:23:13Z,27.114057,-165.443817
2025-04-11T20:23:14Z,27.114056,-165.443823
2025-04-11T20:23:15Z,27.114055,-165.443829
2025-04-11T20:23:16Z,27.114054,-165.443835
2025-04-11T20:23:17Z,27.114053,-165.443841
2025-04-11T20:23:18Z,27.114052,-165.443847
2025-04-11T20:23:19Z,27.114051,-165.443853
2025-04-11T20:23:20Z,27.114050,-165.443859
2025-04-11T20:23:21Z,27.114049,-165.443861
2025-04-11T20:23:22Z,27.114050,-165.443857
2025-04-11T20:23:23Z,27.114051,-165.443852
2025-04-11T20:23:24Z,27.114053,-165.443848
2025-04-11T20:23:25Z,27.114054,-165.443843
2025-04-11T20:23:26Z,27.114055,-165.443839
2025-04-11T20:23:27Z,27.114056,-165.443834
2025-04-11T20:23:28Z,27.114057,-165.443830
2025-04-11T20:23:29Z,27.114058,-165.443825
2025-04-11T20:23:30Z,27.114059,-165.443821
2025-04-11T20:23:31Z,27.114060,-165.443816
2025-04-11T20:23:32Z,27.114061,-165.443812
2025-04-11T20:23:33Z,27.114062,-165.443807
2025-04-11T20:23:34Z,27.114063,-165.443803
2025-04-11T20:23:35Z,27.114064,-165.443798
2025-04-11T20:23:36Z,27.114065,-165.443794
2025-04-11T20:23:37Z,27.114066,-165.443789
2025-04-11T20:23:38Z,27.114067,-165.443785
2025-04-11T20:23:39Z,27.114068,-165.443780
2025-04-11T20:23:40Z,27.114069,-165.443776
2025-04-11T20:23:41Z,27.114070,-165.443771
2025-04-11T20:23:42Z,27.114072,-165.443768
2025-04-11T20:23:43Z,27.114078,-165.443770
2025-04-11T20:23:44Z,27.114084,-165.443771
2025-04-11T20:23:45Z,27.114090,-165.443773
2025-04-11T20:23:46Z,27.114096,-165.443774
2025-04-11T20:23:47Z,27.114102,-165.443776
2025-04-11T20:23:48Z,27.114108,-165.443777
2025-04-11T20:23:49Z,27.114113,-165.443779
2025-04-11T20:23:50Z,27.114119,-165.443785
2025-04-11T20:23:51Z,27.114123,-165.443807
2025-04-11T20:23:52Z,27.114127,-165.443829
2025-04-11T20:23:53Z,27.114131,-165.443851
2025-04-11T20:23:54Z,27.114135,-165.443873
2025-04-11T20:23:55Z,27.114139,-165.443895
2025-04-11T20:23:56Z,27.114142,-165.443917
2025-04-11T20:23:57Z,27.114146,-165.443938
2025-04-11T20:23:58Z,27.114146,-165.443951
2025-04-11T20:23:59Z,27.114139,-165.443943
2025-04-11T20:24:00Z,27.114131,-165.443936
2025-04-11T20:24:01Z,27.114123,-165.443929
2025-04-11T20:24:02Z,27.114115,-165.443922
2025-04-11T20:24:03Z,27.114108,-165.443914
2025-04-11T20:24:04Z,27.114100,-165.443907
2025-04-11T20:24:05Z,27.114092,-165.443900
2025-04-11T20:24:06Z,27.114089,-165.443894
2025-04-11T20:24:07Z,27.114090,-165.443891
2025-04-11T20:24:08Z,27.114092,-165.443887
2025-04-11T20:24:09Z,27.114094,-165.443883
2025-04-11T20:24:10Z,27.114096,-165.443880
2025-04-11T20:24:11Z,27.114097,-165.443876
2025-04-11T20:24:12Z,27.114099,-165.443873
2025-04-11T20:24:13Z,27.114101,-165.443869
2025-04-11T20:24:14Z,27.114102,-165.443865
2025-04-11T20:24:15Z,27.114104,-165.443862
2025-04-11T20:24:16Z,27.114106,-165.443858
2025-04-11T20:24:17Z,27.114107,-165.443854
2025-04-11T20:24:18Z,27.114109,-165.443851
2025-04-11T20:24:19Z,27.114111,-165.443847
2025-04-11T20:24:20Z,27.114113,-165.443843
2025-04-11T20:24:21Z,27.114114,-165.443840
2025-04-11T20:24:22Z,27.114116,-165.443836
2025-04-11T20:24:23Z,27.114118,-165.443832
2025-04-11T20:24:24Z,27.114119,-165.443829
2025-04-11T20:24:25Z,27.114121,-165.443825
2025-04-11T20:24:26Z,27.114123,-165.443822
2025-04-11T20:24:27Z,27.114124,-165.443819
2025-04-11T20:24:28Z,27.114126,-165.443818
2025-04-11T20:24:29Z,27.114127,-165.443817
2025-04-11T20:24:30Z,27.114128,-165.443817
2025-04-11T20:24:31Z,27.114130,-165.443816
2025-04-11T20:24:32Z,27.114131,-165.443815
2025-04-11T20:24:33Z,27.114132,-165.443815
2025-04-11T20:24:34Z,27.114134,-165.443814
2025-04-11T20:24:35Z,27.114135,-165.443813
2025-04-11T20:24:36Z,27.114136,-165.443812
2025-04-11T20:24:37Z,27.114137,-165.443812
2025-04-11T20:24:38Z,27.114139,-165.443811
2025-04-11T20:24:39Z,27.114140,-165.443810
2025-04-11T20:24:40Z,27.114141,-165.443810
2025-04-11T20:24:41Z,27.114143,-165.443809
2025-04-11T20:24:42Z,27.114144,-165.443808
2025-04-11T20:24:43Z,27.114145,-165.443808
2025-04-11T20:24:44Z,27.114147,-165.443807
2025-04-11T20:24:45Z,27.114148,-165.443806
2025-04-11T20:24:46Z,27.114149,-165.443805
2025-04-11T20:24:47Z,27.114151,-165.443805
2025-04-11T20:24:48Z,27.114152,-165.443804
2025-04-11T20:24:49Z,27.114147,-165.443803
2025-04-11T20:24:50Z,27.114142,-165.443803
2025-04-11T20:24:51Z,27.114137,-165.443802
2025-04-11T20:24:52Z,27.114132,-165.443801
2025-04-11T20:24:53Z,27.114126,-165.443800
2025-04-11T20:24:54Z,27.114121,-165.443800
2025-04-11T20:24:55Z,27.114116,-165.443799
2025-04-11T20:24:56Z,27.114111,-165.443798
2025-04-11T20:24:57Z,27.114117,-165.443793
2025-04-11T20:24:58Z,27.114122,-165.443788
2025-04-11T20:24:59Z,27.114128,-165.443783
2025-04-11T20:25:00Z,27.114134,-165.443778
2025-04-11T20:25:01Z,27.114139,-165.443773
2025-04-11T20:25:02Z,27.114145,-165.443768
2025-04-11T20:25:03Z,27.114150,-165.443763
2025-04-11T20:25:04Z,27.114156,-165.443758
2025-04-11T20:25:05Z,27.114157,-165.443764
2025-04-11T20:25:06Z,27.114157,-165.443769
2025-04-11T20:25:07Z,27.114158,-165.443775
2025-04-11T20:25:08Z,27.114158,-165.443781
2025-04-11T20:25:09Z,27.114159,-165.443786
2025-04-11T20:25:10Z,27.114159,-165.443792
2025-04-11T20:25:11Z,27.114160,-165.443798
2025-04-11T20:25:12Z,27.114161,-165.443804
2025-04-11T20:25:13Z,27.114161,-165.443809
2025-04-11T20:25:14Z,27.114162,-165.443815
2025-04-11T20:25:15Z,27.114163,-165.443806
2025-04-11T20:25:16Z,27.114166,-165.443789
2025-04-11T20:25:17Z,27.114168,-165.443772
2025-04-11T20:25:18Z,27.114170,-165.443754
2025-04-11T20:25:19Z,27.114172,-165.443737
2025-04-11T20:25:20Z,27.114175,-165.443727
2025-04-11T20:25:21Z,27.114178,-165.443741
2025-04-11T20:25:22Z,27.114182,-165.443754
2025-04-11T20:25:23Z,27.114186,-165.443767
2025-04-11T20:25:24Z,27.114189,-165.443781
2025-04-11T20:25:25Z,27.114193,-165.443794
2025-04-11T20:25:26Z,27.114197,-165.443807
2025-04-11T20:25:27Z,27.114200,-165.443821
2025-04-11T20:25:28Z,27.114205,-165.443829
2025-04-11T20:25:29Z,27.114216,-165.443822
2025-04-11T20:25:30Z,27.114227,-165.443815
2025-04-11T20:25:31Z,27.114237,-165.443807
2025-04-11T20:25:32Z,27.114248,-165.443800
2025-04-11T20:25:33Z,27.114258,-165.443793
2025-04-11T20:25:34Z,27.114269,-165.443785
2025-04-11T20:25:35Z,27.114279,-165.443778
2025-04-11T20:25:36Z,27.114277,-165.443777
2025-04-11T20:25:37Z,27.114260,-165.443784
2025-04-11T20:25:38Z,27.114243,-165.443790
2025-04-11T20:25:39Z,27.114226,-165.443797
2025-04-11T20:25:40Z,27.114209,-165.443803
2025-04-11T20:25:41Z,27.114192,-165.443810
2025-04-11T20:25:42Z,27.114175,-165.443816
2025-04-11T20:25:43Z,27.114158,-165.443822
2025-04-11T20:25:44Z,27.114152,-165.443827
2025-04-11T20:25:45Z,27.114154,-165.443830
2025-04-11T20:25:46Z,27.114157,-165.443833
2025-04-11T20:25:47Z,27.114159,-165.443836
2025-04-11T20:25:48Z,27.114161,-165.443839
2025-04-11T20:25:49Z,27.114163,-165.443842
2025-04-11T20:25:50Z,27.114165,-165.443845
2025-04-11T20:25:51Z,27.114167,-165.443848
2025-04-11T20:25:52Z,27.114164,-165.443853
2025-04-11T20:25:53Z,27.114159,-165.443859
2025-04-11T20:25:54Z,27.114154,-165.443865
2025-04-11T20:25:55Z,27.114149,-165.443871
2025-04-11T20:25:56Z,27.114143,-165.443877
2025-04-11T20:25:57Z,27.114138,-165.443883
2025-04-11T20:25:58Z,27.114133,-165.443889
2025-04-11T20:25:59Z,27.114127,-165.443895
2025-04-11T20:26:00Z,27.114130,-165.443894
2025-04-11T20:26:01Z,27.114135,-165.443891
2025-04-11T20:26:02Z,27.114140,-165.443887
2025-04-11T20:26:03Z,27.114146,-165.443883
2025-04-11T20:26:04Z,27.114151,-165.443880
2025-04-11T20:26:05Z,27.114156,-165.443876
2025-04-11T20:26:06Z,27.114162,-165.443872
2025-04-11T20:26:07Z,27.114167,-165.443869
2025-04-11T20:26:08Z,27.114166,-165.443859
2025-04-11T20:26:09Z,27.114163,-165.443849
2025-04-11T20:26:10Z,27.114160,-165.443838
2025-04-11T20:26:11Z,27.114157,-165.443827
2025-04-11T20:26:12Z,27.114153,-165.443816
2025-04-11T20:26:13Z,27.114150,-165.443805
2025-04-11T20:26:14Z,27.114147,-165.443794
2025-04-11T20:26:15Z,27.114144,-165.443783
2025-04-11T20:26:16Z,27.114141,-165.443790
2025-04-11T20:26:17Z,27.114138,-165.443799
2025-04-11T20:26:18Z,27.114134,-165.443808
2025-04-11T20:26:19Z,27.114131,-165.443818
2025-04-11T20:26:20Z,27.114127,-165.443827
2025-04-11T20:26:21Z,27.114124,-165.443836
2025-04-11T20:26:22Z,27.114121,-165.443845
2025-04-11T20:26:23Z,27.114117,-165.443855
2025-04-11T20:26:24Z,27.114119,-165.443853
2025-04-11T20:26:25Z,27.114120,-165.443851
2025-04-11T20:26:26Z,27.114122,-165.443849
2025-04-11T20:26:27Z,27.114124,-165.443847
2025-04-11T20:26:28Z,27.114125,-165.443845
2025-04-11T20:26:29Z,27.114127,-165.443843
2025-04-11T20:26:30Z,27.114129,-165.443841
2025-04-11T20:26:31Z,27.114128,-165.443836
2025-04-11T20:26:32Z,27.114120,-165.443820
2025-04-11T20:26:33Z,27.114111,-165.443804
2025-04-11T20:26:34Z,27.114103,-165.443788
2025-04-11T20:26:35Z,27.114094,-165.443773
2025-04-11T20:26:36Z,27.114086,-165.443757
2025-04-11T20:26:37Z,27.114077,-165.443741
2025-04-11T20:26:38Z,27.114069,-165.443726
2025-04-11T20:26:39Z,27.114060,-165.443710
2025-04-11T20:26:40Z,27.114069,-165.443722
2025-04-11T20:26:41Z,27.114079,-165.443733
2025-04-11T20:26:42Z,27.114088,-165.443745
2025-04-11T20:26:43Z,27.114097,-165.443756
2025-04-11T20:26:44Z,27.114106,-165.443768
2025-04-11T20:26:45Z,27.114116,-165.443779
2025-04-11T20:26:46Z,27.114125,-165.443791
2025-04-11T20:26:47Z,27.114136,-165.443780
2025-04-11T20:26:48Z,27.114148,-165.443743
2025-04-11T20:26:49Z,27.114161,-165.443707
2025-04-11T20:26:50Z,27.114173,-165.443670
2025-04-11T20:26:51Z,27.114186,-165.443633
2025-04-11T20:26:52Z,27.114199,-165.443596
2025-04-11T20:26:53Z,27.114211,-165.443559
2025-04-11T20:26:54Z,27.114224,-165.443522
2025-04-11T20:26:55Z,27.114229,-165.443508
2025-04-11T20:26:56Z,27.114223,-165.443523
2025-04-11T20:26:57Z,27.114217,-165.443538
2025-04-11T20:26:58Z,27.114212,-165.443554
2025-04-11T20:26:59Z,27.114206,-165.443569
2025-04-11T20:27:00Z,27.114200,-165.443584
2025-04-11T20:27:01Z,27.114194,-165.443600
2025-04-11T20:27:02Z,27.114189,-165.443615
2025-04-11T20:27:03Z,27.114183,-165.443630
2025-04-11T20:27:04Z,27.114177,-165.443646
2025-04-11T20:27:05Z,27.114172,-165.443661
2025-04-11T20:27:06Z,27.114166,-165.443676
2025-04-11T20:27:07Z,27.114160,-165.443692
2025-04-11T20:27:08Z,27.114155,-165.443707
2025-04-11T20:27:09Z,27.114149,-165.443722
2025-04-11T20:27:10Z,27.114143,-165.443738
2025-04-11T20:27:11Z,27.114138,-165.443753
2025-04-11T20:27:12Z,27.114132,-165.443769
2025-04-11T20:27:13Z,27.114126,-165.443784
2025-04-11T20:27:14Z,27.114121,-165.443799
2025-04-11T20:27:15Z,27.114115,-165.443815
2025-04-11T20:27:16Z,27.114109,-165.443828
2025-04-11T20:27:17Z,27.114105,-165.443827
2025-04-11T20:27:18Z,27.114100,-165.443827
2025-04-11T20:27:19Z,27.114095,-165.443826
2025-04-11T20:27:20Z,27.114090,-165.443825
2025-04-11T20:27:21Z,27.114085,-165.443825
2025-04-11T20:27:22Z,27.114080,-165.443824
2025-04-11T20:27:23Z,27.114075,-165.443823
2025-04-11T20:27:24Z,27.114074,-165.443822
2025-04-11T20:27:25Z,27.114080,-165.443818
2025-04-11T20:27:26Z,27.114087,-165.443814
2025-04-11T20:27:27Z,27.114093,-165.443810
2025-04-11T20:27:28Z,27.114100,-165.443806
2025-04-11T20:27:29Z,27.114106,-165.443802
2025-04-11T20:27:30Z,27.114113,-165.443798
2025-04-11T20:27:31Z,27.114119,-165.443794
2025-04-11T20:27:32Z,27.114121,-165.443792
2025-04-11T20:27:33Z,27.114117,-165.443792
2025-04-11T20:27:34Z,27.114113,-165.443792
2025-04-11T20:27:35Z,27.114108,-165.443792
2025-04-11T20:27:36Z,27.114104,-165.443793
2025-04-11T20:27:37Z,27.114100,-165.443793
2025-04-11T20:27:38Z,27.114095,-165.443793
2025-04-11T20:27:39Z,27.114091,-165.443793
2025-04-11T20:27:40Z,27.114091,-165.443792
2025-04-11T20:27:41Z,27.114096,-165.443790
2025-04-11T20:27:42Z,27.114100,-165.443787
2025-04-11T20:27:43Z,27.114105,-165.443785
2025-04-11T20:27:44Z,27.114109,-165.443783
2025-04-11T20:27:45Z,27.114114,-165.443780
2025-04-11T20:27:46Z,27.114119,-165.443778
2025-04-11T20:27:47Z,27.114123,-165.443776
2025-04-11T20:27:48Z,27.114122,-165.443773
2025-04-11T20:27:49Z,27.114116,-165.443770
2025-04-11T20:27:50Z,27.114111,-165.443767
2025-04-11T20:27:51Z,27.114105,-165.443763
2025-04-11T20:27:52Z,27.114100,-165.443760
2025-04-11T20:27:53Z,27.114094,-165.443757
2025-04-11T20:27:54Z,27.114089,-165.443754
2025-04-11T20:27:55Z,27.114083,-165.443750
2025-04-11T20:27:56Z,27.114082,-165.443751
2025-04-11T20:27:57Z,27.114085,-165.443755
2025-04-11T20:27:58Z,27.114087,-165.443758
2025-04-11T20:27:59Z,27.114090,-165.443762
2025-04-11T20:28:00Z,27.114092,-165.443765
2025-04-11T20:28:01Z,27.114095,-165.443769
2025-04-11T20:28:02Z,27.114097,-165.443773
2025-04-11T20:28:03Z,27.114100,-165.443776
2025-04-11T20:28:04Z,27.114102,-165.443780
2025-04-11T20:28:05Z,27.114104,-165.443783
2025-04-11T20:28:06Z,27.114107,-165.443787
2025-04-11T20:28:07Z,27.114109,-165.443790
2025-04-11T20:28:08Z,27.114112,-165.443794
2025-04-11T20:28:09Z,27.114114,-165.443798
2025-04-11T20:28:10Z,27.114117,-165.443801
2025-04-11T20:28:11Z,27.114119,-165.443805
2025-04-11T20:28:12Z,27.114122,-165.443808
2025-04-11T20:28:13Z,27.114124,-165.443812
2025-04-11T20:28:14Z,27.114126,-165.443815
2025-04-11T20:28:15Z,27.114129,-165.443819
2025-04-11T20:28:16Z,27.114131,-165.443823
2025-04-11T20:28:17Z,27.114134,-165.443824
2025-04-11T20:28:18Z,27.114137,-165.443823
2025-04-11T20:28:19Z,27.114139,-165.443821
2025-04-11T20:28:20Z,27.114142,-165.443820
2025-04-11T20:28:21Z,27.114145,-165.443818
2025-04-11T20:28:22Z,27.114148,-165.443816
2025-04-11T20:28:23Z,27.114150,-165.443815
2025-04-11T20:28:24Z,27.114153,-165.443813
2025-04-11T20:28:25Z,27.114154,-165.443812
2025-04-11T20:28:26Z,27.114152,-165.443810
2025-04-11T20:28:27Z,27.114150,-165.443809
2025-04-11T20:28:28Z,27.114147,-165.443807
2025-04-11T20:28:29Z,27.114145,-165.443805
2025-04-11T20:28:30Z,27.114142,-165.443804
2025-04-11T20:28:31Z,27.114140,-165.443802
2025-04-11T20:28:32Z,27.114137,-165.443801
2025-04-11T20:28:33Z,27.114134,-165.443801
2025-04-11T20:28:34Z,27.114129,-165.443804
2025-04-11T20:28:35Z,27.114124,-165.443807
2025-04-11T20:28:36Z,27.114119,-165.443810
2025-04-11T20:28:37Z,27.114115,-165.443813
2025-04-11T20:28:38Z,27.114110,-165.443816
2025-04-11T20:28:39Z,27.114105,-165.443818
2025-04-11T20:28:40Z,27.114100,-165.443821
2025-04-11T20:28:41Z,27.114091,-165.443820
2025-04-11T20:28:42Z,27.114079,-165.443818
2025-04-11T20:28:43Z,27.114068,-165.443815
2025-04-11T20:28:44Z,27.114057,-165.443813
2025-04-11T20:28:45Z,27.114045,-165.443810
2025-04-11T20:28:46Z,27.114034,-165.443808
2025-04-11T20:28:47Z,27.114022,-165.443805
2025-04-11T20:28:48Z,27.114011,-165.443802
2025-04-11T20:28:49Z,27.114020,-165.443796
2025-04-11T20:28:50Z,27.114034,-165.443788
2025-04-11T20:28:51Z,27.114047,-165.443780
2025-04-11T20:28:52Z,27.114061,-165.443772
2025-04-11T20:28:53Z,27.114074,-165.443764
2025-04-11T20:28:54Z,27.114088,-165.443756
2025-04-11T20:28:55Z,27.114102,-165.443748
2025-04-11T20:28:56Z,27.114115,-165.443740
2025-04-11T20:28:57Z,27.114121,-165.443752
2025-04-11T20:28:58Z,27.114126,-165.443765
2025-04-11T20:28:59Z,27.114131,-165.443778
2025-04-11T20:29:00Z,27.114136,-165.443791
2025-04-11T20:29:01Z,27.114141,-165.443804
2025-04-11T20:29:02Z,27.114146,-165.443817
2025-04-11T20:29:03Z,27.114151,-165.443830
2025-04-11T20:29:04Z,27.114156,-165.443843
2025-04-11T20:29:05Z,27.114157,-165.443837
2025-04-11T20:29:06Z,27.114158,-165.443829
2025-04-11T20:29:07Z,27.114159,-165.443822
2025-04-11T20:29:08Z,27.114160,-165.443814
2025-04-11T20:29:09Z,27.114161,-165.443807
2025-04-11T20:29:10Z,27.114162,-165.443799
2025-04-11T20:29:11Z,27.114163,-165.443792
2025-04-11T20:29:12Z,27.114164,-165.443784
2025-04-11T20:29:13Z,27.114163,-165.443788
2025-04-11T20:29:14Z,27.114161,-165.443793
2025-04-11T20:29:15Z,27.114159,-165.443798
2025-04-11T20:29:16Z,27.114158,-165.443804
2025-04-11T20:29:17Z,27.114156,-165.443809
2025-04-11T20:29:18Z,27.114154,-165.443815
2025-04-11T20:29:19Z,27.114153,-165.443820
2025-04-11T20:29:20Z,27.114151,-165.443825
2025-04-11T20:29:21Z,27.114143,-165.443833
2025-04-11T20:29:22Z,27.114134,-165.443840
2025-04-11T20:29:23Z,27.114125,-165.443848
2025-04-11T20:29:24Z,27.114116,-165.443855
2025-04-11T20:29:25Z,27.114108,-165.443862
2025-04-11T20:29:26Z,27.114099,-165.443870
2025-04-11T20:29:27Z,27.114090,-165.443877
2025-04-11T20:29:28Z,27.114087,-165.443883
2025-04-11T20:29:29Z,27.114103,-165.443884
2025-04-11T20:29:30Z,27.114119,-165.443884
2025-04-11T20:29:31Z,27.114135,-165.443885
2025-04-11T20:29:32Z,27.114151,-165.443886
2025-04-11T20:29:33Z,27.114167,-165.443886
2025-04-11T20:29:34Z,27.114184,-165.443887
2025-04-11T20:29:35Z,27.114200,-165.443888
2025-04-11T20:29:36Z,27.114209,-165.443884
2025-04-11T20:29:37Z,27.114196,-165.443870
2025-04-11T20:29:38Z,27.114184,-165.443855
2025-04-11T20:29:39Z,27.114171,-165.443841
2025-04-11T20:29:40Z,27.114159,-165.443826
2025-04-11T20:29:41Z,27.114146,-165.443812
2025-04-11T20:29:42Z,27.114133,-165.443797
2025-04-11T20:29:43Z,27.114121,-165.443783
2025-04-11T20:29:44Z,27.114110,-165.443781
2025-04-11T20:29:45Z,27.114100,-165.443793
2025-04-11T20:29:46Z,27.114090,-165.443805
2025-04-11T20:29:47Z,27.114081,-165.443817
2025-04-11T20:29:48Z,27.114071,-165.443830
2025-04-11T20:29:49Z,27.114061,-165.443842
2025-04-11T20:29:50Z,27.114051,-165.443854
2025-04-11T20:29:51Z,27.114042,-165.443866
2025-04-11T20:29:52Z,27.114044,-165.443876
2025-04-11T20:29:53Z,27.114053,-165.443885
2025-04-11T20:29:54Z,27.114062,-165.443893
2025-04-11T20:29:55Z,27.114071,-165.443901
2025-04-11T20:29:56Z,27.114080,-165.443910
2025-04-11T20:29:57Z,27.114089,-165.443918
2025-04-11T20:29:58Z,27.114099,-165.443927
2025-04-11T20:29:59Z,27.114108,-165.443935
2025-04-11T20:30:00Z,27.114112,-165.443931
2025-04-11T20:30:01Z,27.114109,-165.443911
2025-04-11T20:30:02Z,27.114105,-165.443890
2025-04-11T20:30:03Z,27.114102,-165.443870
2025-04-11T20:30:04Z,27.114099,-165.443849
2025-04-11T20:30:05Z,27.114096,-165.443829
2025-04-11T20:30:06Z,27.114093,-165.443808
2025-04-11T20:30:07Z,27.114090,-165.443788
2025-04-11T20:30:08Z,27.114089,-165.443784
2025-04-11T20:30:09Z,27.114089,-165.443786
2025-04-11T20:30:10Z,27.114089,-165.443789
2025-04-11T20:30:11Z,27.114089,-165.443792
2025-04-11T20:30:12Z,27.114090,-165.443794
2025-04-11T20:30:13Z,27.114090,-165.443797
2025-04-11T20:30:14Z,27.114090,-165.443799
2025-04-11T20:30:15Z,27.114090,-165.443802
2025-04-11T20:30:16Z,27.114091,-165.443804
2025-04-11T20:30:17Z,27.114091,-165.443807
2025-04-11T20:30:18Z,27.114092,-165.443809
2025-04-11T20:30:19Z,27.114093,-165.443811
2025-04-11T20:30:20Z,27.114094,-165.443813
2025-04-11T20:30:21Z,27.114095,-165.443815
2025-04-11T20:30:22Z,27.114096,-165.443818
2025-04-11T20:30:23Z,27.114097,-165.443820
2025-04-11T20:30:24Z,27.114101,-165.443817
2025-04-11T20:30:25Z,27.114105,-165.443814
2025-04-11T20:30:26Z,27.114109,-165.443810
2025-04-11T20:30:27Z,27.114113,-165.443807
2025-04-11T20:30:28Z,27.114117,-165.443804
2025-04-11T20:30:29Z,27.114122,-165.443801
2025-04-11T20:30:30Z,27.114126,-165.443797
2025-04-11T20:30:31Z,27.114130,-165.443794
2025-04-11T20:30:32Z,27.114125,-165.443799
2025-04-11T20:30:33Z,27.114120,-165.443804
2025-04-11T20:30:34Z,27.114114,-165.443809
2025-04-11T20:30:35Z,27.114109,-165.443814
2025-04-11T20:30:36Z,27.114104,-165.443819
2025-04-11T20:30:37Z,27.114098,-165.443824
2025-04-11T20:30:38Z,27.114093,-165.443829
2025-04-11T20:30:39Z,27.114089,-165.443833
2025-04-11T20:30:40Z,27.114089,-165.443832
2025-04-11T20:30:41Z,27.114090,-165.443832
2025-04-11T20:30:42Z,27.114090,-165.443831
2025-04-11T20:30:43Z,27.114090,-165.443831
2025-04-11T20:30:44Z,27.114090,-165.443830
2025-04-11T20:30:45Z,27.114091,-165.443830
2025-04-11T20:30:46Z,27.114091,-165.443829
2025-04-11T20:30:47Z,27.114091,-165.443827
2025-04-11T20:30:48Z,27.114092,-165.443819
2025-04-11T20:30:49Z,27.114093,-165.443811
2025-04-11T20:30:50Z,27.114094,-165.443804
2025-04-11T20:30:51Z,27.114094,-165.443796
2025-04-11T20:30:52Z,27.114095,-165.443789
2025-04-11T20:30:53Z,27.114096,-165.443781
2025-04-11T20:30:54Z,27.114097,-165.443773
2025-04-11T20:30:55Z,27.114097,-165.443772
2025-04-11T20:30:56Z,27.114099,-165.443778
2025-04-11T20:30:57Z,27.114100,-165.443784
2025-04-11T20:30:58Z,27.114101,-165.443791
2025-04-11T20:30:59Z,27.114102,-165.443797
2025-04-11T20:31:00Z,27.114103,-165.443804
2025-04-11T20:31:01Z,27.114104,-165.443810
2025-04-11T20:31:02Z,27.114105,-165.443816
2025-04-11T20:31:03Z,27.114106,-165.443820
2025-04-11T20:31:04Z,27.114107,-165.443821
2025-04-11T20:31:05Z,27.114108,-165.443822
2025-04-11T20:31:06Z,27.114109,-165.443822
2025-04-11T20:31:07Z,27.114110,-165.443823
2025-04-11T20:31:08Z,27.114111,-165.443823
2025-04-11T20:31:09Z,27.114112,-165.443824
2025-04-11T20:31:10Z,27.114113,-165.443825
2025-04-11T20:31:11Z,27.114113,-165.443823
2025-04-11T20:31:12Z,27.114112,-165.443819
2025-04-11T20:31:13Z,27.114111,-165.443815
2025-04-11T20:31:14Z,27.114110,-165.443811
2025-04-11T20:31:15Z,27.114109,-165.443807
2025-04-11T20:31:16Z,27.114108,-165.443803
2025-04-11T20:31:17Z,27.114107,-165.443799
2025-04-11T20:31:18Z,27.114106,-165.443796
2025-04-11T20:31:19Z,27.114102,-165.443793
2025-04-11T20:31:20Z,27.114095,-165.443793
2025-04-11T20:31:21Z,27.114088,-165.443792
2025-04-11T20:31:22Z,27.114081,-165.443791
2025-04-11T20:31:23Z,27.114074,-165.443790
2025-04-11T20:31:24Z,27.114067,-165.443789
2025-04-11T20:31:25Z,27.114060,-165.443788
2025-04-11T20:31:26Z,27.114052,-165.443787
2025-04-11T20:31:27Z,27.114048,-165.443787
2025-04-11T20:31:28Z,27.114044,-165.443788
2025-04-11T20:31:29Z,27.114040,-165.443788
2025-04-11T20:31:30Z,27.114037,-165.443788
2025-04-11T20:31:31Z,27.114033,-165.443789
2025-04-11T20:31:32Z,27.114029,-165.443789
2025-04-11T20:31:33Z,27.114026,-165.443790
2025-04-11T20:31:34Z,27.114022,-165.443790
2025-04-11T20:31:35Z,27.114022,-165.443794
2025-04-11T20:31:36Z,27.114023,-165.443799
2025-04-11T20:31:37Z,27.114023,-165.443804
2025-04-11T20:31:38Z,27.114023,-165.443808
2025-04-11T20:31:39Z,27.114023,-165.443813
2025-04-11T20:31:40Z,27.114024,-165.443817
2025-04-11T20:31:41Z,27.114024,-165.443822
2025-04-11T20:31:42Z,27.114024,-165.443826
2025-04-11T20:31:43Z,27.114029,-165.443824
2025-04-11T20:31:44Z,27.114034,-165.443823
2025-04-11T20:31:45Z,27.114039,-165.443821
2025-04-11T20:31:46Z,27.114044,-165.443819
2025-04-11T20:31:47Z,27.114049,-165.443818
2025-04-11T20:31:48Z,27.114054,-165.443816
2025-04-11T20:31:49Z,27.114059,-165.443815
2025-04-11T20:31:50Z,27.114064,-165.443813
2025-04-11T20:31:51Z,27.114064,-165.443814
2025-04-11T20:31:52Z,27.114064,-165.443814
2025-04-11T20:31:53Z,27.114064,-165.443815
2025-04-11T20:31:54Z,27.114065,-165.443815
2025-04-11T20:31:55Z,27.114065,-165.443816
2025-04-11T20:31:56Z,27.114065,-165.443816
2025-04-11T20:31:57Z,27.114065,-165.443817
2025-04-11T20:31:58Z,27.114065,-165.443817
2025-04-11T20:31:59Z,27.114064,-165.443817
2025-04-11T20:32:00Z,27.114063,-165.443817
2025-04-11T20:32:01Z,27.114062,-165.443817
2025-04-11T20:32:02Z,27.114061,-165.443817
2025-04-11T20:32:03Z,27.114060,-165.443817
2025-04-11T20:32:04Z,27.114060,-165.443817
2025-04-11T20:32:05Z,27.114059,-165.443817
2025-04-11T20:32:06Z,27.114059,-165.443817
2025-04-11T20:32:07Z,27.114064,-165.443817
2025-04-11T20:32:08Z,27.114069,-165.443816
2025-04-11T20:32:09Z,27.114074,-165.443816
2025-04-11T20:32:10Z,27.114078,-165.443815
2025-04-11T20:32:11Z,27.114083,-165.443815
2025-04-11T20:32:12Z,27.114088,-165.443815
2025-04-11T20:32:13Z,27.114093,-165.443814
2025-04-11T20:32:14Z,27.114096,-165.443814
2025-04-11T20:32:15Z,27.114096,-165.443812
2025-04-11T20:32:16Z,27.114096,-165.443811
2025-04-11T20:32:17Z,27.114096,-165.443810
2025-04-11T20:32:18Z,27.114095,-165.443809
2025-04-11T20:32:19Z,27.114095,-165.443807
2025-04-11T20:32:20Z,27.114095,-165.443806
2025-04-11T20:32:21Z,27.114095,-165.443805
2025-04-11T20:32:22Z,27.114097,-165.443806
2025-04-11T20:32:23Z,27.114102,-165.443811
2025-04-11T20:32:24Z,27.114106,-165.443815
2025-04-11T20:32:25Z,27.114111,-165.443820
2025-04-11T20:32:26Z,27.114116,-165.443825
2025-04-11T20:32:27Z,27.114120,-165.443829
2025-04-11T20:32:28Z,27.114125,-165.443834
2025-04-11T20:32:29Z,27.114130,-165.443839
2025-04-11T20:32:30Z,27.114128,-165.443837
2025-04-11T20:32:31Z,27.114119,-165.443829
2025-04-11T20:32:32Z,27.114111,-165.443821
2025-04-11T20:32:33Z,27.114102,-165.443813
2025-04-11T20:32:34Z,27.114093,-165.443805
2025-04-11T20:32:35Z,27.114085,-165.443797
2025-04-11T20:32:36Z,27.114076,-165.443789
2025-04-11T20:32:37Z,27.114068,-165.443781
2025-04-11T20:32:38Z,27.114060,-165.443779
2025-04-11T20:32:39Z,27.114055,-165.443783
2025-04-11T20:32:40Z,27.114049,-165.443787
2025-04-11T20:32:41Z,27.114044,-165.443791
2025-04-11T20:32:42Z,27.114038,-165.443795
2025-04-11T20:32:43Z,27.114033,-165.443799
2025-04-11T20:32:44Z,27.114027,-165.443802
2025-04-11T20:32:45Z,27.114022,-165.443806
2025-04-11T20:32:46Z,27.114033,-165.443803
2025-04-11T20:32:47Z,27.114047,-165.443798
2025-04-11T20:32:48Z,27.114061,-165.443793
2025-04-11T20:32:49Z,27.114076,-165.443788
2025-04-11T20:32:50Z,27.114090,-165.443783
2025-04-11T20:32:51Z,27.114104,-165.443778
2025-04-11T20:32:52Z,27.114118,-165.443773
2025-04-11T20:32:53Z,27.114133,-165.443768
2025-04-11T20:32:54Z,27.114128,-165.443775
2025-04-11T20:32:55Z,27.114119,-165.443785
2025-04-11T20:32:56Z,27.114110,-165.443795
2025-04-11T20:32:57Z,27.114101,-165.443804
2025-04-11T20:32:58Z,27.114092,-165.443814
2025-04-11T20:32:59Z,27.114083,-165.443824
2025-04-11T20:33:00Z,27.114074,-165.443834
2025-04-11T20:33:01Z,27.114066,-165.443843
2025-04-11T20:33:02Z,27.114059,-165.443840
2025-04-11T20:33:03Z,27.114053,-165.443837
2025-04-11T20:33:04Z,27.114047,-165.443833
2025-04-11T20:33:05Z,27.114041,-165.443829
2025-04-11T20:33:06Z,27.114035,-165.443825
2025-04-11T20:33:07Z,27.114029,-165.443822
2025-04-11T20:33:08Z,27.114022,-165.443818
2025-04-11T20:33:09Z,27.114016,-165.443814
2025-04-11T20:33:10Z,27.114029,-165.443836
2025-04-11T20:33:11Z,27.114042,-165.443858
2025-04-11T20:33:12Z,27.114055,-165.443881
2025-04-11T20:33:13Z,27.114068,-165.443904
2025-04-11T20:33:14Z,27.114082,-165.443926
2025-04-11T20:33:15Z,27.114095,-165.443949
2025-04-11T20:33:16Z,27.114108,-165.443972
2025-04-11T20:33:17Z,27.114121,-165.443991
2025-04-11T20:33:18Z,27.114130,-165.443979
2025-04-11T20:33:19Z,27.114140,-165.443967
2025-04-11T20:33:20Z,27.114149,-165.443955
2025-04-11T20:33:21Z,27.114159,-165.443943
2025-04-11T20:33:22Z,27.114168,-165.443931
2025-04-11T20:33:23Z,27.114178,-165.443919
2025-04-11T20:33:24Z,27.114187,-165.443907
2025-04-11T20:33:25Z,27.114192,-165.443900
2025-04-11T20:33:26Z,27.114174,-165.443917
2025-04-11T20:33:27Z,27.114155,-165.443933
2025-04-11T20:33:28Z,27.114137,-165.443950
2025-04-11T20:33:29Z,27.114119,-165.443967
2025-04-11T20:33:30Z,27.114101,-165.443983
2025-04-11T20:33:31Z,27.114082,-165.444000
2025-04-11T20:33:32Z,27.114064,-165.444017
2025-04-11T20:33:33Z,27.114062,-165.444009
2025-04-11T20:33:34Z,27.114081,-165.443970
2025-04-11T20:33:35Z,27.114101,-165.443931
2025-04-11T20:33:36Z,27.114120,-165.443892
2025-04-11T20:33:37Z,27.114139,-165.443853
2025-04-11T20:33:38Z,27.114158,-165.443814
2025-04-11T20:33:39Z,27.114177,-165.443775
2025-04-11T20:33:40Z,27.114196,-165.443736
2025-04-11T20:33:41Z,27.114208,-165.443704
2025-04-11T20:33:42Z,27.114195,-165.443697
2025-04-11T20:33:43Z,27.114182,-165.443691
2025-04-11T20:33:44Z,27.114169,-165.443684
2025-04-11T20:33:45Z,27.114156,-165.443678
2025-04-11T20:33:46Z,27.114143,-165.443671
2025-04-11T20:33:47Z,27.114130,-165.443665
2025-04-11T20:33:48Z,27.114117,-165.443658
2025-04-11T20:33:49Z,27.114115,-165.443664
2025-04-11T20:33:50Z,27.114125,-165.443684
2025-04-11T20:33:51Z,27.114135,-165.443703
2025-04-11T20:33:52Z,27.114145,-165.443723
2025-04-11T20:33:53Z,27.114155,-165.443742
2025-04-11T20:33:54Z,27.114165,-165.443762
2025-04-11T20:33:55Z,27.114175,-165.443781
2025-04-11T20:33:56Z,27.114185,-165.443801
2025-04-11T20:33:57Z,27.114185,-165.443801
2025-04-11T20:33:58Z,27.114180,-165.443793
2025-04-11T20:33:59Z,27.114175,-165.443785
2025-04-11T20:34:00Z,27.114170,-165.443776
2025-04-11T20:34:01Z,27.114165,-165.443768
2025-04-11T20:34:02Z,27.114160,-165.443760
2025-04-11T20:34:03Z,27.114155,-165.443751
2025-04-11T20:34:04Z,27.114150,-165.443743
2025-04-11T20:34:05Z,27.114159,-165.443745
2025-04-11T20:34:06Z,27.114176,-165.443753
2025-04-11T20:34:07Z,27.114193,-165.443761
2025-04-11T20:34:08Z,27.114210,-165.443769
2025-04-11T20:34:09Z,27.114227,-165.443777
2025-04-11T20:34:10Z,27.114244,-165.443785
2025-04-11T20:34:11Z,27.114261,-165.443793
2025-04-11T20:34:12Z,27.114278,-165.443802
2025-04-11T20:34:13Z,27.114275,-165.443803
2025-04-11T20:34:14Z,27.114268,-165.443802
2025-04-11T20:34:15Z,27.114261,-165.443802
2025-04-11T20:34:16Z,27.114255,-165.443801
2025-04-11T20:34:17Z,27.114248,-165.443801
2025-04-11T20:34:18Z,27.114241,-165.443800
2025-04-11T20:34:19Z,27.114234,-165.443800
2025-04-11T20:34:20Z,27.114227,-165.443799
2025-04-11T20:34:21Z,27.114232,-165.443798
2025-04-11T20:34:22Z,27.114238,-165.443796
2025-04-11T20:34:23Z,27.114244,-165.443795
2025-04-11T20:34:24Z,27.114250,-165.443793
2025-04-11T20:34:25Z,27.114256,-165.443791
2025-04-11T20:34:26Z,27.114263,-165.443790
2025-04-11T20:34:27Z,27.114269,-165.443788
2025-04-11T20:34:28Z,27.114271,-165.443783
2025-04-11T20:34:29Z,27.114255,-165.443760
2025-04-11T20:34:30Z,27.114239,-165.443737
2025-04-11T20:34:31Z,27.114222,-165.443714
2025-04-11T20:34:32Z,27.114206,-165.443690
2025-04-11T20:34:33Z,27.114190,-165.443667
2025-04-11T20:34:34Z,27.114173,-165.443644
2025-04-11T20:34:35Z,27.114157,-165.443621
2025-04-11T20:34:36Z,27.114143,-165.443601
2025-04-11T20:34:37Z,27.114143,-165.443601
2025-04-11T20:34:38Z,27.114143,-165.443600
2025-04-11T20:34:39Z,27.114143,-165.443600
2025-04-11T20:34:40Z,27.114142,-165.443600
2025-04-11T20:34:41Z,27.114142,-165.443600
2025-04-11T20:34:42Z,27.114142,-165.443599
2025-04-11T20:34:43Z,27.114142,-165.443599
2025-04-11T20:34:44Z,27.114140,-165.443602
2025-04-11T20:34:45Z,27.114132,-165.443610
2025-04-11T20:34:46Z,27.114124,-165.443619
2025-04-11T20:34:47Z,27.114117,-165.443628
2025-04-11T20:34:48Z,27.114109,-165.443637
2025-04-11T20:34:49Z,27.114101,-165.443646
2025-04-11T20:34:50Z,27.114093,-165.443655
2025-04-11T20:34:51Z,27.114086,-165.443664
2025-04-11T20:34:52Z,27.114081,-165.443673
2025-04-11T20:34:53Z,27.114082,-165.443682
2025-04-11T20:34:54Z,27.114082,-165.443692
2025-04-11T20:34:55Z,27.114082,-165.443701
2025-04-11T20:34:56Z,27.114083,-165.443710
2025-04-11T20:34:57Z,27.114083,-165.443720
2025-04-11T20:34:58Z,27.114083,-165.443729
2025-04-11T20:34:59Z,27.114084,-165.443738
2025-04-11T20:35:00Z,27.114086,-165.443741
2025-04-11T20:35:01Z,27.114089,-165.443734
2025-04-11T20:35:02Z,27.114093,-165.443727
2025-04-11T20:35:03Z,27.114097,-165.443720
2025-04-11T20:35:04Z,27.114101,-165.443713
2025-04-11T20:35:05Z,27.114105,-165.443706
2025-04-11T20:35:06Z,27.114108,-165.443699
2025-04-11T20:35:07Z,27.114112,-165.443692
2025-04-11T20:35:08Z,27.114113,-165.443684
2025-04-11T20:35:09Z,27.114111,-165.443675
2025-04-11T20:35:10Z,27.114109,-165.443666
2025-04-11T20:35:11Z,27.114107,-165.443656
2025-04-11T20:35:12Z,27.114106,-165.443647
2025-04-11T20:35:13Z,27.114104,-165.443638
2025-04-11T20:35:14Z,27.114102,-165.443628
2025-04-11T20:35:15Z,27.114100,-165.443619
2025-04-11T20:35:16Z,27.114101,-165.443618
2025-04-11T20:35:17Z,27.114104,-165.443625
2025-04-11T20:35:18Z,27.114108,-165.443633
2025-04-11T20:35:19Z,27.114112,-165.443640
2025-04-11T20:35:20Z,27.114115,-165.443648
2025-04-11T20:35:21Z,27.114119,-165.443656
2025-04-11T20:35:22Z,27.114122,-165.443663
2025-04-11T20:35:23Z,27.114126,-165.443671
2025-04-11T20:35:24Z,27.114123,-165.443665
2025-04-11T20:35:25Z,27.114118,-165.443654
2025-04-11T20:35:26Z,27.114113,-165.443643
2025-04-11T20:35:27Z,27.114107,-165.443632
2025-04-11T20:35:28Z,27.114102,-165.443621
2025-04-11T20:35:29Z,27.114097,-165.443610
2025-04-11T20:35:30Z,27.114092,-165.443600
2025-04-11T20:35:31Z,27.114086,-165.443589
2025-04-11T20:35:32Z,27.114089,-165.443594
2025-04-11T20:35:33Z,27.114092,-165.443601
2025-04-11T20:35:34Z,27.114095,-165.443607
2025-04-11T20:35:35Z,27.114098,-165.443614
2025-04-11T20:35:36Z,27.114101,-165.443620
2025-04-11T20:35:37Z,27.114104,-165.443627
2025-04-11T20:35:38Z,27.114107,-165.443633
2025-04-11T20:35:39Z,27.114110,-165.443640
2025-04-11T20:35:40Z,27.114109,-165.443646
2025-04-11T20:35:41Z,27.114108,-165.443652
2025-04-11T20:35:42Z,27.114107,-165.443658
2025-04-11T20:35:43Z,27.114106,-165.443664
2025-04-11T20:35:44Z,27.114105,-165.443670
2025-04-11T20:35:45Z,27.114104,-165.443676
2025-04-11T20:35:46Z,27.114103,-165.443682
2025-04-11T20:35:47Z,27.114102,-165.443688
2025-04-11T20:35:48Z,27.114101,-165.443694
2025-04-11T20:35:49Z,27.114100,-165.443700
2025-04-11T20:35:50Z,27.114099,-165.443706
2025-04-11T20:35:51Z,27.114098,-165.443712
2025-04-11T20:35:52Z,27.114097,-165.443718
2025-04-11T20:35:53Z,27.114096,-165.443724
2025-04-11T20:35:54Z,27.114095,-165.443730
2025-04-11T20:35:55Z,27.114094,-165.443735
2025-04-11T20:35:56Z,27.114092,-165.443738
2025-04-11T20:35:57Z,27.114091,-165.443740
2025-04-11T20:35:58Z,27.114090,-165.443743
2025-04-11T20:35:59Z,27.114088,-165.443746
2025-04-11T20:36:00Z,27.114087,-165.443748
2025-04-11T20:36:01Z,27.114085,-165.443751
2025-04-11T20:36:02Z,27.114084,-165.443753
2025-04-11T20:36:03Z,27.114081,-165.443753
2025-04-11T20:36:04Z,27.114077,-165.443746
2025-04-11T20:36:05Z,27.114073,-165.443739
2025-04-11T20:36:06Z,27.114068,-165.443732
2025-04-11T20:36:07Z,27.114064,-165.443725
2025-04-11T20:36:08Z,27.114059,-165.443718
2025-04-11T20:36:09Z,27.114055,-165.443711
2025-04-11T20:36:10Z,27.114051,-165.443704
2025-04-11T20:36:11Z,27.114051,-165.443703
2025-04-11T20:36:12Z,27.114057,-165.443711
2025-04-11T20:36:13Z,27.114063,-165.443719
2025-04-11T20:36:14Z,27.114070,-165.443727
2025-04-11T20:36:15Z,27.114076,-165.443735
2025-04-11T20:36:16Z,27.114082,-165.443743
2025-04-11T20:36:17Z,27.114088,-165.443751
2025-04-11T20:36:18Z,27.114095,-165.443759
2025-04-11T20:36:19Z,27.114099,-165.443758
2025-04-11T20:36:20Z,27.114102,-165.443748
2025-04-11T20:36:21Z,27.114104,-165.443738
2025-04-11T20:36:22Z,27.114106,-165.443727
2025-04-11T20:36:23Z,27.114109,-165.443717
2025-04-11T20:36:24Z,27.114111,-165.443707
2025-04-11T20:36:25Z,27.114114,-165.443697
2025-04-11T20:36:26Z,27.114116,-165.443686
2025-04-11T20:36:27Z,27.114117,-165.443682
2025-04-11T20:36:28Z,27.114117,-165.443681
2025-04-11T20:36:29Z,27.114117,-165.443681
2025-04-11T20:36:30Z,27.114117,-165.443681
2025-04-11T20:36:31Z,27.114118,-165.443680
2025-04-11T20:36:32Z,27.114118,-165.443680
2025-04-11T20:36:33Z,27.114118,-165.443680
2025-04-11T20:36:34Z,27.114118,-165.443679
2025-04-11T20:36:35Z,27.114116,-165.443673
2025-04-11T20:36:36Z,27.114114,-165.443662
2025-04-11T20:36:37Z,27.114111,-165.443651
2025-04-11T20:36:38Z,27.114108,-165.443640
2025-04-11T20:36:39Z,27.114106,-165.443629
2025-04-11T20:36:40Z,27.114103,-165.443618
2025-04-11T20:36:41Z,27.114100,-165.443607
2025-04-11T20:36:42Z,27.114098,-165.443596
2025-04-11T20:36:43Z,27.114097,-165.443599
2025-04-11T20:36:44Z,27.114097,-165.443607
2025-04-11T20:36:45Z,27.114098,-165.443615
2025-04-11T20:36:46Z,27.114098,-165.443623
2025-04-11T20:36:47Z,27.114098,-165.443631
2025-04-11T20:36:48Z,27.114098,-165.443639
2025-04-11T20:36:49Z,27.114099,-165.443648
2025-04-11T20:36:50Z,27.114099,-165.443656
2025-04-11T20:36:51Z,27.114099,-165.443669
2025-04-11T20:36:52Z,27.114099,-165.443684
2025-04-11T20:36:53Z,27.114099,-165.443700
2025-04-11T20:36:54Z,27.114099,-165.443715
2025-04-11T20:36:55Z,27.114100,-165.443730
2025-04-11T20:36:56Z,27.114100,-165.443746
2025-04-11T20:36:57Z,27.114100,-165.443761
2025-04-11T20:36:58Z,27.114100,-165.443776
2025-04-11T20:36:59Z,27.114096,-165.443778
2025-04-11T20:37:00Z,27.114092,-165.443780
2025-04-11T20:37:01Z,27.114087,-165.443782
2025-04-11T20:37:02Z,27.114083,-165.443784
2025-04-11T20:37:03Z,27.114079,-165.443785
2025-04-11T20:37:04Z,27.114075,-165.443787
2025-04-11T20:37:05Z,27.114071,-165.443789
2025-04-11T20:37:06Z,27.114067,-165.443792
2025-04-11T20:37:07Z,27.114062,-165.443804
2025-04-11T20:37:08Z,27.114058,-165.443817
2025-04-11T20:37:09Z,27.114054,-165.443829
2025-04-11T20:37:10Z,27.114049,-165.443841
2025-04-11T20:37:11Z,27.114045,-165.443854
2025-04-11T20:37:12Z,27.114041,-165.443866
2025-04-11T20:37:13Z,27.114037,-165.443879
2025-04-11T20:37:14Z,27.114034,-165.443886
2025-04-11T20:37:15Z,27.114041,-165.443871
2025-04-11T20:37:16Z,27.114048,-165.443856
2025-04-11T20:37:17Z,27.114055,-165.443841
2025-04-11T20:37:18Z,27.114063,-165.443826
2025-04-11T20:37:19Z,27.114070,-165.443810
2025-04-11T20:37:20Z,27.114077,-165.443795
2025-04-11T20:37:21Z,27.114084,-165.443780
2025-04-11T20:37:22Z,27.114089,-165.443770
2025-04-11T20:37:23Z,27.114090,-165.443773
2025-04-11T20:37:24Z,27.114092,-165.443777
2025-04-11T20:37:25Z,27.114093,-165.443780
2025-04-11T20:37:26Z,27.114094,-165.443783
2025-04-11T20:37:27Z,27.114095,-165.443787
2025-04-11T20:37:28Z,27.114096,-165.443790
2025-04-11T20:37:29Z,27.114097,-165.443793
2025-04-11T20:37:30Z,27.114097,-165.443793
2025-04-11T20:37:31Z,27.114095,-165.443782
2025-04-11T20:37:32Z,27.114093,-165.443770
2025-04-11T20:37:33Z,27.114090,-165.443759
2025-04-11T20:37:34Z,27.114088,-165.443747
2025-04-11T20:37:35Z,27.114085,-165.443736
2025-04-11T20:37:36Z,27.114083,-165.443724
2025-04-11T20:37:37Z,27.114080,-165.443713
2025-04-11T20:37:38Z,27.114077,-165.443711
2025-04-11T20:37:39Z,27.114072,-165.443722
2025-04-11T20:37:40Z,27.114066,-165.443734
2025-04-11T20:37:41Z,27.114061,-165.443746
2025-04-11T20:37:42Z,27.114056,-165.443758
2025-04-11T20:37:43Z,27.114051,-165.443769
2025-04-11T20:37:44Z,27.114046,-165.443781
2025-04-11T20:37:45Z,27.114040,-165.443793
2025-04-11T20:37:46Z,27.114037,-165.443799
2025-04-11T20:37:47Z,27.114034,-165.443800
2025-04-11T20:37:48Z,27.114031,-165.443802
2025-04-11T20:37:49Z,27.114029,-165.443804
2025-04-11T20:37:50Z,27.114026,-165.443805
2025-04-11T20:37:51Z,27.114024,-165.443807
2025-04-11T20:37:52Z,27.114021,-165.443809
2025-04-11T20:37:53Z,27.114018,-165.443810
2025-04-11T20:37:54Z,27.114019,-165.443808
2025-04-11T20:37:55Z,27.114023,-165.443802
2025-04-11T20:37:56Z,27.114026,-165.443797
2025-04-11T20:37:57Z,27.114030,-165.443791
2025-04-11T20:37:58Z,27.114034,-165.443785
2025-04-11T20:37:59Z,27.114038,-165.443780
2025-04-11T20:38:00Z,27.114041,-165.443774
2025-04-11T20:38:01Z,27.114045,-165.443768
2025-04-11T20:38:02Z,27.114049,-165.443763
2025-04-11T20:38:03Z,27.114053,-165.443757
2025-04-11T20:38:04Z,27.114057,-165.443751
2025-04-11T20:38:05Z,27.114060,-165.443746
2025-04-11T20:38:06Z,27.114064,-165.443740
2025-04-11T20:38:07Z,27.114068,-165.443734
2025-04-11T20:38:08Z,27.114072,-165.443729
2025-04-11T20:38:09Z,27.114075,-165.443723
2025-04-11T20:38:10Z,27.114088,-165.443718
2025-04-11T20:38:11Z,27.114102,-165.443713
2025-04-11T20:38:12Z,27.114117,-165.443708
2025-04-11T20:38:13Z,27.114131,-165.443702
2025-04-11T20:38:14Z,27.114145,-165.443697
2025-04-11T20:38:15Z,27.114160,-165.443692
2025-04-11T20:38:16Z,27.114174,-165.443687
2025-04-11T20:38:17Z,27.114189,-165.443682
2025-04-11T20:38:18Z,27.114176,-165.443687
2025-04-11T20:38:19Z,27.114158,-165.443695
2025-04-11T20:38:20Z,27.114140,-165.443703
2025-04-11T20:38:21Z,27.114122,-165.443710
2025-04-11T20:38:22Z,27.114103,-165.443718
2025-04-11T20:38:23Z,27.114085,-165.443725
2025-04-11T20:38:24Z,27.114067,-165.443733
2025-04-11T20:38:25Z,27.114049,-165.443741
2025-04-11T20:38:26Z,27.114059,-165.443745
2025-04-11T20:38:27Z,27.114071,-165.443748
2025-04-11T20:38:28Z,27.114083,-165.443752
2025-04-11T20:38:29Z,27.114095,-165.443756
2025-04-11T20:38:30Z,27.114107,-165.443760
2025-04-11T20:38:31Z,27.114119,-165.443764
2025-04-11T20:38:32Z,27.114131,-165.443767
2025-04-11T20:38:33Z,27.114142,-165.443771
2025-04-11T20:38:34Z,27.114141,-165.443776
2025-04-11T20:38:35Z,27.114139,-165.443780
2025-04-11T20:38:36Z,27.114138,-165.443784
2025-04-11T20:38:37Z,27.114137,-165.443789
2025-04-11T20:38:38Z,27.114135,-165.443793
2025-04-11T20:38:39Z,27.114134,-165.443798
2025-04-11T20:38:40Z,27.114133,-165.443802
2025-04-11T20:38:41Z,27.114131,-165.443806
2025-04-11T20:38:42Z,27.114124,-165.443805
2025-04-11T20:38:43Z,27.114117,-165.443803
2025-04-11T20:38:44Z,27.114109,-165.443801
2025-04-11T20:38:45Z,27.114102,-165.443799
2025-04-11T20:38:46Z,27.114094,-165.443797
2025-04-11T20:38:47Z,27.114086,-165.443795
2025-04-11T20:38:48Z,27.114079,-165.443793
2025-04-11T20:38:49Z,27.114077,-165.443793
2025-04-11T20:38:50Z,27.114083,-165.443795
2025-04-11T20:38:51Z,27.114088,-165.443797
2025-04-11T20:38:52Z,27.114093,-165.443799
2025-04-11T20:38:53Z,27.114098,-165.443800
2025-04-11T20:38:54Z,27.114103,-165.443802
2025-04-11T20:38:55Z,27.114108,-165.443804
2025-04-11T20:38:56Z,27.114113,-165.443806
2025-04-11T20:38:57Z,27.114119,-165.443805
2025-04-11T20:38:58Z,27.114124,-165.443801
2025-04-11T20:38:59Z,27.114130,-165.443797
2025-04-11T20:39:00Z,27.114136,-165.443793
2025-04-11T20:39:01Z,27.114142,-165.443788
2025-04-11T20:39:02Z,27.114148,-165.443784
2025-04-11T20:39:03Z,27.114154,-165.443780
2025-04-11T20:39:04Z,27.114160,-165.443776
2025-04-11T20:39:05Z,27.114158,-165.443766
2025-04-11T20:39:06Z,27.114152,-165.443753
2025-04-11T20:39:07Z,27.114145,-165.443740
2025-04-11T20:39:08Z,27.114139,-165.443727
2025-04-11T20:39:09Z,27.114132,-165.443714
2025-04-11T20:39:10Z,27.114126,-165.443701
2025-04-11T20:39:11Z,27.114119,-165.443688
2025-04-11T20:39:12Z,27.114112,-165.443675
2025-04-11T20:39:13Z,27.114115,-165.443673
2025-04-11T20:39:14Z,27.114123,-165.443678
2025-04-11T20:39:15Z,27.114132,-165.443683
2025-04-11T20:39:16Z,27.114140,-165.443688
2025-04-11T20:39:17Z,27.114148,-165.443693
2025-04-11T20:39:18Z,27.114156,-165.443698
2025-04-11T20:39:19Z,27.114165,-165.443703
2025-04-11T20:39:20Z,27.114173,-165.443708
2025-04-11T20:39:21Z,27.114181,-165.443713
2025-04-11T20:39:22Z,27.114189,-165.443718
2025-04-11T20:39:23Z,27.114198,-165.443723
2025-04-11T20:39:24Z,27.114206,-165.443728
2025-04-11T20:39:25Z,27.114214,-165.443733
2025-04-11T20:39:26Z,27.114222,-165.443738
2025-04-11T20:39:27Z,27.114231,-165.443743
2025-04-11T20:39:28Z,27.114239,-165.443748
2025-04-11T20:39:29Z,27.114247,-165.443753
2025-04-11T20:39:30Z,27.114255,-165.443757
2025-04-11T20:39:31Z,27.114263,-165.443762
2025-04-11T20:39:32Z,27.114272,-165.443767
2025-04-11T20:39:33Z,27.114280,-165.443772
2025-04-11T20:39:34Z,27.114284,-165.443779
2025-04-11T20:39:35Z,27.114278,-165.443789
2025-04-11T20:39:36Z,27.114271,-165.443799
2025-04-11T20:39:37Z,27.114265,-165.443810
2025-04-11T20:39:38Z,27.114258,-165.443820
2025-04-11T20:39:39Z,27.114251,-165.443831
2025-04-11T20:39:40Z,27.114245,-165.443841
2025-04-11T20:39:41Z,27.114238,-165.443851
2025-04-11T20:39:42Z,27.114230,-165.443859
2025-04-11T20:39:43Z,27.114218,-165.443863
2025-04-11T20:39:44Z,27.114206,-165.443867
2025-04-11T20:39:45Z,27.114194,-165.443870
2025-04-11T20:39:46Z,27.114182,-165.443874
2025-04-11T20:39:47Z,27.114170,-165.443878
2025-04-11T20:39:48Z,27.114158,-165.443882
2025-04-11T20:39:49Z,27.114147,-165.443885
2025-04-11T20:39:50Z,27.114143,-165.443888
2025-04-11T20:39:51Z,27.114161,-165.443886
2025-04-11T20:39:52Z,27.114178,-165.443884
2025-04-11T20:39:53Z,27.114196,-165.443883
2025-04-11T20:39:54Z,27.114213,-165.443881
2025-04-11T20:39:55Z,27.114231,-165.443879
2025-04-11T20:39:56Z,27.114248,-165.443878
2025-04-11T20:39:57Z,27.114266,-165.443876
2025-04-11T20:39:58Z,27.114275,-165.443873
2025-04-11T20:39:59Z,27.114272,-165.443869
2025-04-11T20:40:00Z,27.114269,-165.443865
2025-04-11T20:40:01Z,27.114267,-165.443861
2025-04-11T20:40:02Z,27.114264,-165.443857
2025-04-11T20:40:03Z,27.114261,-165.443853
2025-04-11T20:40:04Z,27.114258,-165.443849
2025-04-11T20:40:05Z,27.114256,-165.443845
2025-04-11T20:40:06Z,27.114255,-165.443843
2025-04-11T20:40:07Z,27.114254,-165.443841
2025-04-11T20:40:08Z,27.114253,-165.443839
2025-04-11T20:40:09Z,27.114253,-165.443838
2025-04-11T20:40:10Z,27.114252,-165.443836
2025-04-11T20:40:11Z,27.114251,-165.443835
2025-04-11T20:40:12Z,27.114251,-165.443833
2025-04-11T20:40:13Z,27.114250,-165.443831
2025-04-11T20:40:14Z,27.114256,-165.443838
2025-04-11T20:40:15Z,27.114264,-165.443846
2025-04-11T20:40:16Z,27.114273,-165.443855
2025-04-11T20:40:17Z,27.114281,-165.443863
2025-04-11T20:40:18Z,27.114289,-165.443872
2025-04-11T20:40:19Z,27.114297,-165.443880
2025-04-11T20:40:20Z,27.114305,-165.443889
2025-04-11T20:40:21Z,27.114313,-165.443897
2025-04-11T20:40:22Z,27.114309,-165.443884
2025-04-11T20:40:23Z,27.114304,-165.443869
2025-04-11T20:40:24Z,27.114298,-165.443853
2025-04-11T20:40:25Z,27.114293,-165.443838
2025-04-11T20:40:26Z,27.114287,-165.443823
2025-04-11T20:40:27Z,27.114282,-165.443807
2025-04-11T20:40:28Z,27.114276,-165.443792
2025-04-11T20:40:29Z,27.114271,-165.443777
2025-04-11T20:40:30Z,27.114268,-165.443767
2025-04-11T20:40:31Z,27.114265,-165.443757
2025-04-11T20:40:32Z,27.114263,-165.443747
2025-04-11T20:40:33Z,27.114261,-165.443738
2025-04-11T20:40:34Z,27.114258,-165.443728
2025-04-11T20:40:35Z,27.114256,-165.443719
2025-04-11T20:40:36Z,27.114253,-165.443709
2025-04-11T20:40:37Z,27.114251,-165.443700
2025-04-11T20:40:38Z,27.114247,-165.443708
2025-04-11T20:40:39Z,27.114244,-165.443715
2025-04-11T20:40:40Z,27.114240,-165.443723
2025-04-11T20:40:41Z,27.114236,-165.443730
2025-04-11T20:40:42Z,27.114233,-165.443737
2025-04-11T20:40:43Z,27.114229,-165.443745
2025-04-11T20:40:44Z,27.114225,-165.443752
2025-04-11T20:40:45Z,27.114222,-165.443759
2025-04-11T20:40:46Z,27.114222,-165.443762
2025-04-11T20:40:47Z,27.114222,-165.443766
2025-04-11T20:40:48Z,27.114222,-165.443769
2025-04-11T20:40:49Z,27.114223,-165.443772
2025-04-11T20:40:50Z,27.114223,-165.443775
2025-04-11T20:40:51Z,27.114223,-165.443778
2025-04-11T20:40:52Z,27.114223,-165.443781
2025-04-11T20:40:53Z,27.114223,-165.443784
2025-04-11T20:40:54Z,27.114227,-165.443781
2025-04-11T20:40:55Z,27.114231,-165.443779
2025-04-11T20:40:56Z,27.114234,-165.443776
2025-04-11T20:40:57Z,27.114238,-165.443774
2025-04-11T20:40:58Z,27.114241,-165.443772
2025-04-11T20:40:59Z,27.114245,-165.443769
2025-04-11T20:41:00Z,27.114248,-165.443767
2025-04-11T20:41:01Z,27.114248,-165.443765
2025-04-11T20:41:02Z,27.114236,-165.443764
2025-04-11T20:41:03Z,27.114224,-165.443764
2025-04-11T20:41:04Z,27.114213,-165.443763
2025-04-11T20:41:05Z,27.114201,-165.443762
2025-04-11T20:41:06Z,27.114189,-165.443762
2025-04-11T20:41:07Z,27.114177,-165.443761
2025-04-11T20:41:08Z,27.114166,-165.443760
2025-04-11T20:41:09Z,27.114163,-165.443760
2025-04-11T20:41:10Z,27.114170,-165.443760
2025-04-11T20:41:11Z,27.114176,-165.443761
2025-04-11T20:41:12Z,27.114182,-165.443761
2025-04-11T20:41:13Z,27.114188,-165.443761
2025-04-11T20:41:14Z,27.114195,-165.443761
2025-04-11T20:41:15Z,27.114201,-165.443762
2025-04-11T20:41:16Z,27.114207,-165.443762
2025-04-11T20:41:17Z,27.114209,-165.443766
2025-04-11T20:41:18Z,27.114207,-165.443774
2025-04-11T20:41:19Z,27.114206,-165.443782
2025-04-11T20:41:20Z,27.114204,-165.443789
2025-04-11T20:41:21Z,27.114202,-165.443797
2025-04-11T20:41:22Z,27.114201,-165.443804
2025-04-11T20:41:23Z,27.114199,-165.443812
2025-04-11T20:41:24Z,27.114198,-165.443819
2025-04-11T20:41:25Z,27.114198,-165.443817
2025-04-11T20:41:26Z,27.114199,-165.443809
2025-04-11T20:41:27Z,27.114200,-165.443801
2025-04-11T20:41:28Z,27.114202,-165.443793
2025-04-11T20:41:29Z,27.114203,-165.443786
2025-04-11T20:41:30Z,27.114204,-165.443778
2025-04-11T20:41:31Z,27.114205,-165.443770
2025-04-11T20:41:32Z,27.114207,-165.443762
2025-04-11T20:41:33Z,27.114208,-165.443764
2025-04-11T20:41:34Z,27.114209,-165.443769
2025-04-11T20:41:35Z,27.114210,-165.443774
2025-04-11T20:41:36Z,27.114212,-165.443779
2025-04-11T20:41:37Z,27.114213,-165.443784
2025-04-11T20:41:38Z,27.114214,-165.443789
2025-04-11T20:41:39Z,27.114216,-165.443794
2025-04-11T20:41:40Z,27.114217,-165.443799
2025-04-11T20:41:41Z,27.114218,-165.443800
2025-04-11T20:41:42Z,27.114219,-165.443801
2025-04-11T20:41:43Z,27.114219,-165.443801
2025-04-11T20:41:44Z,27.114220,-165.443801
2025-04-11T20:41:45Z,27.114221,-165.443802
2025-04-11T20:41:46Z,27.114222,-165.443802
2025-04-11T20:41:47Z,27.114223,-165.443803
2025-04-11T20:41:48Z,27.114224,-165.443803
2025-04-11T20:41:49Z,27.114225,-165.443802
2025-04-11T20:41:50Z,27.114226,-165.443801
2025-04-11T20:41:51Z,27.114227,-165.443800
2025-04-11T20:41:52Z,27.114228,-165.443800
2025-04-11T20:41:53Z,27.114230,-165.443799
2025-04-11T20:41:54Z,27.114231,-165.443798
2025-04-11T20:41:55Z,27.114232,-165.443797
2025-04-11T20:41:56Z,27.114233,-165.443796
2025-04-11T20:41:57Z,27.114228,-165.443796
2025-04-11T20:41:58Z,27.114223,-165.443796
2025-04-11T20:41:59Z,27.114218,-165.443796
2025-04-11T20:42:00Z,27.114213,-165.443796
2025-04-11T20:42:01Z,27.114208,-165.443796
2025-04-11T20:42:02Z,27.114204,-165.443796
2025-04-11T20:42:03Z,27.114199,-165.443796
2025-04-11T20:42:04Z,27.114195,-165.443796
2025-04-11T20:42:05Z,27.114196,-165.443796
2025-04-11T20:42:06Z,27.114197,-165.443796
2025-04-11T20:42:07Z,27.114198,-165.443796
2025-04-11T20:42:08Z,27.114199,-165.443795
2025-04-11T20:42:09Z,27.114200,-165.443795
2025-04-11T20:42:10Z,27.114201,-165.443795
2025-04-11T20:42:11Z,27.114202,-165.443795
2025-04-11T20:42:12Z,27.114203,-165.443794
2025-04-11T20:42:13Z,27.114204,-165.443790
2025-04-11T20:42:14Z,27.114205,-165.443786
2025-04-11T20:42:15Z,27.114206,-165.443783
2025-04-11T20:42:16Z,27.114207,-165.443779
2025-04-11T20:42:17Z,27.114208,-165.443775
2025-04-11T20:42:18Z,27.114209,-165.443771
2025-04-11T20:42:19Z,27.114209,-165.443768
2025-04-11T20:42:20Z,27.114208,-165.443761
2025-04-11T20:42:21Z,27.114202,-165.443748
2025-04-11T20:42:22Z,27.114196,-165.443735
2025-04-11T20:42:23Z,27.114190,-165.443722
2025-04-11T20:42:24Z,27.114183,-165.443709
2025-04-11T20:42:25Z,27.114177,-165.443696
2025-04-11T20:42:26Z,27.114171,-165.443683
2025-04-11T20:42:27Z,27.114165,-165.443670
2025-04-11T20:42:28Z,27.114165,-165.443666
2025-04-11T20:42:29Z,27.114171,-165.443669
2025-04-11T20:42:30Z,27.114177,-165.443672
2025-04-11T20:42:31Z,27.114183,-165.443675
2025-04-11T20:42:32Z,27.114189,-165.443679
2025-04-11T20:42:33Z,27.114195,-165.443682
2025-04-11T20:42:34Z,27.114201,-165.443685
2025-04-11T20:42:35Z,27.114207,-165.443688
2025-04-11T20:42:36Z,27.114206,-165.443691
2025-04-11T20:42:37Z,27.114197,-165.443693
2025-04-11T20:42:38Z,27.114188,-165.443695
2025-04-11T20:42:39Z,27.114178,-165.443697
2025-04-11T20:42:40Z,27.114169,-165.443700
2025-04-11T20:42:41Z,27.114160,-165.443702
2025-04-11T20:42:42Z,27.114151,-165.443704
2025-04-11T20:42:43Z,27.114142,-165.443706
2025-04-11T20:42:44Z,27.114139,-165.443706
2025-04-11T20:42:45Z,27.114141,-165.443705
2025-04-11T20:42:46Z,27.114142,-165.443704
2025-04-11T20:42:47Z,27.114144,-165.443703
2025-04-11T20:42:48Z,27.114145,-165.443702
2025-04-11T20:42:49Z,27.114147,-165.443701
2025-04-11T20:42:50Z,27.114149,-165.443700
2025-04-11T20:42:51Z,27.114150,-165.443698
2025-04-11T20:42:52Z,27.114157,-165.443699
2025-04-11T20:42:53Z,27.114166,-165.443702
2025-04-11T20:42:54Z,27.114175,-165.443704
2025-04-11T20:42:55Z,27.114184,-165.443706
2025-04-11T20:42:56Z,27.114193,-165.443708
2025-04-11T20:42:57Z,27.114202,-165.443710
2025-04-11T20:42:58Z,27.114212,-165.443713
2025-04-11T20:42:59Z,27.114221,-165.443715
2025-04-11T20:43:00Z,27.114223,-165.443711
2025-04-11T20:43:01Z,27.114226,-165.443707
2025-04-11T20:43:02Z,27.114228,-165.443704
2025-04-11T20:43:03Z,27.114230,-165.443700
2025-04-11T20:43:04Z,27.114233,-165.443696
2025-04-11T20:43:05Z,27.114235,-165.443692
2025-04-11T20:43:06Z,27.114237,-165.443688
2025-04-11T20:43:07Z,27.114240,-165.443684
2025-04-11T20:43:08Z,27.114239,-165.443692
2025-04-11T20:43:09Z,27.114238,-165.443700
2025-04-11T20:43:10Z,27.114237,-165.443708
2025-04-11T20:43:11Z,27.114236,-165.443717
2025-04-11T20:43:12Z,27.114234,-165.443725
2025-04-11T20:43:13Z,27.114233,-165.443734
2025-04-11T20:43:14Z,27.114232,-165.443742
2025-04-11T20:43:15Z,27.114231,-165.443750
2025-04-11T20:43:16Z,27.114232,-165.443748
2025-04-11T20:43:17Z,27.114233,-165.443746
2025-04-11T20:43:18Z,27.114233,-165.443744
2025-04-11T20:43:19Z,27.114234,-165.443742
2025-04-11T20:43:20Z,27.114235,-165.443740
2025-04-11T20:43:21Z,27.114236,-165.443738
2025-04-11T20:43:22Z,27.114236,-165.443737
2025-04-11T20:43:23Z,27.114239,-165.443733
2025-04-11T20:43:24Z,27.114248,-165.443722
2025-04-11T20:43:25Z,27.114258,-165.443710
2025-04-11T20:43:26Z,27.114268,-165.443699
2025-04-11T20:43:27Z,27.114278,-165.443688
2025-04-11T20:43:28Z,27.114287,-165.443676
2025-04-11T20:43:29Z,27.114297,-165.443665
2025-04-11T20:43:30Z,27.114307,-165.443653
2025-04-11T20:43:31Z,27.114316,-165.443647
2025-04-11T20:43:32Z,27.114325,-165.443665
2025-04-11T20:43:33Z,27.114334,-165.443683
2025-04-11T20:43:34Z,27.114343,-165.443701
2025-04-11T20:43:35Z,27.114352,-165.443719
2025-04-11T20:43:36Z,27.114360,-165.443737
2025-04-11T20:43:37Z,27.114369,-165.443755
2025-04-11T20:43:38Z,27.114378,-165.443773
2025-04-11T20:43:39Z,27.114381,-165.443783
2025-04-11T20:43:40Z,27.114370,-165.443775
2025-04-11T20:43:41Z,27.114359,-165.443767
2025-04-11T20:43:42Z,27.114349,-165.443760
2025-04-11T20:43:43Z,27.114338,-165.443752
2025-04-11T20:43:44Z,27.114327,-165.443745
2025-04-11T20:43:45Z,27.114317,-165.443737
2025-04-11T20:43:46Z,27.114306,-165.443729
2025-04-11T20:43:47Z,27.114302,-165.443728
2025-04-11T20:43:48Z,27.114308,-165.443735
2025-04-11T20:43:49Z,27.114313,-165.443743
2025-04-11T20:43:50Z,27.114318,-165.443750
2025-04-11T20:43:51Z,27.114324,-165.443757
2025-04-11T20:43:52Z,27.114329,-165.443765
2025-04-11T20:43:53Z,27.114334,-165.443772
2025-04-11T20:43:54Z,27.114339,-165.443779
2025-04-11T20:43:55Z,27.114343,-165.443785
2025-04-11T20:43:56Z,27.114343,-165.443789
2025-04-11T20:43:57Z,27.114343,-165.443792
2025-04-11T20:43:58Z,27.114343,-165.443796
2025-04-11T20:43:59Z,27.114342,-165.443799
2025-04-11T20:44:00Z,27.114342,-165.443803
2025-04-11T20:44:01Z,27.114342,-165.443806
2025-04-11T20:44:02Z,27.114342,-165.443810
2025-04-11T20:44:03Z,27.114349,-165.443799
2025-04-11T20:44:04Z,27.114359,-165.443779
2025-04-11T20:44:05Z,27.114370,-165.443760
2025-04-11T20:44:06Z,27.114381,-165.443740
2025-04-11T20:44:07Z,27.114391,-165.443721
2025-04-11T20:44:08Z,27.114402,-165.443701
2025-04-11T20:44:09Z,27.114413,-165.443682
2025-04-11T20:44:10Z,27.114424,-165.443662
2025-04-11T20:44:11Z,27.114422,-165.443676
2025-04-11T20:44:12Z,27.114417,-165.443700
2025-04-11T20:44:13Z,27.114413,-165.443724
2025-04-11T20:44:14Z,27.114408,-165.443748
2025-04-11T20:44:15Z,27.114403,-165.443772
2025-04-11T20:44:16Z,27.114398,-165.443795
2025-04-11T20:44:17Z,27.114393,-165.443819
2025-04-11T20:44:18Z,27.114389,-165.443843
2025-04-11T20:44:19Z,27.114385,-165.443846
2025-04-11T20:44:20Z,27.114381,-165.443847
2025-04-11T20:44:21Z,27.114378,-165.443847
2025-04-11T20:44:22Z,27.114374,-165.443847
2025-04-11T20:44:23Z,27.114371,-165.443848
2025-04-11T20:44:24Z,27.114367,-165.443848
2025-04-11T20:44:25Z,27.114364,-165.443849
2025-04-11T20:44:26Z,27.114360,-165.443849
2025-04-11T20:44:27Z,27.114360,-165.443841
2025-04-11T20:44:28Z,27.114360,-165.443833
2025-04-11T20:44:29Z,27.114360,-165.443825
2025-04-11T20:44:30Z,27.114359,-165.443816
2025-04-11T20:44:31Z,27.114359,-165.443808
2025-04-11T20:44:32Z,27.114359,-165.443800
2025-04-11T20:44:33Z,27.114359,-165.443792
2025-04-11T20:44:34Z,27.114359,-165.443784
2025-04-11T20:44:35Z,27.114360,-165.443784
2025-04-11T20:44:36Z,27.114362,-165.443784
2025-04-11T20:44:37Z,27.114363,-165.443784
2025-04-11T20:44:38Z,27.114364,-165.443783
2025-04-11T20:44:39Z,27.114365,-165.443783
2025-04-11T20:44:40Z,27.114367,-165.443783
2025-04-11T20:44:41Z,27.114368,-165.443783
2025-04-11T20:44:42Z,27.114367,-165.443784
2025-04-11T20:44:43Z,27.114354,-165.443788
2025-04-11T20:44:44Z,27.114342,-165.443792
2025-04-11T20:44:45Z,27.114329,-165.443796
2025-04-11T20:44:46Z,27.114316,-165.443800
2025-04-11T20:44:47Z,27.114303,-165.443804
2025-04-11T20:44:48Z,27.114291,-165.443808
2025-04-11T20:44:49Z,27.114278,-165.443812
2025-04-11T20:44:50Z,27.114267,-165.443815
2025-04-11T20:44:51Z,27.114264,-165.443818
2025-04-11T20:44:52Z,27.114262,-165.443821
2025-04-11T20:44:53Z,27.114259,-165.443823
2025-04-11T20:44:54Z,27.114257,-165.443826
2025-04-11T20:44:55Z,27.114254,-165.443828
2025-04-11T20:44:56Z,27.114252,-165.443831
2025-04-11T20:44:57Z,27.114250,-165.443833
2025-04-11T20:44:58Z,27.114248,-165.443834
2025-04-11T20:44:59Z,27.114247,-165.443831
2025-04-11T20:45:00Z,27.114247,-165.443829
2025-04-11T20:45:01Z,27.114246,-165.443826
2025-04-11T20:45:02Z,27.114246,-165.443823
2025-04-11T20:45:03Z,27.114245,-165.443821
2025-04-11T20:45:04Z,27.114245,-165.443818
2025-04-11T20:45:05Z,27.114244,-165.443815
2025-04-11T20:45:06Z,27.114250,-165.443816
2025-04-11T20:45:07Z,27.114261,-165.443819
2025-04-11T20:45:08Z,27.114272,-165.443822
2025-04-11T20:45:09Z,27.114282,-165.443825
2025-04-11T20:45:10Z,27.114293,-165.443828
2025-04-11T20:45:11Z,27.114304,-165.443832
2025-04-11T20:45:12Z,27.114315,-165.443835
2025-04-11T20:45:13Z,27.114326,-165.443838
2025-04-11T20:45:14Z,27.114328,-165.443838
2025-04-11T20:45:15Z,27.114325,-165.443836
2025-04-11T20:45:16Z,27.114323,-165.443833
2025-04-11T20:45:17Z,27.114320,-165.443831
2025-04-11T20:45:18Z,27.114317,-165.443829
2025-04-11T20:45:19Z,27.114315,-165.443827
2025-04-11T20:45:20Z,27.114312,-165.443825
2025-04-11T20:45:21Z,27.114309,-165.443823
2025-04-11T20:45:22Z,27.114311,-165.443822
2025-04-11T20:45:23Z,27.114315,-165.443823
2025-04-11T20:45:24Z,27.114320,-165.443823
2025-04-11T20:45:25Z,27.114324,-165.443824
2025-04-11T20:45:26Z,27.114329,-165.443824
2025-04-11T20:45:27Z,27.114333,-165.443825
2025-04-11T20:45:28Z,27.114338,-165.443825
2025-04-11T20:45:29Z,27.114342,-165.443826
2025-04-11T20:45:30Z,27.114339,-165.443814
2025-04-11T20:45:31Z,27.114333,-165.443798
2025-04-11T20:45:32Z,27.114328,-165.443782
2025-04-11T20:45:33Z,27.114322,-165.443767
2025-04-11T20:45:34Z,27.114316,-165.443751
2025-04-11T20:45:35Z,27.114311,-165.443735
2025-04-11T20:45:36Z,27.114305,-165.443719
2025-04-11T20:45:37Z,27.114300,-165.443703
2025-04-11T20:45:38Z,27.114298,-165.443708
2025-04-11T20:45:39Z,27.114299,-165.443720
2025-04-11T20:45:40Z,27.114299,-165.443731
2025-04-11T20:45:41Z,27.114300,-165.443743
2025-04-11T20:45:42Z,27.114300,-165.443755
2025-04-11T20:45:43Z,27.114301,-165.443767
2025-04-11T20:45:44Z,27.114301,-165.443779
2025-04-11T20:45:45Z,27.114302,-165.443791
2025-04-11T20:45:46Z,27.114305,-165.443797
2025-04-11T20:45:47Z,27.114309,-165.443801
2025-04-11T20:45:48Z,27.114313,-165.443805
2025-04-11T20:45:49Z,27.114317,-165.443809
2025-04-11T20:45:50Z,27.114321,-165.443813
2025-04-11T20:45:51Z,27.114325,-165.443817
2025-04-11T20:45:52Z,27.114329,-165.443822
2025-04-11T20:45:53Z,27.114333,-165.443826
2025-04-11T20:45:54Z,27.114344,-165.443826
2025-04-11T20:45:55Z,27.114357,-165.443826
2025-04-11T20:45:56Z,27.114370,-165.443826
2025-04-11T20:45:57Z,27.114383,-165.443827
2025-04-11T20:45:58Z,27.114396,-165.443827
2025-04-11T20:45:59Z,27.114409,-165.443827
2025-04-11T20:46:00Z,27.114421,-165.443827
2025-04-11T20:46:01Z,27.114431,-165.443827
2025-04-11T20:46:02Z,27.114423,-165.443826
2025-04-11T20:46:03Z,27.114415,-165.443825
2025-04-11T20:46:04Z,27.114407,-165.443824
2025-04-11T20:46:05Z,27.114399,-165.443823
2025-04-11T20:46:06Z,27.114391,-165.443822
2025-04-11T20:46:07Z,27.114383,-165.443822
2025-04-11T20:46:08Z,27.114375,-165.443821
2025-04-11T20:46:09Z,27.114371,-165.443819
2025-04-11T20:46:10Z,27.114376,-165.443813
2025-04-11T20:46:11Z,27.114381,-165.443808
2025-04-11T20:46:12Z,27.114386,-165.443803
2025-04-11T20:46:13Z,27.114392,-165.443798
2025-04-11T20:46:14Z,27.114397,-165.443793
2025-04-11T20:46:15Z,27.114402,-165.443788
2025-04-11T20:46:16Z,27.114408,-165.443783
2025-04-11T20:46:17Z,27.114409,-165.443779
2025-04-11T20:46:18Z,27.114404,-165.443776
2025-04-11T20:46:19Z,27.114399,-165.443773
2025-04-11T20:46:20Z,27.114395,-165.443770
2025-04-11T20:46:21Z,27.114390,-165.443768
2025-04-11T20:46:22Z,27.114385,-165.443765
2025-04-11T20:46:23Z,27.114380,-165.443762
2025-04-11T20:46:24Z,27.114375,-165.443759
2025-04-11T20:46:25Z,27.114370,-165.443757
2025-04-11T20:46:26Z,27.114363,-165.443755
2025-04-11T20:46:27Z,27.114356,-165.443754
2025-04-11T20:46:28Z,27.114349,-165.443753
2025-04-11T20:46:29Z,27.114343,-165.443751
2025-04-11T20:46:30Z,27.114336,-165.443750
2025-04-11T20:46:31Z,27.114329,-165.443749
2025-04-11T20:46:32Z,27.114322,-165.443748
2025-04-11T20:46:33Z,27.114319,-165.443744
2025-04-11T20:46:34Z,27.114318,-165.443738
2025-04-11T20:46:35Z,27.114318,-165.443732
2025-04-11T20:46:36Z,27.114318,-165.443726
2025-04-11T20:46:37Z,27.114317,-165.443720
2025-04-11T20:46:38Z,27.114317,-165.443714
2025-04-11T20:46:39Z,27.114316,-165.443708
2025-04-11T20:46:40Z,27.114316,-165.443702
2025-04-11T20:46:41Z,27.114319,-165.443709
2025-04-11T20:46:42Z,27.114323,-165.443721
2025-04-11T20:46:43Z,27.114327,-165.443734
2025-04-11T20:46:44Z,27.114331,-165.443746
2025-04-11T20:46:45Z,27.114335,-165.443759
2025-04-11T20:46:46Z,27.114339,-165.443771
2025-04-11T20:46:47Z,27.114343,-165.443784
2025-04-11T20:46:48Z,27.114347,-165.443796
2025-04-11T20:46:49Z,27.114348,-165.443807
2025-04-11T20:46:50Z,27.114349,-165.443817
2025-04-11T20:46:51Z,27.114349,-165.443826
2025-04-11T20:46:52Z,27.114350,-165.443836
2025-04-11T20:46:53Z,27.114350,-165.443846
2025-04-11T20:46:54Z,27.114351,-165.443856
2025-04-11T20:46:55Z,27.114351,-165.443865
2025-04-11T20:46:56Z,27.114352,-165.443875
2025-04-11T20:46:57Z,27.114350,-165.443873
2025-04-11T20:46:58Z,27.114349,-165.443869
2025-04-11T20:46:59Z,27.114347,-165.443864
2025-04-11T20:47:00Z,27.114345,-165.443860
2025-04-11T20:47:01Z,27.114343,-165.443855
2025-04-11T20:47:02Z,27.114341,-165.443851
2025-04-11T20:47:03Z,27.114339,-165.443846
2025-04-11T20:47:04Z,27.114337,-165.443842
2025-04-11T20:47:05Z,27.114336,-165.443841
2025-04-11T20:47:06Z,27.114334,-165.443842
2025-04-11T20:47:07Z,27.114333,-165.443842
2025-04-11T20:47:08Z,27.114332,-165.443842
2025-04-11T20:47:09Z,27.114330,-165.443843
2025-04-11T20:47:10Z,27.114329,-165.443843
2025-04-11T20:47:11Z,27.114327,-165.443844
2025-04-11T20:47:12Z,27.114326,-165.443844
2025-04-11T20:47:13Z,27.114323,-165.443846
2025-04-11T20:47:14Z,27.114320,-165.443849
2025-04-11T20:47:15Z,27.114317,-165.443851
2025-04-11T20:47:16Z,27.114314,-165.443853
2025-04-11T20:47:17Z,27.114311,-165.443855
2025-04-11T20:47:18Z,27.114308,-165.443858
2025-04-11T20:47:19Z,27.114305,-165.443860
2025-04-11T20:47:20Z,27.114303,-165.443862
2025-04-11T20:47:21Z,27.114311,-165.443860
2025-04-11T20:47:22Z,27.114320,-165.443859
2025-04-11T20:47:23Z,27.114329,-165.443857
2025-04-11T20:47:24Z,27.114338,-165.443855
2025-04-11T20:47:25Z,27.114347,-165.443854
2025-04-11T20:47:26Z,27.114356,-165.443852
2025-04-11T20:47:27Z,27.114364,-165.443850
2025-04-11T20:47:28Z,27.114373,-165.443846
2025-04-11T20:47:29Z,27.114380,-165.443834
2025-04-11T20:47:30Z,27.114388,-165.443822
2025-04-11T20:47:31Z,27.114395,-165.443810
2025-04-11T20:47:32Z,27.114403,-165.443799
2025-04-11T20:47:33Z,27.114410,-165.443787
2025-04-11T20:47:34Z,27.114418,-165.443775
2025-04-11T20:47:35Z,27.114425,-165.443763
2025-04-11T20:47:36Z,27.114429,-165.443755
2025-04-11T20:47:37Z,27.114422,-165.443760
2025-04-11T20:47:38Z,27.114415,-165.443765
2025-04-11T20:47:39Z,27.114407,-165.443770
2025-04-11T20:47:40Z,27.114400,-165.443774
2025-04-11T20:47:41Z,27.114393,-165.443779
2025-04-11T20:47:42Z,27.114386,-165.443784
2025-04-11T20:47:43Z,27.114378,-165.443789
2025-04-11T20:47:44Z,27.114374,-165.443796
2025-04-11T20:47:45Z,27.114373,-165.443804
2025-04-11T20:47:46Z,27.114372,-165.443813
2025-04-11T20:47:47Z,27.114371,-165.443821
2025-04-11T20:47:48Z,27.114370,-165.443830
2025-04-11T20:47:49Z,27.114369,-165.443838
2025-04-11T20:47:50Z,27.114368,-165.443847
2025-04-11T20:47:51Z,27.114367,-165.443856
2025-04-11T20:47:52Z,27.114368,-165.443856
2025-04-11T20:47:53Z,27.114371,-165.443850
2025-04-11T20:47:54Z,27.114373,-165.443844
2025-04-11T20:47:55Z,27.114376,-165.443839
2025-04-11T20:47:56Z,27.114378,-165.443833
2025-04-11T20:47:57Z,27.114380,-165.443828
2025-04-11T20:47:58Z,27.114383,-165.443822
2025-04-11T20:47:59Z,27.114385,-165.443816
2025-04-11T20:48:00Z,27.114390,-165.443811
2025-04-11T20:48:01Z,27.114396,-165.443807
2025-04-11T20:48:02Z,27.114403,-165.443802
2025-04-11T20:48:03Z,27.114410,-165.443798
2025-04-11T20:48:04Z,27.114416,-165.443794
2025-04-11T20:48:05Z,27.114423,-165.443789
2025-04-11T20:48:06Z,27.114430,-165.443785
2025-04-11T20:48:07Z,27.114436,-165.443780
2025-04-11T20:48:08Z,27.114442,-165.443786
2025-04-11T20:48:09Z,27.114446,-165.443795
2025-04-11T20:48:10Z,27.114451,-165.443804
2025-04-11T20:48:11Z,27.114456,-165.443813
2025-04-11T20:48:12Z,27.114461,-165.443822
2025-04-11T20:48:13Z,27.114465,-165.443831
2025-04-11T20:48:14Z,27.114470,-165.443840
2025-04-11T20:48:15Z,27.114475,-165.443849
2025-04-11T20:48:16Z,27.114469,-165.443841
2025-04-11T20:48:17Z,27.114461,-165.443828
2025-04-11T20:48:18Z,27.114452,-165.443815
2025-04-11T20:48:19Z,27.114443,-165.443802
2025-04-11T20:48:20Z,27.114434,-165.443789
2025-04-11T20:48:21Z,27.114426,-165.443776
2025-04-11T20:48:22Z,27.114417,-165.443763
2025-04-11T20:48:23Z,27.114408,-165.443750
2025-04-11T20:48:24Z,27.114402,-165.443742
2025-04-11T20:48:25Z,27.114395,-165.443734
2025-04-11T20:48:26Z,27.114389,-165.443727
2025-04-11T20:48:27Z,27.114383,-165.443720
2025-04-11T20:48:28Z,27.114376,-165.443713
2025-04-11T20:48:29Z,27.114370,-165.443705
2025-04-11T20:48:30Z,27.114364,-165.443698
2025-04-11T20:48:31Z,27.114358,-165.443691
2025-04-11T20:48:32Z,27.114352,-165.443692
2025-04-11T20:48:33Z,27.114347,-165.443694
2025-04-11T20:48:34Z,27.114342,-165.443696
2025-04-11T20:48:35Z,27.114336,-165.443698
2025-04-11T20:48:36Z,27.114331,-165.443700
2025-04-11T20:48:37Z,27.114326,-165.443702
2025-04-11T20:48:38Z,27.114320,-165.443704
2025-04-11T20:48:39Z,27.114316,-165.443706
2025-04-11T20:48:40Z,27.114319,-165.443708
2025-04-11T20:48:41Z,27.114322,-165.443710
2025-04-11T20:48:42Z,27.114324,-165.443713
2025-04-11T20:48:43Z,27.114327,-165.443715
2025-04-11T20:48:44Z,27.114329,-165.443717
2025-04-11T20:48:45Z,27.114332,-165.443719
2025-04-11T20:48:46Z,27.114335,-165.443721
2025-04-11T20:48:47Z,27.114337,-165.443723
2025-04-11T20:48:48Z,27.114340,-165.443725
2025-04-11T20:48:49Z,27.114342,-165.443727
2025-04-11T20:48:50Z,27.114345,-165.443729
2025-04-11T20:48:51Z,27.114347,-165.443731
2025-04-11T20:48:52Z,27.114350,-165.443733
2025-04-11T20:48:53Z,27.114353,-165.443735
2025-04-11T20:48:54Z,27.114355,-165.443737
2025-04-11T20:48:55Z,27.114358,-165.443739
2025-04-11T20:48:56Z,27.114360,-165.443741
2025-04-11T20:48:57Z,27.114363,-165.443743
2025-04-11T20:48:58Z,27.114365,-165.443746
2025-04-11T20:48:59Z,27.114368,-165.443748
2025-04-11T20:49:00Z,27.114371,-165.443750
2025-04-11T20:49:01Z,27.114372,-165.443752
2025-04-11T20:49:02Z,27.114374,-165.443754
2025-04-11T20:49:03Z,27.114376,-165.443756
2025-04-11T20:49:04Z,27.114378,-165.443759
2025-04-11T20:49:05Z,27.114379,-165.443761
2025-04-11T20:49:06Z,27.114381,-165.443763
2025-04-11T20:49:07Z,27.114383,-165.443765
2025-04-11T20:49:08Z,27.114385,-165.443768
2025-04-11T20:49:09Z,27.114386,-165.443770
2025-04-11T20:49:10Z,27.114388,-165.443772
2025-04-11T20:49:11Z,27.114390,-165.443774
2025-04-11T20:49:12Z,27.114392,-165.443777
2025-04-11T20:49:13Z,27.114393,-165.443779
2025-04-11T20:49:14Z,27.114395,-165.443781
2025-04-11T20:49:15Z,27.114397,-165.443783
2025-04-11T20:49:16Z,27.114398,-165.443786
2025-04-11T20:49:17Z,27.114400,-165.443788
2025-04-11T20:49:18Z,27.114402,-165.443790
2025-04-11T20:49:19Z,27.114404,-165.443792
2025-04-11T20:49:20Z,27.114405,-165.443795
2025-04-11T20:49:21Z,27.114407,-165.443797
2025-04-11T20:49:22Z,27.114406,-165.443796
2025-04-11T20:49:23Z,27.114402,-165.443791
2025-04-11T20:49:24Z,27.114398,-165.443786
2025-04-11T20:49:25Z,27.114394,-165.443782
2025-04-11T20:49:26Z,27.114390,-165.443777
2025-04-11T20:49:27Z,27.114386,-165.443772
2025-04-11T20:49:28Z,27.114382,-165.443768
2025-04-11T20:49:29Z,27.114379,-165.443763
2025-04-11T20:49:30Z,27.114373,-165.443768
2025-04-11T20:49:31Z,27.114365,-165.443780
2025-04-11T20:49:32Z,27.114358,-165.443792
2025-04-11T20:49:33Z,27.114351,-165.443803
2025-04-11T20:49:34Z,27.114344,-165.443815
2025-04-11T20:49:35Z,27.114336,-165.443827
2025-04-11T20:49:36Z,27.114329,-165.443839
2025-04-11T20:49:37Z,27.114322,-165.443851
2025-04-11T20:49:38Z,27.114316,-165.443851
2025-04-11T20:49:39Z,27.114312,-165.443844
2025-04-11T20:49:40Z,27.114308,-165.443837
2025-04-11T20:49:41Z,27.114304,-165.443830
2025-04-11T20:49:42Z,27.114300,-165.443824
2025-04-11T20:49:43Z,27.114296,-165.443817
2025-04-11T20:49:44Z,27.114292,-165.443810
2025-04-11T20:49:45Z,27.114288,-165.443803
2025-04-11T20:49:46Z,27.114300,-165.443804
2025-04-11T20:49:47Z,27.114317,-165.443806
2025-04-11T20:49:48Z,27.114334,-165.443808
2025-04-11T20:49:49Z,27.114350,-165.443810
2025-04-11T20:49:50Z,27.114367,-165.443812
2025-04-11T20:49:51Z,27.114383,-165.443814
2025-04-11T20:49:52Z,27.114400,-165.443816
2025-04-11T20:49:53Z,27.114416,-165.443818
2025-04-11T20:49:54Z,27.114407,-165.443815
2025-04-11T20:49:55Z,27.114391,-165.443810
2025-04-11T20:49:56Z,27.114375,-165.443806
2025-04-11T20:49:57Z,27.114359,-165.443801
2025-04-11T20:49:58Z,27.114342,-165.443797
2025-04-11T20:49:59Z,27.114326,-165.443792
2025-04-11T20:50:00Z,27.114310,-165.443788
2025-04-11T20:50:01Z,27.114293,-165.443784
2025-04-11T20:50:02Z,27.114292,-165.443791
2025-04-11T20:50:03Z,27.114292,-165.443800
2025-04-11T20:50:04Z,27.114293,-165.443809
2025-04-11T20:50:05Z,27.114294,-165.443818
2025-04-11T20:50:06Z,27.114295,-165.443828
2025-04-11T20:50:07Z,27.114295,-165.443837
2025-04-11T20:50:08Z,27.114296,-165.443846
2025-04-11T20:50:09Z,27.114297,-165.443855
2025-04-11T20:50:10Z,27.114303,-165.443850
2025-04-11T20:50:11Z,27.114309,-165.443844
2025-04-11T20:50:12Z,27.114315,-165.443837
2025-04-11T20:50:13Z,27.114321,-165.443831
2025-04-11T20:50:14Z,27.114327,-165.443824
2025-04-11T20:50:15Z,27.114333,-165.443818
2025-04-11T20:50:16Z,27.114339,-165.443811
2025-04-11T20:50:17Z,27.114345,-165.443805
2025-04-11T20:50:18Z,27.114341,-165.443810
2025-04-11T20:50:19Z,27.114336,-165.443816
2025-04-11T20:50:20Z,27.114332,-165.443821
2025-04-11T20:50:21Z,27.114328,-165.443826
2025-04-11T20:50:22Z,27.114323,-165.443832
2025-04-11T20:50:23Z,27.114319,-165.443837
2025-04-11T20:50:24Z,27.114315,-165.443842
2025-04-11T20:50:25Z,27.114310,-165.443846
2025-04-11T20:50:26Z,27.114302,-165.443845
2025-04-11T20:50:27Z,27.114295,-165.443844
2025-04-11T20:50:28Z,27.114287,-165.443843
2025-04-11T20:50:29Z,27.114280,-165.443842
2025-04-11T20:50:30Z,27.114273,-165.443841
2025-04-11T20:50:31Z,27.114265,-165.443840
2025-04-11T20:50:32Z,27.114258,-165.443840
2025-04-11T20:50:33Z,27.114256,-165.443838
2025-04-11T20:50:34Z,27.114264,-165.443836
2025-04-11T20:50:35Z,27.114272,-165.443833
2025-04-11T20:50:36Z,27.114281,-165.443831
2025-04-11T20:50:37Z,27.114289,-165.443828
2025-04-11T20:50:38Z,27.114297,-165.443826
2025-04-11T20:50:39Z,27.114306,-165.443824
2025-04-11T20:50:40Z,27.114314,-165.443821
2025-04-11T20:50:41Z,27.114321,-165.443811
2025-04-11T20:50:42Z,27.114325,-165.443794
2025-04-11T20:50:43Z,27.114330,-165.443777
2025-04-11T20:50:44Z,27.114335,-165.443760
2025-04-11T20:50:45Z,27.114340,-165.443743
2025-04-11T20:50:46Z,27.114345,-165.443725
2025-04-11T20:50:47Z,27.114350,-165.443708
2025-04-11T20:50:48Z,27.114355,-165.443691
2025-04-11T20:50:49Z,27.114356,-165.443687
2025-04-11T20:50:50Z,27.114353,-165.443697
2025-04-11T20:50:51Z,27.114350,-165.443707
2025-04-11T20:50:52Z,27.114347,-165.443718
2025-04-11T20:50:53Z,27.114344,-165.443728
2025-04-11T20:50:54Z,27.114341,-165.443738
2025-04-11T20:50:55Z,27.114338,-165.443748
2025-04-11T20:50:56Z,27.114334,-165.443759
2025-04-11T20:50:57Z,27.114338,-165.443765
2025-04-11T20:50:58Z,27.114346,-165.443768
2025-04-11T20:50:59Z,27.114354,-165.443770
2025-04-11T20:51:00Z,27.114361,-165.443773
2025-04-11T20:51:01Z,27.114369,-165.443776
2025-04-11T20:51:02Z,27.114377,-165.443779
2025-04-11T20:51:03Z,27.114385,-165.443782
2025-04-11T20:51:04Z,27.114393,-165.443785
2025-04-11T20:51:05Z,27.114394,-165.443788
2025-04-11T20:51:06Z,27.114391,-165.443790
2025-04-11T20:51:07Z,27.114389,-165.443793
2025-04-11T20:51:08Z,27.114386,-165.443795
2025-04-11T20:51:09Z,27.114383,-165.443798
2025-04-11T20:51:10Z,27.114381,-165.443801
2025-04-11T20:51:11Z,27.114378,-165.443803
2025-04-11T20:51:12Z,27.114375,-165.443806
2025-04-11T20:51:13Z,27.114373,-165.443811
2025-04-11T20:51:14Z,27.114371,-165.443817
2025-04-11T20:51:15Z,27.114369,-165.443823
2025-04-11T20:51:16Z,27.114367,-165.443829
2025-04-11T20:51:17Z,27.114365,-165.443835
2025-04-11T20:51:18Z,27.114362,-165.443841
2025-04-11T20:51:19Z,27.114360,-165.443847
2025-04-11T20:51:20Z,27.114358,-165.443853
2025-04-11T20:51:21Z,27.114358,-165.443851
2025-04-11T20:51:22Z,27.114357,-165.443849
2025-04-11T20:51:23Z,27.114357,-165.443846
2025-04-11T20:51:24Z,27.114357,-165.443844
2025-04-11T20:51:25Z,27.114356,-165.443842
2025-04-11T20:51:26Z,27.114356,-165.443840
2025-04-11T20:51:27Z,27.114355,-165.443837
2025-04-11T20:51:28Z,27.114355,-165.443835
2025-04-11T20:51:29Z,27.114362,-165.443835
2025-04-11T20:51:30Z,27.114370,-165.443835
2025-04-11T20:51:31Z,27.114377,-165.443835
2025-04-11T20:51:32Z,27.114385,-165.443836
2025-04-11T20:51:33Z,27.114392,-165.443836
2025-04-11T20:51:34Z,27.114399,-165.443836
2025-04-11T20:51:35Z,27.114407,-165.443836
2025-04-11T20:51:36Z,27.114412,-165.443835
2025-04-11T20:51:37Z,27.114407,-165.443832
2025-04-11T20:51:38Z,27.114401,-165.443828
2025-04-11T20:51:39Z,27.114396,-165.443825
2025-04-11T20:51:40Z,27.114390,-165.443821
2025-04-11T20:51:41Z,27.114385,-165.443818
2025-04-11T20:51:42Z,27.114380,-165.443814
2025-04-11T20:51:43Z,27.114374,-165.443810
2025-04-11T20:51:44Z,27.114369,-165.443807
2025-04-11T20:51:45Z,27.114373,-165.443811
2025-04-11T20:51:46Z,27.114377,-165.443815
2025-04-11T20:51:47Z,27.114381,-165.443819
2025-04-11T20:51:48Z,27.114384,-165.443823
2025-04-11T20:51:49Z,27.114388,-165.443827
2025-04-11T20:51:50Z,27.114392,-165.443831
2025-04-11T20:51:51Z,27.114396,-165.443835
2025-04-11T20:51:52Z,27.114398,-165.443839
2025-04-11T20:51:53Z,27.114394,-165.443841
2025-04-11T20:51:54Z,27.114391,-165.443844
2025-04-11T20:51:55Z,27.114387,-165.443847
2025-04-11T20:51:56Z,27.114383,-165.443850
2025-04-11T20:51:57Z,27.114379,-165.443853
2025-04-11T20:51:58Z,27.114376,-165.443856
2025-04-11T20:51:59Z,27.114372,-165.443858
2025-04-11T20:52:00Z,27.114370,-165.443859
2025-04-11T20:52:01Z,27.114369,-165.443856
2025-04-11T20:52:02Z,27.114368,-165.443853
2025-04-11T20:52:03Z,27.114367,-165.443850
2025-04-11T20:52:04Z,27.114367,-165.443848
2025-04-11T20:52:05Z,27.114366,-165.443845
2025-04-11T20:52:06Z,27.114365,-165.443842
2025-04-11T20:52:07Z,27.114364,-165.443839
2025-04-11T20:52:08Z,27.114364,-165.443836
2025-04-11T20:52:09Z,27.114363,-165.443834
2025-04-11T20:52:10Z,27.114362,-165.443831
2025-04-11T20:52:11Z,27.114361,-165.443828
2025-04-11T20:52:12Z,27.114361,-165.443825
2025-04-11T20:52:13Z,27.114360,-165.443822
2025-04-11T20:52:14Z,27.114359,-165.443820
2025-04-11T20:52:15Z,27.114359,-165.443817
2025-04-11T20:52:16Z,27.114358,-165.443814
2025-04-11T20:52:17Z,27.114357,-165.443811
2025-04-11T20:52:18Z,27.114356,-165.443809
2025-04-11T20:52:19Z,27.114356,-165.443806
2025-04-11T20:52:20Z,27.114355,-165.443803
2025-04-11T20:52:21Z,27.114354,-165.443800
2025-04-11T20:52:22Z,27.114354,-165.443797
2025-04-11T20:52:23Z,27.114353,-165.443794
2025-04-11T20:52:24Z,27.114353,-165.443790
2025-04-11T20:52:25Z,27.114352,-165.443787
2025-04-11T20:52:26Z,27.114352,-165.443784
2025-04-11T20:52:27Z,27.114351,-165.443780
2025-04-11T20:52:28Z,27.114351,-165.443777
2025-04-11T20:52:29Z,27.114350,-165.443774
2025-04-11T20:52:30Z,27.114350,-165.443770
2025-04-11T20:52:31Z,27.114349,-165.443767
2025-04-11T20:52:32Z,27.114349,-165.443764
2025-04-11T20:52:33Z,27.114348,-165.443760
2025-04-11T20:52:34Z,27.114348,-165.443757
2025-04-11T20:52:35Z,27.114347,-165.443754
2025-04-11T20:52:36Z,27.114347,-165.443750
2025-04-11T20:52:37Z,27.114347,-165.443747
2025-04-11T20:52:38Z,27.114346,-165.443744
2025-04-11T20:52:39Z,27.114346,-165.443740
2025-04-11T20:52:40Z,27.114345,-165.443737
2025-04-11T20:52:41Z,27.114345,-165.443734
2025-04-11T20:52:42Z,27.114344,-165.443730
2025-04-11T20:52:43Z,27.114344,-165.443733
2025-04-11T20:52:44Z,27.114343,-165.443740
2025-04-11T20:52:45Z,27.114342,-165.443747
2025-04-11T20:52:46Z,27.114342,-165.443753
2025-04-11T20:52:47Z,27.114341,-165.443760
2025-04-11T20:52:48Z,27.114341,-165.443766
2025-04-11T20:52:49Z,27.114340,-165.443773
2025-04-11T20:52:50Z,27.114339,-165.443780
2025-04-11T20:52:51Z,27.114339,-165.443786
2025-04-11T20:52:52Z,27.114338,-165.443793
2025-04-11T20:52:53Z,27.114338,-165.443799
2025-04-11T20:52:54Z,27.114337,-165.443806
2025-04-11T20:52:55Z,27.114336,-165.443813
2025-04-11T20:52:56Z,27.114336,-165.443819
2025-04-11T20:52:57Z,27.114335,-165.443826
2025-04-11T20:52:58Z,27.114334,-165.443833
2025-04-11T20:52:59Z,27.114334,-165.443839
2025-04-11T20:53:00Z,27.114333,-165.443846
2025-04-11T20:53:01Z,27.114333,-165.443852
2025-04-11T20:53:02Z,27.114332,-165.443859
2025-04-11T20:53:03Z,27.114331,-165.443866
2025-04-11T20:53:04Z,27.114330,-165.443868
2025-04-11T20:53:05Z,27.114328,-165.443861
2025-04-11T20:53:06Z,27.114326,-165.443855
2025-04-11T20:53:07Z,27.114324,-165.443848
2025-04-11T20:53:08Z,27.114322,-165.443841
2025-04-11T20:53:09Z,27.114320,-165.443835
2025-04-11T20:53:10Z,27.114318,-165.443828
2025-04-11T20:53:11Z,27.114315,-165.443821
2025-04-11T20:53:12Z,27.114315,-165.443815
2025-04-11T20:53:13Z,27.114320,-165.443808
2025-04-11T20:53:14Z,27.114325,-165.443801
2025-04-11T20:53:15Z,27.114329,-165.443793
2025-04-11T20:53:16Z,27.114334,-165.443786
2025-04-11T20:53:17Z,27.114338,-165.443779
2025-04-11T20:53:18Z,27.114343,-165.443772
2025-04-11T20:53:19Z,27.114347,-165.443765
2025-04-11T20:53:20Z,27.114348,-165.443762
2025-04-11T20:53:21Z,27.114343,-165.443763
2025-04-11T20:53:22Z,27.114337,-165.443764
2025-04-11T20:53:23Z,27.114332,-165.443765
2025-04-11T20:53:24Z,27.114327,-165.443767
2025-04-11T20:53:25Z,27.114322,-165.443768
2025-04-11T20:53:26Z,27.114317,-165.443769
2025-04-11T20:53:27Z,27.114312,-165.443770
2025-04-11T20:53:28Z,27.114310,-165.443772
2025-04-11T20:53:29Z,27.114313,-165.443774
2025-04-11T20:53:30Z,27.114315,-165.443776
2025-04-11T20:53:31Z,27.114318,-165.443778
2025-04-11T20:53:32Z,27.114320,-165.443781
2025-04-11T20:53:33Z,27.114323,-165.443783
2025-04-11T20:53:34Z,27.114326,-165.443785
2025-04-11T20:53:35Z,27.114328,-165.443787
2025-04-11T20:53:36Z,27.114331,-165.443789
2025-04-11T20:53:37Z,27.114333,-165.443791
2025-04-11T20:53:38Z,27.114336,-165.443793
2025-04-11T20:53:39Z,27.114338,-165.443795
2025-04-11T20:53:40Z,27.114341,-165.443797
2025-04-11T20:53:41Z,27.114343,-165.443800
2025-04-11T20:53:42Z,27.114346,-165.443802
2025-04-11T20:53:43Z,27.114348,-165.443804
2025-04-11T20:53:44Z,27.114351,-165.443806
2025-04-11T20:53:45Z,27.114353,-165.443808
2025-04-11T20:53:46Z,27.114356,-165.443810
2025-04-11T20:53:47Z,27.114359,-165.443812
2025-04-11T20:53:48Z,27.114361,-165.443814
2025-04-11T20:53:49Z,27.114362,-165.443816
2025-04-11T20:53:50Z,27.114358,-165.443816
2025-04-11T20:53:51Z,27.114354,-165.443817
2025-04-11T20:53:52Z,27.114350,-165.443817
2025-04-11T20:53:53Z,27.114346,-165.443818
2025-04-11T20:53:54Z,27.114341,-165.443818
2025-04-11T20:53:55Z,27.114337,-165.443818
2025-04-11T20:53:56Z,27.114333,-165.443819
2025-04-11T20:53:57Z,27.114332,-165.443819
2025-04-11T20:53:58Z,27.114340,-165.443820
2025-04-11T20:53:59Z,27.114348,-165.443820
2025-04-11T20:54:00Z,27.114356,-165.443821
2025-04-11T20:54:01Z,27.114364,-165.443821
2025-04-11T20:54:02Z,27.114372,-165.443822
2025-04-11T20:54:03Z,27.114380,-165.443822
2025-04-11T20:54:04Z,27.114388,-165.443823
2025-04-11T20:54:05Z,27.114395,-165.443817
2025-04-11T20:54:06Z,27.114399,-165.443806
2025-04-11T20:54:07Z,27.114404,-165.443795
2025-04-11T20:54:08Z,27.114408,-165.443784
2025-04-11T20:54:09Z,27.114413,-165.443773
2025-04-11T20:54:10Z,27.114417,-165.443762
2025-04-11T20:54:11Z,27.114422,-165.443751
2025-04-11T20:54:12Z,27.114426,-165.443741
2025-04-11T20:54:13Z,27.114425,-165.443739
2025-04-11T20:54:14Z,27.114421,-165.443743
2025-04-11T20:54:15Z,27.114416,-165.443747
2025-04-11T20:54:16Z,27.114412,-165.443751
2025-04-11T20:54:17Z,27.114407,-165.443756
2025-04-11T20:54:18Z,27.114403,-165.443760
2025-04-11T20:54:19Z,27.114398,-165.443764
2025-04-11T20:54:20Z,27.114393,-165.443769
2025-04-11T20:54:21Z,27.114390,-165.443767
2025-04-11T20:54:22Z,27.114386,-165.443762
2025-04-11T20:54:23Z,27.114383,-165.443758
2025-04-11T20:54:24Z,27.114380,-165.443753
2025-04-11T20:54:25Z,27.114376,-165.443748
2025-04-11T20:54:26Z,27.114373,-165.443744
2025-04-11T20:54:27Z,27.114370,-165.443739
2025-04-11T20:54:28Z,27.114366,-165.443735
2025-04-11T20:54:29Z,27.114370,-165.443733
2025-04-11T20:54:30Z,27.114377,-165.443733
2025-04-11T20:54:31Z,27.114385,-165.443734
2025-04-11T20:54:32Z,27.114392,-165.443734
2025-04-11T20:54:33Z,27.114400,-165.443734
2025-04-11T20:54:34Z,27.114407,-165.443734
2025-04-11T20:54:35Z,27.114415,-165.443735
2025-04-11T20:54:36Z,27.114422,-165.443735
2025-04-11T20:54:37Z,27.114421,-165.443736
2025-04-11T20:54:38Z,27.114416,-165.443737
2025-04-11T20:54:39Z,27.114411,-165.443737
2025-04-11T20:54:40Z,27.114407,-165.443738
2025-04-11T20:54:41Z,27.114402,-165.443739
2025-04-11T20:54:42Z,27.114397,-165.443740
2025-04-11T20:54:43Z,27.114393,-165.443741
2025-04-11T20:54:44Z,27.114388,-165.443742
2025-04-11T20:54:45Z,27.114391,-165.443749
2025-04-11T20:54:46Z,27.114397,-165.443759
2025-04-11T20:54:47Z,27.114402,-165.443768
2025-04-11T20:54:48Z,27.114407,-165.443778
2025-04-11T20:54:49Z,27.114413,-165.443787
2025-04-11T20:54:50Z,27.114418,-165.443797
2025-04-11T20:54:51Z,27.114424,-165.443806
2025-04-11T20:54:52Z,27.114426,-165.443813
2025-04-11T20:54:53Z,27.114414,-165.443805
2025-04-11T20:54:54Z,27.114402,-165.443797
2025-04-11T20:54:55Z,27.114390,-165.443790
2025-04-11T20:54:56Z,27.114378,-165.443782
2025-04-11T20:54:57Z,27.114366,-165.443774
2025-04-11T20:54:58Z,27.114353,-165.443766
2025-04-11T20:54:59Z,27.114341,-165.443759
2025-04-11T20:55:00Z,27.114333,-165.443753
2025-04-11T20:55:01Z,27.114343,-165.443757
2025-04-11T20:55:02Z,27.114354,-165.443762
2025-04-11T20:55:03Z,27.114365,-165.443766
2025-04-11T20:55:04Z,27.114376,-165.443770
2025-04-11T20:55:05Z,27.114387,-165.443775
2025-04-11T20:55:06Z,27.114398,-165.443779
2025-04-11T20:55:07Z,27.114409,-165.443784
2025-04-11T20:55:08Z,27.114417,-165.443788
2025-04-11T20:55:09Z,27.114417,-165.443793
2025-04-11T20:55:10Z,27.114418,-165.443798
2025-04-11T20:55:11Z,27.114418,-165.443803
2025-04-11T20:55:12Z,27.114418,-165.443808
2025-04-11T20:55:13Z,27.114418,-165.443813
2025-04-11T20:55:14Z,27.114419,-165.443817
2025-04-11T20:55:15Z,27.114419,-165.443822
2025-04-11T20:55:16Z,27.114419,-165.443825
2025-04-11T20:55:17Z,27.114419,-165.443820
2025-04-11T20:55:18Z,27.114420,-165.443815
2025-04-11T20:55:19Z,27.114420,-165.443809
2025-04-11T20:55:20Z,27.114420,-165.443804
2025-04-11T20:55:21Z,27.114420,-165.443799
2025-04-11T20:55:22Z,27.114421,-165.443794
2025-04-11T20:55:23Z,27.114421,-165.443789
2025-04-11T20:55:24Z,27.114423,-165.443786
2025-04-11T20:55:25Z,27.114427,-165.443787
2025-04-11T20:55:26Z,27.114431,-165.443787
2025-04-11T20:55:27Z,27.114435,-165.443787
2025-04-11T20:55:28Z,27.114439,-165.443788
2025-04-11T20:55:29Z,27.114442,-165.443788
2025-04-11T20:55:30Z,27.114446,-165.443788
2025-04-11T20:55:31Z,27.114450,-165.443789
2025-04-11T20:55:32Z,27.114451,-165.443790
2025-04-11T20:55:33Z,27.114446,-165.443794
2025-04-11T20:55:34Z,27.114441,-165.443798
2025-04-11T20:55:35Z,27.114436,-165.443802
2025-04-11T20:55:36Z,27.114431,-165.443806
2025-04-11T20:55:37Z,27.114426,-165.443810
2025-04-11T20:55:38Z,27.114421,-165.443814
2025-04-11T20:55:39Z,27.114415,-165.443818
2025-04-11T20:55:40Z,27.114418,-165.443816
2025-04-11T20:55:41Z,27.114423,-165.443812
2025-04-11T20:55:42Z,27.114429,-165.443809
2025-04-11T20:55:43Z,27.114434,-165.443805
2025-04-11T20:55:44Z,27.114440,-165.443801
2025-04-11T20:55:45Z,27.114446,-165.443797
2025-04-11T20:55:46Z,27.114451,-165.443793
2025-04-11T20:55:47Z,27.114457,-165.443790
2025-04-11T20:55:48Z,27.114459,-165.443788
2025-04-11T20:55:49Z,27.114460,-165.443787
2025-04-11T20:55:50Z,27.114460,-165.443786
2025-04-11T20:55:51Z,27.114461,-165.443785
2025-04-11T20:55:52Z,27.114461,-165.443784
2025-04-11T20:55:53Z,27.114462,-165.443784
2025-04-11T20:55:54Z,27.114462,-165.443783
2025-04-11T20:55:55Z,27.114463,-165.443782
2025-04-11T20:55:56Z,27.114458,-165.443786
2025-04-11T20:55:57Z,27.114452,-165.443792
2025-04-11T20:55:58Z,27.114446,-165.443798
2025-04-11T20:55:59Z,27.114439,-165.443803
2025-04-11T20:56:00Z,27.114433,-165.443809
2025-04-11T20:56:01Z,27.114427,-165.443814
2025-04-11T20:56:02Z,27.114421,-165.443820
2025-04-11T20:56:03Z,27.114414,-165.443826
2025-04-11T20:56:04Z,27.114414,-165.443837
2025-04-11T20:56:05Z,27.114415,-165.443848
2025-04-11T20:56:06Z,27.114415,-165.443860
2025-04-11T20:56:07Z,27.114415,-165.443871
2025-04-11T20:56:08Z,27.114416,-165.443883
2025-04-11T20:56:09Z,27.114416,-165.443894
2025-04-11T20:56:10Z,27.114417,-165.443905
2025-04-11T20:56:11Z,27.114417,-165.443917
2025-04-11T20:56:12Z,27.114417,-165.443908
2025-04-11T20:56:13Z,27.114418,-165.443899
2025-04-11T20:56:14Z,27.114418,-165.443890
2025-04-11T20:56:15Z,27.114419,-165.443881
2025-04-11T20:56:16Z,27.114419,-165.443872
2025-04-11T20:56:17Z,27.114419,-165.443862
2025-04-11T20:56:18Z,27.114420,-165.443853
2025-04-11T20:56:19Z,27.114419,-165.443846
2025-04-11T20:56:20Z,27.114408,-165.443861
2025-04-11T20:56:21Z,27.114398,-165.443877
2025-04-11T20:56:22Z,27.114387,-165.443892
2025-04-11T20:56:23Z,27.114376,-165.443907
2025-04-11T20:56:24Z,27.114365,-165.443922
2025-04-11T20:56:25Z,27.114355,-165.443937
2025-04-11T20:56:26Z,27.114344,-165.443952
2025-04-11T20:56:27Z,27.114337,-165.443962
2025-04-11T20:56:28Z,27.114345,-165.443943
2025-04-11T20:56:29Z,27.114354,-165.443924
2025-04-11T20:56:30Z,27.114362,-165.443905
2025-04-11T20:56:31Z,27.114371,-165.443886
2025-04-11T20:56:32Z,27.114380,-165.443867
2025-04-11T20:56:33Z,27.114388,-165.443848
2025-04-11T20:56:34Z,27.114397,-165.443829
2025-04-11T20:56:35Z,27.114404,-165.443816
2025-04-11T20:56:36Z,27.114404,-165.443824
2025-04-11T20:56:37Z,27.114405,-165.443832
2025-04-11T20:56:38Z,27.114405,-165.443840
2025-04-11T20:56:39Z,27.114405,-165.443848
2025-04-11T20:56:40Z,27.114405,-165.443856
2025-04-11T20:56:41Z,27.114406,-165.443865
2025-04-11T20:56:42Z,27.114406,-165.443873
2025-04-11T20:56:43Z,27.114408,-165.443874
2025-04-11T20:56:44Z,27.114411,-165.443868
2025-04-11T20:56:45Z,27.114414,-165.443862
2025-04-11T20:56:46Z,27.114417,-165.443856
2025-04-11T20:56:47Z,27.114421,-165.443850
2025-04-11T20:56:48Z,27.114424,-165.443844
2025-04-11T20:56:49Z,27.114427,-165.443838
2025-04-11T20:56:50Z,27.114431,-165.443831
2025-04-11T20:56:51Z,27.114429,-165.443829
2025-04-11T20:56:52Z,27.114424,-165.443828
2025-04-11T20:56:53Z,27.114419,-165.443827
2025-04-11T20:56:54Z,27.114414,-165.443827
2025-04-11T20:56:55Z,27.114409,-165.443826
2025-04-11T20:56:56Z,27.114404,-165.443825
2025-04-11T20:56:57Z,27.114399,-165.443825
2025-04-11T20:56:58Z,27.114394,-165.443824
2025-04-11T20:56:59Z,27.114393,-165.443816
2025-04-11T20:57:00Z,27.114394,-165.443804
2025-04-11T20:57:01Z,27.114395,-165.443792
2025-04-11T20:57:02Z,27.114396,-165.443780
2025-04-11T20:57:03Z,27.114397,-165.443768
2025-04-11T20:57:04Z,27.114398,-165.443756
2025-04-11T20:57:05Z,27.114399,-165.443744
2025-04-11T20:57:06Z,27.114401,-165.443732
2025-04-11T20:57:07Z,27.114398,-165.443734
2025-04-11T20:57:08Z,27.114394,-165.443743
2025-04-11T20:57:09Z,27.114390,-165.443751
2025-04-11T20:57:10Z,27.114385,-165.443760
2025-04-11T20:57:11Z,27.114381,-165.443769
2025-04-11T20:57:12Z,27.114377,-165.443778
2025-04-11T20:57:13Z,27.114372,-165.443787
2025-04-11T20:57:14Z,27.114368,-165.443796
2025-04-11T20:57:15Z,27.114368,-165.443798
2025-04-11T20:57:16Z,27.114370,-165.443798
2025-04-11T20:57:17Z,27.114372,-165.443798
2025-04-11T20:57:18Z,27.114374,-165.443798
2025-04-11T20:57:19Z,27.114375,-165.443798
2025-04-11T20:57:20Z,27.114377,-165.443797
2025-04-11T20:57:21Z,27.114379,-165.443797
2025-04-11T20:57:22Z,27.114381,-165.443797
2025-04-11T20:57:23Z,27.114382,-165.443797
2025-04-11T20:57:24Z,27.114384,-165.443797
2025-04-11T20:57:25Z,27.114386,-165.443797
2025-04-11T20:57:26Z,27.114388,-165.443797
2025-04-11T20:57:27Z,27.114389,-165.443797
2025-04-11T20:57:28Z,27.114391,-165.443797
2025-04-11T20:57:29Z,27.114393,-165.443797
2025-04-11T20:57:30Z,27.114395,-165.443797
2025-04-11T20:57:31Z,27.114396,-165.443796
2025-04-11T20:57:32Z,27.114398,-165.443796
2025-04-11T20:57:33Z,27.114400,-165.443796
2025-04-11T20:57:34Z,27.114402,-165.443796
2025-04-11T20:57:35Z,27.114403,-165.443796
2025-04-11T20:57:36Z,27.114399,-165.443796
2025-04-11T20:57:37Z,27.114391,-165.443796
2025-04-11T20:57:38Z,27.114382,-165.443795
2025-04-11T20:57:39Z,27.114374,-165.443795
2025-04-11T20:57:40Z,27.114366,-165.443795
2025-04-11T20:57:41Z,27.114358,-165.443795
2025-04-11T20:57:42Z,27.114349,-165.443794
2025-04-11T20:57:43Z,27.114341,-165.443794
2025-04-11T20:57:44Z,27.114339,-165.443789
2025-04-11T20:57:45Z,27.114338,-165.443781
2025-04-11T20:57:46Z,27.114338,-165.443774
2025-04-11T20:57:47Z,27.114337,-165.443767
2025-04-11T20:57:48Z,27.114337,-165.443759
2025-04-11T20:57:49Z,27.114336,-165.443752
2025-04-11T20:57:50Z,27.114336,-165.443745
2025-04-11T20:57:51Z,27.114335,-165.443738
2025-04-11T20:57:52Z,27.114341,-165.443748
2025-04-11T20:57:53Z,27.114348,-165.443763
2025-04-11T20:57:54Z,27.114355,-165.443778
2025-04-11T20:57:55Z,27.114363,-165.443793
2025-04-11T20:57:56Z,27.114370,-165.443809
2025-04-11T20:57:57Z,27.114377,-165.443824
2025-04-11T20:57:58Z,27.114385,-165.443839
2025-04-11T20:57:59Z,27.114392,-165.443854
2025-04-11T20:58:00Z,27.114391,-165.443852
2025-04-11T20:58:01Z,27.114389,-165.443847
2025-04-11T20:58:02Z,27.114386,-165.443842
2025-04-11T20:58:03Z,27.114384,-165.443837
2025-04-11T20:58:04Z,27.114382,-165.443832
2025-04-11T20:58:05Z,27.114379,-165.443828
2025-04-11T20:58:06Z,27.114377,-165.443823
2025-04-11T20:58:07Z,27.114375,-165.443818
2025-04-11T20:58:08Z,27.114374,-165.443829
2025-04-11T20:58:09Z,27.114373,-165.443844
2025-04-11T20:58:10Z,27.114373,-165.443858
2025-04-11T20:58:11Z,27.114372,-165.443873
2025-04-11T20:58:12Z,27.114372,-165.443888
2025-04-11T20:58:13Z,27.114371,-165.443903
2025-04-11T20:58:14Z,27.114371,-165.443918
2025-04-11T20:58:15Z,27.114370,-165.443933
2025-04-11T20:58:16Z,27.114370,-165.443931
2025-04-11T20:58:17Z,27.114370,-165.443930
2025-04-11T20:58:18Z,27.114370,-165.443928
2025-04-11T20:58:19Z,27.114369,-165.443927
2025-04-11T20:58:20Z,27.114369,-165.443925
2025-04-11T20:58:21Z,27.114369,-165.443924
2025-04-11T20:58:22Z,27.114369,-165.443922
2025-04-11T20:58:23Z,27.114369,-165.443919
2025-04-11T20:58:24Z,27.114368,-165.443913
2025-04-11T20:58:25Z,27.114366,-165.443907
2025-04-11T20:58:26Z,27.114365,-165.443901
2025-04-11T20:58:27Z,27.114364,-165.443895
2025-04-11T20:58:28Z,27.114363,-165.443889
2025-04-11T20:58:29Z,27.114362,-165.443883
2025-04-11T20:58:30Z,27.114361,-165.443876
2025-04-11T20:58:31Z,27.114359,-165.443867
2025-04-11T20:58:32Z,27.114354,-165.443848
2025-04-11T20:58:33Z,27.114349,-165.443830
2025-04-11T20:58:34Z,27.114345,-165.443812
2025-04-11T20:58:35Z,27.114340,-165.443794
2025-04-11T20:58:36Z,27.114335,-165.443775
2025-04-11T20:58:37Z,27.114331,-165.443757
2025-04-11T20:58:38Z,27.114326,-165.443739
2025-04-11T20:58:39Z,27.114323,-165.443728
2025-04-11T20:58:40Z,27.114324,-165.443731
2025-04-11T20:58:41Z,27.114324,-165.443734
2025-04-11T20:58:42Z,27.114325,-165.443737
2025-04-11T20:58:43Z,27.114326,-165.443740
2025-04-11T20:58:44Z,27.114326,-165.443743
2025-04-11T20:58:45Z,27.114327,-165.443746
2025-04-11T20:58:46Z,27.114328,-165.443749
2025-04-11T20:58:47Z,27.114329,-165.443750
2025-04-11T20:58:48Z,27.114337,-165.443744
2025-04-11T20:58:49Z,27.114344,-165.443739
2025-04-11T20:58:50Z,27.114352,-165.443733
2025-04-11T20:58:51Z,27.114359,-165.443728
2025-04-11T20:58:52Z,27.114367,-165.443722
2025-04-11T20:58:53Z,27.114374,-165.443717
2025-04-11T20:58:54Z,27.114382,-165.443711
2025-04-11T20:58:55Z,27.114388,-165.443712
2025-04-11T20:58:56Z,27.114393,-165.443717
2025-04-11T20:58:57Z,27.114398,-165.443723
2025-04-11T20:58:58Z,27.114403,-165.443728
2025-04-11T20:58:59Z,27.114408,-165.443733
2025-04-11T20:59:00Z,27.114412,-165.443739
2025-04-11T20:59:01Z,27.114417,-165.443744
2025-04-11T20:59:02Z,27.114422,-165.443749
2025-04-11T20:59:03Z,27.114422,-165.443756
2025-04-11T20:59:04Z,27.114420,-165.443762
2025-04-11T20:59:05Z,27.114418,-165.443769
2025-04-11T20:59:06Z,27.114416,-165.443776
2025-04-11T20:59:07Z,27.114414,-165.443782
2025-04-11T20:59:08Z,27.114411,-165.443789
2025-04-11T20:59:09Z,27.114409,-165.443796
2025-04-11T20:59:10Z,27.114407,-165.443803
2025-04-11T20:59:11Z,27.114402,-165.443804
2025-04-11T20:59:12Z,27.114397,-165.443802
2025-04-11T20:59:13Z,27.114392,-165.443800
2025-04-11T20:59:14Z,27.114386,-165.443799
2025-04-11T20:59:15Z,27.114381,-165.443797
2025-04-11T20:59:16Z,27.114375,-165.443795
2025-04-11T20:59:17Z,27.114370,-165.443793
2025-04-11T20:59:18Z,27.114364,-165.443791
2025-04-11T20:59:19Z,27.114370,-165.443790
2025-04-11T20:59:20Z,27.114379,-165.443788
2025-04-11T20:59:21Z,27.114387,-165.443786
2025-04-11T20:59:22Z,27.114396,-165.443784
2025-04-11T20:59:23Z,27.114405,-165.443782
2025-04-11T20:59:24Z,27.114414,-165.443780
2025-04-11T20:59:25Z,27.114423,-165.443778
2025-04-11T20:59:26Z,27.114432,-165.443776
2025-04-11T20:59:27Z,27.114429,-165.443782
2025-04-11T20:59:28Z,27.114423,-165.443788
2025-04-11T20:59:29Z,27.114418,-165.443795
2025-04-11T20:59:30Z,27.114413,-165.443801
2025-04-11T20:59:31Z,27.114408,-165.443808
2025-04-11T20:59:32Z,27.114403,-165.443814
2025-04-11T20:59:33Z,27.114398,-165.443821
2025-04-11T20:59:34Z,27.114393,-165.443827
2025-04-11T20:59:35Z,27.114392,-165.443833
2025-04-11T20:59:36Z,27.114392,-165.443839
2025-04-11T20:59:37Z,27.114391,-165.443845
2025-04-11T20:59:38Z,27.114391,-165.443851
2025-04-11T20:59:39Z,27.114390,-165.443856
2025-04-11T20:59:40Z,27.114390,-165.443862
2025-04-11T20:59:41Z,27.114389,-165.443868
2025-04-11T20:59:42Z,27.114389,-165.443872
2025-04-11T20:59:43Z,27.114390,-165.443868
2025-04-11T20:59:44Z,27.114390,-165.443864
2025-04-11T20:59:45Z,27.114391,-165.443860
2025-04-11T20:59:46Z,27.114391,-165.443856
2025-04-11T20:59:47Z,27.114392,-165.443853
2025-04-11T20:59:48Z,27.114392,-165.443849
2025-04-11T20:59:49Z,27.114393,-165.443845
2025-04-11T20:59:50Z,27.114393,-165.443841
2025-04-11T20:59:51Z,27.114393,-165.443841
2025-04-11T20:59:52Z,27.114393,-165.443841
2025-04-11T20:59:53Z,27.114393,-165.443841
2025-04-11T20:59:54Z,27.114393,-165.443842
2025-04-11T20:59:55Z,27.114393,-165.443842
2025-04-11T20:59:56Z,27.114393,-165.443842
2025-04-11T20:59:57Z,27.114393,-165.443842
2025-04-11T20:59:58Z,27.114393,-165.443842
2025-04-11T20:59:59Z,27.114391,-165.443844
2025-04-11T21:00:00Z,27.114390,-165.443845
2025-04-11T21:00:01Z,27.114388,-165.443846
2025-04-11T21:00:02Z,27.114387,-165.443848
2025-04-11T21:00:03Z,27.114385,-165.443849
2025-04-11T21:00:04Z,27.114384,-165.443850
2025-04-11T21:00:05Z,27.114382,-165.443851
2025-04-11T21:00:06Z,27.114381,-165.443853
2025-04-11T21:00:07Z,27.114379,-165.443854
2025-04-11T21:00:08Z,27.114378,-165.443855
2025-04-11T21:00:09Z,27.114376,-165.443857
2025-04-11T21:00:10Z,27.114375,-165.443858
2025-04-11T21:00:11Z,27.114373,-165.443859
2025-04-11T21:00:12Z,27.114372,-165.443861
2025-04-11T21:00:13Z,27.114370,-165.443862
2025-04-11T21:00:14Z,27.114369,-165.443863
2025-04-11T21:00:15Z,27.114367,-165.443865
2025-04-11T21:00:16Z,27.114366,-165.443866
2025-04-11T21:00:17Z,27.114364,-165.443867
2025-04-11T21:00:18Z,27.114363,-165.443869
2025-04-11T21:00:19Z,27.114361,-165.443870
2025-04-11T21:00:20Z,27.114361,-165.443869
2025-04-11T21:00:21Z,27.114361,-165.443868
2025-04-11T21:00:22Z,27.114361,-165.443867
2025-04-11T21:00:23Z,27.114361,-165.443866
2025-04-11T21:00:24Z,27.114362,-165.443864
2025-04-11T21:00:25Z,27.114362,-165.443863
2025-04-11T21:00:26Z,27.114362,-165.443862
2025-04-11T21:00:27Z,27.114362,-165.443861
2025-04-11T21:00:28Z,27.114366,-165.443854
2025-04-11T21:00:29Z,27.114371,-165.443847
2025-04-11T21:00:30Z,27.114375,-165.443839
2025-04-11T21:00:31Z,27.114380,-165.443832
2025-04-11T21:00:32Z,27.114384,-165.443824
2025-04-11T21:00:33Z,27.114389,-165.443817
2025-04-11T21:00:34Z,27.114393,-165.443809
2025-04-11T21:00:35Z,27.114398,-165.443802
2025-04-11T21:00:36Z,27.114395,-165.443801
2025-04-11T21:00:37Z,27.114391,-165.443800
2025-04-11T21:00:38Z,27.114388,-165.443799
2025-04-11T21:00:39Z,27.114384,-165.443798
2025-04-11T21:00:40Z,27.114381,-165.443798
2025-04-11T21:00:41Z,27.114377,-165.443797
2025-04-11T21:00:42Z,27.114374,-165.443796
2025-04-11T21:00:43Z,27.114371,-165.443796
2025-04-11T21:00:44Z,27.114374,-165.443801
2025-04-11T21:00:45Z,27.114376,-165.443806
2025-04-11T21:00:46Z,27.114379,-165.443811
2025-04-11T21:00:47Z,27.114382,-165.443816
2025-04-11T21:00:48Z,27.114384,-165.443821
2025-04-11T21:00:49Z,27.114387,-165.443826
2025-04-11T21:00:50Z,27.114389,-165.443831
2025-04-11T21:00:51Z,27.114390,-165.443833
2025-04-11T21:00:52Z,27.114389,-165.443831
2025-04-11T21:00:53Z,27.114387,-165.443829
2025-04-11T21:00:54Z,27.114386,-165.443827
2025-04-11T21:00:55Z,27.114384,-165.443825
2025-04-11T21:00:56Z,27.114382,-165.443822
2025-04-11T21:00:57Z,27.114381,-165.443820
2025-04-11T21:00:58Z,27.114379,-165.443818
2025-04-11T21:00:59Z,27.114378,-165.443816
2025-04-11T21:01:00Z,27.114376,-165.443814
2025-04-11T21:01:01Z,27.114375,-165.443812
2025-04-11T21:01:02Z,27.114373,-165.443810
2025-04-11T21:01:03Z,27.114371,-165.443807
2025-04-11T21:01:04Z,27.114370,-165.443805
2025-04-11T21:01:05Z,27.114368,-165.443803
2025-04-11T21:01:06Z,27.114367,-165.443801
2025-04-11T21:01:07Z,27.114365,-165.443799
2025-04-11T21:01:08Z,27.114363,-165.443797
2025-04-11T21:01:09Z,27.114362,-165.443794
2025-04-11T21:01:10Z,27.114360,-165.443792
2025-04-11T21:01:11Z,27.114359,-165.443790
2025-04-11T21:01:12Z,27.114357,-165.443788
2025-04-11T21:01:13Z,27.114358,-165.443786
2025-04-11T21:01:14Z,27.114359,-165.443784
2025-04-11T21:01:15Z,27.114359,-165.443783
2025-04-11T21:01:16Z,27.114360,-165.443781
2025-04-11T21:01:17Z,27.114361,-165.443779
2025-04-11T21:01:18Z,27.114362,-165.443777
2025-04-11T21:01:19Z,27.114362,-165.443775
2025-04-11T21:01:20Z,27.114364,-165.443774
2025-04-11T21:01:21Z,27.114369,-165.443776
2025-04-11T21:01:22Z,27.114375,-165.443777
2025-04-11T21:01:23Z,27.114380,-165.443778
2025-04-11T21:01:24Z,27.114386,-165.443780
2025-04-11T21:01:25Z,27.114392,-165.443781
2025-04-11T21:01:26Z,27.114397,-165.443783
2025-04-11T21:01:27Z,27.114403,-165.443784
2025-04-11T21:01:28Z,27.114406,-165.443784
2025-04-11T21:01:29Z,27.114399,-165.443779
2025-04-11T21:01:30Z,27.114393,-165.443773
2025-04-11T21:01:31Z,27.114386,-165.443768
2025-04-11T21:01:32Z,27.114379,-165.443763
2025-04-11T21:01:33Z,27.114373,-165.443757
2025-04-11T21:01:34Z,27.114366,-165.443752
2025-04-11T21:01:35Z,27.114360,-165.443747
2025-04-11T21:01:36Z,27.114355,-165.443743
2025-04-11T21:01:37Z,27.114356,-165.443744
2025-04-11T21:01:38Z,27.114357,-165.443745
2025-04-11T21:01:39Z,27.114357,-165.443747
2025-04-11T21:01:40Z,27.114358,-165.443748
2025-04-11T21:01:41Z,27.114359,-165.443749
2025-04-11T21:01:42Z,27.114360,-165.443750
2025-04-11T21:01:43Z,27.114360,-165.443751
2025-04-11T21:01:44Z,27.114361,-165.443752
2025-04-11T21:01:45Z,27.114362,-165.443753
2025-04-11T21:01:46Z,27.114363,-165.443754
2025-04-11T21:01:47Z,27.114363,-165.443755
2025-04-11T21:01:48Z,27.114364,-165.443756
2025-04-11T21:01:49Z,27.114365,-165.443757
2025-04-11T21:01:50Z,27.114366,-165.443758
2025-04-11T21:01:51Z,27.114366,-165.443759
2025-04-11T21:01:52Z,27.114367,-165.443761
2025-04-11T21:01:53Z,27.114368,-165.443762
2025-04-11T21:01:54Z,27.114369,-165.443763
2025-04-11T21:01:55Z,27.114369,-165.443764
2025-04-11T21:01:56Z,27.114370,-165.443765
2025-04-11T21:01:57Z,27.114371,-165.443766
2025-04-11T21:01:58Z,27.114372,-165.443766
2025-04-11T21:01:59Z,27.114373,-165.443767
2025-04-11T21:02:00Z,27.114374,-165.443767
2025-04-11T21:02:01Z,27.114375,-165.443768
2025-04-11T21:02:02Z,27.114375,-165.443768
2025-04-11T21:02:03Z,27.114376,-165.443768
2025-04-11T21:02:04Z,27.114377,-165.443769
2025-04-11T21:02:05Z,27.114379,-165.443770
2025-04-11T21:02:06Z,27.114382,-165.443773
2025-04-11T21:02:07Z,27.114385,-165.443777
2025-04-11T21:02:08Z,27.114389,-165.443781
2025-04-11T21:02:09Z,27.114392,-165.443785
2025-04-11T21:02:10Z,27.114395,-165.443788
2025-04-11T21:02:11Z,27.114399,-165.443792
2025-04-11T21:02:12Z,27.114402,-165.443796
2025-04-11T21:02:13Z,27.114406,-165.443800
2025-04-11T21:02:14Z,27.114409,-165.443803
2025-04-11T21:02:15Z,27.114412,-165.443807
2025-04-11T21:02:16Z,27.114416,-165.443811
2025-04-11T21:02:17Z,27.114419,-165.443815
2025-04-11T21:02:18Z,27.114422,-165.443818
2025-04-11T21:02:19Z,27.114426,-165.443822
2025-04-11T21:02:20Z,27.114429,-165.443826
2025-04-11T21:02:21Z,27.114432,-165.443829
2025-04-11T21:02:22Z,27.114436,-165.443833
2025-04-11T21:02:23Z,27.114439,-165.443837
2025-04-11T21:02:24Z,27.114443,-165.443841
2025-04-11T21:02:25Z,27.114446,-165.443844
2025-04-11T21:02:26Z,27.114449,-165.443848
2025-04-11T21:02:27Z,27.114444,-165.443854
2025-04-11T21:02:28Z,27.114437,-165.443860
2025-04-11T21:02:29Z,27.114430,-165.443866
2025-04-11T21:02:30Z,27.114423,-165.443872
2025-04-11T21:02:31Z,27.114416,-165.443878
2025-04-11T21:02:32Z,27.114408,-165.443884
2025-04-11T21:02:33Z,27.114401,-165.443890
2025-04-11T21:02:34Z,27.114394,-165.443896
2025-04-11T21:02:35Z,27.114401,-165.443893
2025-04-11T21:02:36Z,27.114412,-165.443885
2025-04-11T21:02:37Z,27.114424,-165.443878
2025-04-11T21:02:38Z,27.114436,-165.443871
2025-04-11T21:02:39Z,27.114447,-165.443863
2025-04-11T21:02:40Z,27.114459,-165.443856
2025-04-11T21:02:41Z,27.114471,-165.443849
2025-04-11T21:02:42Z,27.114483,-165.443841
2025-04-11T21:02:43Z,27.114474,-165.443836
2025-04-11T21:02:44Z,27.114464,-165.443830
2025-04-11T21:02:45Z,27.114455,-165.443824
2025-04-11T21:02:46Z,27.114445,-165.443819
2025-04-11T21:02:47Z,27.114436,-165.443813
2025-04-11T21:02:48Z,27.114427,-165.443807
2025-04-11T21:02:49Z,27.114417,-165.443802
2025-04-11T21:02:50Z,27.114409,-165.443796
2025-04-11T21:02:51Z,27.114406,-165.443793
2025-04-11T21:02:52Z,27.114404,-165.443789
2025-04-11T21:02:53Z,27.114401,-165.443786
2025-04-11T21:02:54Z,27.114399,-165.443782
2025-04-11T21:02:55Z,27.114396,-165.443779
2025-04-11T21:02:56Z,27.114394,-165.443775
2025-04-11T21:02:57Z,27.114391,-165.443771
2025-04-11T21:02:58Z,27.114388,-165.443768
2025-04-11T21:02:59Z,27.114386,-165.443764
2025-04-11T21:03:00Z,27.114383,-165.443761
2025-04-11T21:03:01Z,27.114381,-165.443757
2025-04-11T21:03:02Z,27.114378,-165.443753
2025-04-11T21:03:03Z,27.114376,-165.443750
2025-04-11T21:03:04Z,27.114373,-165.443746
2025-04-11T21:03:05Z,27.114371,-165.443743
2025-04-11T21:03:06Z,27.114364,-165.443741
2025-04-11T21:03:07Z,27.114343,-165.443743
2025-04-11T21:03:08Z,27.114322,-165.443746
2025-04-11T21:03:09Z,27.114302,-165.443749
2025-04-11T21:03:10Z,27.114281,-165.443751
2025-04-11T21:03:11Z,27.114260,-165.443754
2025-04-11T21:03:12Z,27.114240,-165.443757
2025-04-11T21:03:13Z,27.114219,-165.443759
2025-04-11T21:03:14Z,27.114210,-165.443756
2025-04-11T21:03:15Z,27.114222,-165.443741
2025-04-11T21:03:16Z,27.114234,-165.443727
2025-04-11T21:03:17Z,27.114246,-165.443712
2025-04-11T21:03:18Z,27.114257,-165.443697
2025-04-11T21:03:19Z,27.114269,-165.443683
2025-04-11T21:03:20Z,27.114281,-165.443668
2025-04-11T21:03:21Z,27.114293,-165.443654
2025-04-11T21:03:22Z,27.114298,-165.443646
2025-04-11T21:03:23Z,27.114294,-165.443647
2025-04-11T21:03:24Z,27.114291,-165.443648
2025-04-11T21:03:25Z,27.114288,-165.443649
2025-04-11T21:03:26Z,27.114285,-165.443649
2025-04-11T21:03:27Z,27.114281,-165.443650
2025-04-11T21:03:28Z,27.114278,-165.443651
2025-04-11T21:03:29Z,27.114275,-165.443652
2025-04-11T21:03:30Z,27.114273,-165.443650
2025-04-11T21:03:31Z,27.114273,-165.443644
2025-04-11T21:03:32Z,27.114272,-165.443637
2025-04-11T21:03:33Z,27.114272,-165.443631
2025-04-11T21:03:34Z,27.114272,-165.443625
2025-04-11T21:03:35Z,27.114272,-165.443619
2025-04-11T21:03:36Z,27.114271,-165.443613
2025-04-11T21:03:37Z,27.114271,-165.443607
2025-04-11T21:03:38Z,27.114272,-165.443606
2025-04-11T21:03:39Z,27.114273,-165.443610
2025-04-11T21:03:40Z,27.114274,-165.443613
2025-04-11T21:03:41Z,27.114276,-165.443617
2025-04-11T21:03:42Z,27.114277,-165.443621
2025-04-11T21:03:43Z,27.114279,-165.443625
2025-04-11T21:03:44Z,27.114280,-165.443629
2025-04-11T21:03:45Z,27.114282,-165.443632
2025-04-11T21:03:46Z,27.114283,-165.443636
2025-04-11T21:03:47Z,27.114284,-165.443640
2025-04-11T21:03:48Z,27.114286,-165.443644
2025-04-11T21:03:49Z,27.114287,-165.443648
2025-04-11T21:03:50Z,27.114289,-165.443651
2025-04-11T21:03:51Z,27.114290,-165.443655
2025-04-11T21:03:52Z,27.114291,-165.443659
2025-04-11T21:03:53Z,27.114293,-165.443663
2025-04-11T21:03:54Z,27.114294,-165.443667
2025-04-11T21:03:55Z,27.114296,-165.443671
2025-04-11T21:03:56Z,27.114297,-165.443674
2025-04-11T21:03:57Z,27.114298,-165.443678
2025-04-11T21:03:58Z,27.114300,-165.443682
2025-04-11T21:03:59Z,27.114302,-165.443686
2025-04-11T21:04:00Z,27.114307,-165.443688
2025-04-11T21:04:01Z,27.114312,-165.443691
2025-04-11T21:04:02Z,27.114318,-165.443693
2025-04-11T21:04:03Z,27.114323,-165.443696
2025-04-11T21:04:04Z,27.114328,-165.443698
2025-04-11T21:04:05Z,27.114333,-165.443701
2025-04-11T21:04:06Z,27.114338,-165.443703
2025-04-11T21:04:07Z,27.114342,-165.443705
2025-04-11T21:04:08Z,27.114344,-165.443703
2025-04-11T21:04:09Z,27.114345,-165.443702
2025-04-11T21:04:10Z,27.114347,-165.443700
2025-04-11T21:04:11Z,27.114349,-165.443699
2025-04-11T21:04:12Z,27.114350,-165.443698
2025-04-11T21:04:13Z,27.114352,-165.443696
2025-04-11T21:04:14Z,27.114353,-165.443695
2025-04-11T21:04:15Z,27.114351,-165.443694
2025-04-11T21:04:16Z,27.114346,-165.443694
2025-04-11T21:04:17Z,27.114341,-165.443694
2025-04-11T21:04:18Z,27.114335,-165.443694
2025-04-11T21:04:19Z,27.114330,-165.443695
2025-04-11T21:04:20Z,27.114325,-165.443695
2025-04-11T21:04:21Z,27.114319,-165.443695
2025-04-11T21:04:22Z,27.114314,-165.443695
2025-04-11T21:04:23Z,27.114310,-165.443693
2025-04-11T21:04:24Z,27.114308,-165.443688
2025-04-11T21:04:25Z,27.114305,-165.443683
2025-04-11T21:04:26Z,27.114303,-165.443678
2025-04-11T21:04:27Z,27.114301,-165.443673
2025-04-11T21:04:28Z,27.114298,-165.443668
2025-04-11T21:04:29Z,27.114296,-165.443663
2025-04-11T21:04:30Z,27.114294,-165.443658
2025-04-11T21:04:31Z,27.114295,-165.443662
2025-04-11T21:04:32Z,27.114299,-165.443670
2025-04-11T21:04:33Z,27.114303,-165.443679
2025-04-11T21:04:34Z,27.114306,-165.443687
2025-04-11T21:04:35Z,27.114310,-165.443696
2025-04-11T21:04:36Z,27.114313,-165.443705
2025-04-11T21:04:37Z,27.114317,-165.443713
2025-04-11T21:04:38Z,27.114321,-165.443722
2025-04-11T21:04:39Z,27.114319,-165.443726
2025-04-11T21:04:40Z,27.114314,-165.443727
2025-04-11T21:04:41Z,27.114308,-165.443728
2025-04-11T21:04:42Z,27.114303,-165.443729
2025-04-11T21:04:43Z,27.114298,-165.443730
2025-04-11T21:04:44Z,27.114293,-165.443731
2025-04-11T21:04:45Z,27.114288,-165.443732
2025-04-11T21:04:46Z,27.114283,-165.443733
2025-04-11T21:04:47Z,27.114278,-165.443736
2025-04-11T21:04:48Z,27.114272,-165.443740
2025-04-11T21:04:49Z,27.114267,-165.443744
2025-04-11T21:04:50Z,27.114261,-165.443748
2025-04-11T21:04:51Z,27.114256,-165.443751
2025-04-11T21:04:52Z,27.114251,-165.443755
2025-04-11T21:04:53Z,27.114245,-165.443759
2025-04-11T21:04:54Z,27.114240,-165.443763
2025-04-11T21:04:55Z,27.114248,-165.443766
2025-04-11T21:04:56Z,27.114259,-165.443768
2025-04-11T21:04:57Z,27.114270,-165.443771
2025-04-11T21:04:58Z,27.114281,-165.443773
2025-04-11T21:04:59Z,27.114291,-165.443775
2025-04-11T21:05:00Z,27.114302,-165.443778
2025-04-11T21:05:01Z,27.114313,-165.443780
2025-04-11T21:05:02Z,27.114324,-165.443782
2025-04-11T21:05:03Z,27.114336,-165.443778
2025-04-11T21:05:04Z,27.114348,-165.443774
2025-04-11T21:05:05Z,27.114360,-165.443770
2025-04-11T21:05:06Z,27.114372,-165.443765
2025-04-11T21:05:07Z,27.114384,-165.443761
2025-04-11T21:05:08Z,27.114396,-165.443757
2025-04-11T21:05:09Z,27.114407,-165.443753
2025-04-11T21:05:10Z,27.114413,-165.443750
2025-04-11T21:05:11Z,27.114394,-165.443750
2025-04-11T21:05:12Z,27.114375,-165.443750
2025-04-11T21:05:13Z,27.114356,-165.443750
2025-04-11T21:05:14Z,27.114336,-165.443751
2025-04-11T21:05:15Z,27.114317,-165.443751
2025-04-11T21:05:16Z,27.114298,-165.443751
2025-04-11T21:05:17Z,27.114279,-165.443751
2025-04-11T21:05:18Z,27.114271,-165.443746
2025-04-11T21:05:19Z,27.114264,-165.443741
2025-04-11T21:05:20Z,27.114256,-165.443735
2025-04-11T21:05:21Z,27.114248,-165.443730
2025-04-11T21:05:22Z,27.114241,-165.443725
2025-04-11T21:05:23Z,27.114233,-165.443720
2025-04-11T21:05:24Z,27.114225,-165.443714
2025-04-11T21:05:25Z,27.114221,-165.443711
2025-04-11T21:05:26Z,27.114231,-165.443717
2025-04-11T21:05:27Z,27.114241,-165.443723
2025-04-11T21:05:28Z,27.114252,-165.443729
2025-04-11T21:05:29Z,27.114262,-165.443735
2025-04-11T21:05:30Z,27.114273,-165.443741
2025-04-11T21:05:31Z,27.114283,-165.443746
2025-04-11T21:05:32Z,27.114294,-165.443752
2025-04-11T21:05:33Z,27.114297,-165.443755
2025-04-11T21:05:34Z,27.114275,-165.443746
2025-04-11T21:05:35Z,27.114253,-165.443737
2025-04-11T21:05:36Z,27.114230,-165.443728
2025-04-11T21:05:37Z,27.114208,-165.443720
2025-04-11T21:05:38Z,27.114186,-165.443711
2025-04-11T21:05:39Z,27.114164,-165.443702
2025-04-11T21:05:40Z,27.114142,-165.443693
2025-04-11T21:05:41Z,27.114139,-165.443697
2025-04-11T21:05:42Z,27.114163,-165.443719
2025-04-11T21:05:43Z,27.114186,-165.443741
2025-04-11T21:05:44Z,27.114210,-165.443763
2025-04-11T21:05:45Z,27.114234,-165.443785
2025-04-11T21:05:46Z,27.114257,-165.443807
2025-04-11T21:05:47Z,27.114281,-165.443829
2025-04-11T21:05:48Z,27.114305,-165.443850
2025-04-11T21:05:49Z,27.114302,-165.443862
2025-04-11T21:05:50Z,27.114278,-165.443866
2025-04-11T21:05:51Z,27.114255,-165.443870
2025-04-11T21:05:52Z,27.114231,-165.443874
2025-04-11T21:05:53Z,27.114208,-165.443878
2025-04-11T21:05:54Z,27.114184,-165.443882
2025-04-11T21:05:55Z,27.114160,-165.443885
2025-04-11T21:05:56Z,27.114137,-165.443889
2025-04-11T21:05:57Z,27.114132,-165.443894
2025-04-11T21:05:58Z,27.114141,-165.443900
2025-04-11T21:05:59Z,27.114150,-165.443906
2025-04-11T21:06:00Z,27.114158,-165.443912
2025-04-11T21:06:01Z,27.114167,-165.443918
2025-04-11T21:06:02Z,27.114176,-165.443924
2025-04-11T21:06:03Z,27.114185,-165.443930
2025-04-11T21:06:04Z,27.114194,-165.443935
2025-04-11T21:06:05Z,27.114205,-165.443933
2025-04-11T21:06:06Z,27.114217,-165.443928
2025-04-11T21:06:07Z,27.114229,-165.443923
2025-04-11T21:06:08Z,27.114241,-165.443918
2025-04-11T21:06:09Z,27.114254,-165.443913
2025-04-11T21:06:10Z,27.114266,-165.443908
2025-04-11T21:06:11Z,27.114278,-165.443903
2025-04-11T21:06:12Z,27.114290,-165.443898
2025-04-11T21:06:13Z,27.114302,-165.443892
2025-04-11T21:06:14Z,27.114315,-165.443887
2025-04-11T21:06:15Z,27.114327,-165.443882
2025-04-11T21:06:16Z,27.114339,-165.443877
2025-04-11T21:06:17Z,27.114351,-165.443872
2025-04-11T21:06:18Z,27.114363,-165.443867
2025-04-11T21:06:19Z,27.114375,-165.443862
2025-04-11T21:06:20Z,27.114386,-165.443857
2025-04-11T21:06:21Z,27.114373,-165.443855
2025-04-11T21:06:22Z,27.114359,-165.443854
2025-04-11T21:06:23Z,27.114346,-165.443852
2025-04-11T21:06:24Z,27.114332,-165.443850
2025-04-11T21:06:25Z,27.114319,-165.443849
2025-04-11T21:06:26Z,27.114305,-165.443847
2025-04-11T21:06:27Z,27.114292,-165.443845
2025-04-11T21:06:28Z,27.114276,-165.443839
2025-04-11T21:06:29Z,27.114255,-165.443819
2025-04-11T21:06:30Z,27.114233,-165.443799
2025-04-11T21:06:31Z,27.114211,-165.443779
2025-04-11T21:06:32Z,27.114189,-165.443759
2025-04-11T21:06:33Z,27.114167,-165.443739
2025-04-11T21:06:34Z,27.114145,-165.443719
2025-04-11T21:06:35Z,27.114124,-165.443698
2025-04-11T21:06:36Z,27.114114,-165.443689
2025-04-11T21:06:37Z,27.114125,-165.443697
2025-04-11T21:06:38Z,27.114136,-165.443705
2025-04-11T21:06:39Z,27.114147,-165.443713
2025-04-11T21:06:40Z,27.114158,-165.443722
2025-04-11T21:06:41Z,27.114169,-165.443730
2025-04-11T21:06:42Z,27.114180,-165.443738
2025-04-11T21:06:43Z,27.114191,-165.443746
2025-04-11T21:06:44Z,27.114202,-165.443754
2025-04-11T21:06:45Z,27.114213,-165.443762
2025-04-11T21:06:46Z,27.114224,-165.443770
2025-04-11T21:06:47Z,27.114235,-165.443778
2025-04-11T21:06:48Z,27.114246,-165.443786
2025-04-11T21:06:49Z,27.114257,-165.443795
2025-04-11T21:06:50Z,27.114268,-165.443803
2025-04-11T21:06:51Z,27.114280,-165.443811
2025-04-11T21:06:52Z,27.114291,-165.443819
2025-04-11T21:06:53Z,27.114302,-165.443827
2025-04-11T21:06:54Z,27.114313,-165.443835
2025-04-11T21:06:55Z,27.114324,-165.443843
2025-04-11T21:06:56Z,27.114335,-165.443851
2025-04-11T21:06:57Z,27.114345,-165.443859
2025-04-11T21:06:58Z,27.114337,-165.443850
2025-04-11T21:06:59Z,27.114330,-165.443842
2025-04-11T21:07:00Z,27.114322,-165.443833
2025-04-11T21:07:01Z,27.114315,-165.443825
2025-04-11T21:07:02Z,27.114307,-165.443817
2025-04-11T21:07:03Z,27.114300,-165.443808
2025-04-11T21:07:04Z,27.114292,-165.443800
2025-04-11T21:07:05Z,27.114285,-165.443791
2025-04-11T21:07:06Z,27.114277,-165.443783
2025-04-11T21:07:07Z,27.114270,-165.443775
2025-04-11T21:07:08Z,27.114263,-165.443766
2025-04-11T21:07:09Z,27.114255,-165.443758
2025-04-11T21:07:10Z,27.114248,-165.443749
2025-04-11T21:07:11Z,27.114240,-165.443741
2025-04-11T21:07:12Z,27.114233,-165.443733
2025-04-11T21:07:13Z,27.114225,-165.443724
2025-04-11T21:07:14Z,27.114218,-165.443716
2025-04-11T21:07:15Z,27.114210,-165.443707
2025-04-11T21:07:16Z,27.114203,-165.443699
2025-04-11T21:07:17Z,27.114195,-165.443691
2025-04-11T21:07:18Z,27.114188,-165.443682
2025-04-11T21:07:19Z,27.114188,-165.443683
2025-04-11T21:07:20Z,27.114190,-165.443688
2025-04-11T21:07:21Z,27.114192,-165.443693
2025-04-11T21:07:22Z,27.114195,-165.443697
2025-04-11T21:07:23Z,27.114197,-165.443702
2025-04-11T21:07:24Z,27.114200,-165.443706
2025-04-11T21:07:25Z,27.114202,-165.443711
2025-04-11T21:07:26Z,27.114204,-165.443716
2025-04-11T21:07:27Z,27.114208,-165.443712
2025-04-11T21:07:28Z,27.114211,-165.443706
2025-04-11T21:07:29Z,27.114215,-165.443700
2025-04-11T21:07:30Z,27.114219,-165.443693
2025-04-11T21:07:31Z,27.114222,-165.443687
2025-04-11T21:07:32Z,27.114226,-165.443681
2025-04-11T21:07:33Z,27.114230,-165.443674
2025-04-11T21:07:34Z,27.114233,-165.443668
2025-04-11T21:07:35Z,27.114237,-165.443668
2025-04-11T21:07:36Z,27.114240,-165.443668
2025-04-11T21:07:37Z,27.114243,-165.443669
2025-04-11T21:07:38Z,27.114246,-165.443670
2025-04-11T21:07:39Z,27.114249,-165.443670
2025-04-11T21:07:40Z,27.114253,-165.443671
2025-04-11T21:07:41Z,27.114256,-165.443672
2025-04-11T21:07:42Z,27.114259,-165.443672
2025-04-11T21:07:43Z,27.114262,-165.443673
2025-04-11T21:07:44Z,27.114265,-165.443674
2025-04-11T21:07:45Z,27.114268,-165.443675
2025-04-11T21:07:46Z,27.114272,-165.443675
2025-04-11T21:07:47Z,27.114275,-165.443676
2025-04-11T21:07:48Z,27.114278,-165.443677
2025-04-11T21:07:49Z,27.114281,-165.443677
2025-04-11T21:07:50Z,27.114284,-165.443678
2025-04-11T21:07:51Z,27.114287,-165.443679
2025-04-11T21:07:52Z,27.114291,-165.443679
2025-04-11T21:07:53Z,27.114294,-165.443680
2025-04-11T21:07:54Z,27.114297,-165.443681
2025-04-11T21:07:55Z,27.114300,-165.443682
2025-04-11T21:07:56Z,27.114299,-165.443677
2025-04-11T21:07:57Z,27.114292,-165.443665
2025-04-11T21:07:58Z,27.114285,-165.443653
2025-04-11T21:07:59Z,27.114278,-165.443642
2025-04-11T21:08:00Z,27.114271,-165.443630
2025-04-11T21:08:01Z,27.114264,-165.443618
2025-04-11T21:08:02Z,27.114257,-165.443606
2025-04-11T21:08:03Z,27.114250,-165.443594
2025-04-11T21:08:04Z,27.114249,-165.443593
2025-04-11T21:08:05Z,27.114256,-165.443604
2025-04-11T21:08:06Z,27.114262,-165.443615
2025-04-11T21:08:07Z,27.114269,-165.443626
2025-04-11T21:08:08Z,27.114275,-165.443638
2025-04-11T21:08:09Z,27.114281,-165.443649
2025-04-11T21:08:10Z,27.114288,-165.443660
2025-04-11T21:08:11Z,27.114294,-165.443671
2025-04-11T21:08:12Z,27.114298,-165.443672
2025-04-11T21:08:13Z,27.114300,-165.443666
2025-04-11T21:08:14Z,27.114301,-165.443661
2025-04-11T21:08:15Z,27.114303,-165.443656
2025-04-11T21:08:16Z,27.114305,-165.443650
2025-04-11T21:08:17Z,27.114306,-165.443645
2025-04-11T21:08:18Z,27.114308,-165.443640
2025-04-11T21:08:19Z,27.114310,-165.443634
2025-04-11T21:08:20Z,27.114307,-165.443637
2025-04-11T21:08:21Z,27.114304,-165.443641
2025-04-11T21:08:22Z,27.114300,-165.443646
2025-04-11T21:08:23Z,27.114297,-165.443651
2025-04-11T21:08:24Z,27.114293,-165.443656
2025-04-11T21:08:25Z,27.114290,-165.443661
2025-04-11T21:08:26Z,27.114286,-165.443666
2025-04-11T21:08:27Z,27.114283,-165.443671
2025-04-11T21:08:28Z,27.114283,-165.443675
2025-04-11T21:08:29Z,27.114284,-165.443678
2025-04-11T21:08:30Z,27.114286,-165.443682
2025-04-11T21:08:31Z,27.114287,-165.443685
2025-04-11T21:08:32Z,27.114289,-165.443689
2025-04-11T21:08:33Z,27.114290,-165.443693
2025-04-11T21:08:34Z,27.114292,-165.443696
2025-04-11T21:08:35Z,27.114293,-165.443700
2025-04-11T21:08:36Z,27.114294,-165.443703
2025-04-11T21:08:37Z,27.114296,-165.443707
2025-04-11T21:08:38Z,27.114297,-165.443711
2025-04-11T21:08:39Z,27.114299,-165.443714
2025-04-11T21:08:40Z,27.114300,-165.443718
2025-04-11T21:08:41Z,27.114302,-165.443721
2025-04-11T21:08:42Z,27.114303,-165.443725
2025-04-11T21:08:43Z,27.114304,-165.443729
2025-04-11T21:08:44Z,27.114306,-165.443732
2025-04-11T21:08:45Z,27.114307,-165.443736
2025-04-11T21:08:46Z,27.114309,-165.443740
2025-04-11T21:08:47Z,27.114310,-165.443743
2025-04-11T21:08:48Z,27.114312,-165.443747
2025-04-11T21:08:49Z,27.114311,-165.443742
2025-04-11T21:08:50Z,27.114310,-165.443732
2025-04-11T21:08:51Z,27.114308,-165.443722
2025-04-11T21:08:52Z,27.114307,-165.443713
2025-04-11T21:08:53Z,27.114305,-165.443703
2025-04-11T21:08:54Z,27.114304,-165.443693
2025-04-11T21:08:55Z,27.114302,-165.443684
2025-04-11T21:08:56Z,27.114301,-165.443674
2025-04-11T21:08:57Z,27.114298,-165.443671
2025-04-11T21:08:58Z,27.114296,-165.443673
2025-04-11T21:08:59Z,27.114293,-165.443675
2025-04-11T21:09:00Z,27.114290,-165.443677
2025-04-11T21:09:01Z,27.114288,-165.443679
2025-04-11T21:09:02Z,27.114285,-165.443681
2025-04-11T21:09:03Z,27.114282,-165.443683
2025-04-11T21:09:04Z,27.114280,-165.443685
2025-04-11T21:09:05Z,27.114279,-165.443688
2025-04-11T21:09:06Z,27.114279,-165.443691
2025-04-11T21:09:07Z,27.114279,-165.443694
2025-04-11T21:09:08Z,27.114279,-165.443698
2025-04-11T21:09:09Z,27.114278,-165.443701
2025-04-11T21:09:10Z,27.114278,-165.443705
2025-04-11T21:09:11Z,27.114278,-165.443708
2025-04-11T21:09:12Z,27.114278,-165.443711
2025-04-11T21:09:13Z,27.114276,-165.443709
2025-04-11T21:09:14Z,27.114273,-165.443705
2025-04-11T21:09:15Z,27.114270,-165.443701
2025-04-11T21:09:16Z,27.114267,-165.443697
2025-04-11T21:09:17Z,27.114264,-165.443693
2025-04-11T21:09:18Z,27.114261,-165.443689
2025-04-11T21:09:19Z,27.114258,-165.443685
2025-04-11T21:09:20Z,27.114255,-165.443681
2025-04-11T21:09:21Z,27.114256,-165.443683
2025-04-11T21:09:22Z,27.114258,-165.443686
2025-04-11T21:09:23Z,27.114260,-165.443689
2025-04-11T21:09:24Z,27.114262,-165.443693
2025-04-11T21:09:25Z,27.114264,-165.443696
2025-04-11T21:09:26Z,27.114265,-165.443699
2025-04-11T21:09:27Z,27.114267,-165.443703
2025-04-11T21:09:28Z,27.114269,-165.443706
2025-04-11T21:09:29Z,27.114278,-165.443704
2025-04-11T21:09:30Z,27.114287,-165.443703
2025-04-11T21:09:31Z,27.114296,-165.443701
2025-04-11T21:09:32Z,27.114305,-165.443700
2025-04-11T21:09:33Z,27.114314,-165.443698
2025-04-11T21:09:34Z,27.114323,-165.443696
2025-04-11T21:09:35Z,27.114332,-165.443695
2025-04-11T21:09:36Z,27.114341,-165.443693
2025-04-11T21:09:37Z,27.114342,-165.443697
2025-04-11T21:09:38Z,27.114342,-165.443701
2025-04-11T21:09:39Z,27.114342,-165.443705
2025-04-11T21:09:40Z,27.114341,-165.443710
2025-04-11T21:09:41Z,27.114341,-165.443714
2025-04-11T21:09:42Z,27.114341,-165.443718
2025-04-11T21:09:43Z,27.114341,-165.443723
2025-04-11T21:09:44Z,27.114339,-165.443726
2025-04-11T21:09:45Z,27.114332,-165.443725
2025-04-11T21:09:46Z,27.114324,-165.443723
2025-04-11T21:09:47Z,27.114317,-165.443722
2025-04-11T21:09:48Z,27.114309,-165.443721
2025-04-11T21:09:49Z,27.114302,-165.443720
2025-04-11T21:09:50Z,27.114294,-165.443719
2025-04-11T21:09:51Z,27.114287,-165.443718
2025-04-11T21:09:52Z,27.114282,-165.443716
2025-04-11T21:09:53Z,27.114283,-165.443714
2025-04-11T21:09:54Z,27.114284,-165.443711
2025-04-11T21:09:55Z,27.114285,-165.443709
2025-04-11T21:09:56Z,27.114285,-165.443706
2025-04-11T21:09:57Z,27.114286,-165.443703
2025-04-11T21:09:58Z,27.114287,-165.443701
2025-04-11T21:09:59Z,27.114288,-165.443698
2025-04-11T21:10:00Z,27.114288,-165.443698
2025-04-11T21:10:01Z,27.114286,-165.443699
2025-04-11T21:10:02Z,27.114285,-165.443701
2025-04-11T21:10:03Z,27.114284,-165.443703
2025-04-11T21:10:04Z,27.114283,-165.443704
2025-04-11T21:10:05Z,27.114282,-165.443706
2025-04-11T21:10:06Z,27.114281,-165.443708
2025-04-11T21:10:07Z,27.114280,-165.443709
2025-04-11T21:10:08Z,27.114276,-165.443708
2025-04-11T21:10:09Z,27.114271,-165.443704
2025-04-11T21:10:10Z,27.114265,-165.443700
2025-04-11T21:10:11Z,27.114260,-165.443696
2025-04-11T21:10:12Z,27.114254,-165.443692
2025-04-11T21:10:13Z,27.114249,-165.443688
2025-04-11T21:10:14Z,27.114244,-165.443684
2025-04-11T21:10:15Z,27.114238,-165.443681
2025-04-11T21:10:16Z,27.114237,-165.443672
2025-04-11T21:10:17Z,27.114238,-165.443661
2025-04-11T21:10:18Z,27.114240,-165.443650
2025-04-11T21:10:19Z,27.114241,-165.443639
2025-04-11T21:10:20Z,27.114242,-165.443628
2025-04-11T21:10:21Z,27.114244,-165.443617
2025-04-11T21:10:22Z,27.114245,-165.443606
2025-04-11T21:10:23Z,27.114246,-165.443595
2025-04-11T21:10:24Z,27.114249,-165.443592
2025-04-11T21:10:25Z,27.114252,-165.443595
2025-04-11T21:10:26Z,27.114256,-165.443599
2025-04-11T21:10:27Z,27.114259,-165.443602
2025-04-11T21:10:28Z,27.114262,-165.443606
2025-04-11T21:10:29Z,27.114266,-165.443609
2025-04-11T21:10:30Z,27.114269,-165.443613
2025-04-11T21:10:31Z,27.114272,-165.443616
2025-04-11T21:10:32Z,27.114271,-165.443615
2025-04-11T21:10:33Z,27.114267,-165.443613
2025-04-11T21:10:34Z,27.114264,-165.443611
2025-04-11T21:10:35Z,27.114261,-165.443608
2025-04-11T21:10:36Z,27.114258,-165.443606
2025-04-11T21:10:37Z,27.114255,-165.443604
2025-04-11T21:10:38Z,27.114252,-165.443602
2025-04-11T21:10:39Z,27.114248,-165.443599
2025-04-11T21:10:40Z,27.114252,-165.443596
2025-04-11T21:10:41Z,27.114256,-165.443593
2025-04-11T21:10:42Z,27.114260,-165.443590
2025-04-11T21:10:43Z,27.114265,-165.443587
2025-04-11T21:10:44Z,27.114269,-165.443584
2025-04-11T21:10:45Z,27.114273,-165.443581
2025-04-11T21:10:46Z,27.114277,-165.443578
2025-04-11T21:10:47Z,27.114282,-165.443575
2025-04-11T21:10:48Z,27.114280,-165.443564
2025-04-11T21:10:49Z,27.114278,-165.443552
2025-04-11T21:10:50Z,27.114275,-165.443540
2025-04-11T21:10:51Z,27.114273,-165.443527
2025-04-11T21:10:52Z,27.114271,-165.443515
2025-04-11T21:10:53Z,27.114268,-165.443503
2025-04-11T21:10:54Z,27.114266,-165.443490
2025-04-11T21:10:55Z,27.114264,-165.443482
2025-04-11T21:10:56Z,27.114264,-165.443492
2025-04-11T21:10:57Z,27.114264,-165.443502
2025-04-11T21:10:58Z,27.114264,-165.443512
2025-04-11T21:10:59Z,27.114264,-165.443522
2025-04-11T21:11:00Z,27.114264,-165.443532
2025-04-11T21:11:01Z,27.114265,-165.443542
2025-04-11T21:11:02Z,27.114265,-165.443552
2025-04-11T21:11:03Z,27.114265,-165.443562
2025-04-11T21:11:04Z,27.114265,-165.443572
2025-04-11T21:11:05Z,27.114265,-165.443583
2025-04-11T21:11:06Z,27.114265,-165.443593
2025-04-11T21:11:07Z,27.114265,-165.443603
2025-04-11T21:11:08Z,27.114265,-165.443613
2025-04-11T21:11:09Z,27.114265,-165.443623
2025-04-11T21:11:10Z,27.114265,-165.443633
2025-04-11T21:11:11Z,27.114266,-165.443643
2025-04-11T21:11:12Z,27.114266,-165.443653
2025-04-11T21:11:13Z,27.114266,-165.443663
2025-04-11T21:11:14Z,27.114266,-165.443673
2025-04-11T21:11:15Z,27.114266,-165.443683
2025-04-11T21:11:16Z,27.114266,-165.443694
2025-04-11T21:11:17Z,27.114268,-165.443694
2025-04-11T21:11:18Z,27.114272,-165.443688
2025-04-11T21:11:19Z,27.114276,-165.443683
2025-04-11T21:11:20Z,27.114280,-165.443678
2025-04-11T21:11:21Z,27.114284,-165.443672
2025-04-11T21:11:22Z,27.114287,-165.443667
2025-04-11T21:11:23Z,27.114291,-165.443662
2025-04-11T21:11:24Z,27.114295,-165.443656
2025-04-11T21:11:25Z,27.114285,-165.443658
2025-04-11T21:11:26Z,27.114274,-165.443660
2025-04-11T21:11:27Z,27.114264,-165.443662
2025-04-11T21:11:28Z,27.114254,-165.443664
2025-04-11T21:11:29Z,27.114243,-165.443665
2025-04-11T21:11:30Z,27.114233,-165.443667
2025-04-11T21:11:31Z,27.114222,-165.443669
2025-04-11T21:11:32Z,27.114213,-165.443671
2025-04-11T21:11:33Z,27.114217,-165.443673
2025-04-11T21:11:34Z,27.114221,-165.443674
2025-04-11T21:11:35Z,27.114225,-165.443676
2025-04-11T21:11:36Z,27.114229,-165.443677
2025-04-11T21:11:37Z,27.114233,-165.443679
2025-04-11T21:11:38Z,27.114237,-165.443680
2025-04-11T21:11:39Z,27.114241,-165.443682
2025-04-11T21:11:40Z,27.114244,-165.443682
2025-04-11T21:11:41Z,27.114244,-165.443677
2025-04-11T21:11:42Z,27.114243,-165.443671
2025-04-11T21:11:43Z,27.114243,-165.443665
2025-04-11T21:11:44Z,27.114243,-165.443659
2025-04-11T21:11:45Z,27.114242,-165.443654
2025-04-11T21:11:46Z,27.114242,-165.443648
2025-04-11T21:11:47Z,27.114242,-165.443642
2025-04-11T21:11:48Z,27.114241,-165.443637
2025-04-11T21:11:49Z,27.114241,-165.443631
2025-04-11T21:11:50Z,27.114241,-165.443625
2025-04-11T21:11:51Z,27.114240,-165.443619
2025-04-11T21:11:52Z,27.114240,-165.443614
2025-04-11T21:11:53Z,27.114240,-165.443608
2025-04-11T21:11:54Z,27.114239,-165.443602
2025-04-11T21:11:55Z,27.114239,-165.443596
2025-04-11T21:11:56Z,27.114239,-165.443591
2025-04-11T21:11:57Z,27.114238,-165.443585
2025-04-11T21:11:58Z,27.114238,-165.443579
2025-04-11T21:11:59Z,27.114238,-165.443573
2025-04-11T21:12:00Z,27.114237,-165.443568
2025-04-11T21:12:01Z,27.114237,-165.443562
2025-04-11T21:12:02Z,27.114240,-165.443561
2025-04-11T21:12:03Z,27.114248,-165.443565
2025-04-11T21:12:04Z,27.114255,-165.443569
2025-04-11T21:12:05Z,27.114263,-165.443573
2025-04-11T21:12:06Z,27.114270,-165.443577
2025-04-11T21:12:07Z,27.114277,-165.443581
2025-04-11T21:12:08Z,27.114285,-165.443585
2025-04-11T21:12:09Z,27.114292,-165.443589
2025-04-11T21:12:10Z,27.114300,-165.443593
2025-04-11T21:12:11Z,27.114307,-165.443596
2025-04-11T21:12:12Z,27.114314,-165.443600
2025-04-11T21:12:13Z,27.114322,-165.443604
2025-04-11T21:12:14Z,27.114329,-165.443608
2025-04-11T21:12:15Z,27.114337,-165.443612
2025-04-11T21:12:16Z,27.114344,-165.443616
2025-04-11T21:12:17Z,27.114351,-165.443620
2025-04-11T21:12:18Z,27.114359,-165.443624
2025-04-11T21:12:19Z,27.114366,-165.443628
2025-04-11T21:12:20Z,27.114374,-165.443632
2025-04-11T21:12:21Z,27.114381,-165.443636
2025-04-11T21:12:22Z,27.114388,-165.443640
2025-04-11T21:12:23Z,27.114387,-165.443646
2025-04-11T21:12:24Z,27.114377,-165.443655
2025-04-11T21:12:25Z,27.114367,-165.443664
2025-04-11T21:12:26Z,27.114357,-165.443673
2025-04-11T21:12:27Z,27.114347,-165.443682
2025-04-11T21:12:28Z,27.114337,-165.443691
2025-04-11T21:12:29Z,27.114327,-165.443700
2025-04-11T21:12:30Z,27.114317,-165.443708
2025-04-11T21:12:31Z,27.114316,-165.443708
2025-04-11T21:12:32Z,27.114319,-165.443705
2025-04-11T21:12:33Z,27.114322,-165.443701
2025-04-11T21:12:34Z,27.114325,-165.443698
2025-04-11T21:12:35Z,27.114328,-165.443694
2025-04-11T21:12:36Z,27.114331,-165.443691
2025-04-11T21:12:37Z,27.114334,-165.443687
2025-04-11T21:12:38Z,27.114337,-165.443684
2025-04-11T21:12:39Z,27.114340,-165.443680
2025-04-11T21:12:40Z,27.114343,-165.443676
2025-04-11T21:12:41Z,27.114346,-165.443673
2025-04-11T21:12:42Z,27.114349,-165.443669
2025-04-11T21:12:43Z,27.114352,-165.443666
2025-04-11T21:12:44Z,27.114354,-165.443662
2025-04-11T21:12:45Z,27.114357,-165.443659
2025-04-11T21:12:46Z,27.114360,-165.443655
2025-04-11T21:12:47Z,27.114363,-165.443651
2025-04-11T21:12:48Z,27.114366,-165.443648
2025-04-11T21:12:49Z,27.114369,-165.443644
2025-04-11T21:12:50Z,27.114372,-165.443641
2025-04-11T21:12:51Z,27.114375,-165.443637
2025-04-11T21:12:52Z,27.114374,-165.443634
2025-04-11T21:12:53Z,27.114364,-165.443630
2025-04-11T21:12:54Z,27.114355,-165.443627
2025-04-11T21:12:55Z,27.114346,-165.443624
2025-04-11T21:12:56Z,27.114337,-165.443621
2025-04-11T21:12:57Z,27.114328,-165.443617
2025-04-11T21:12:58Z,27.114319,-165.443614
2025-04-11T21:12:59Z,27.114309,-165.443611
2025-04-11T21:13:00Z,27.114303,-165.443609
2025-04-11T21:13:01Z,27.114309,-165.443612
2025-04-11T21:13:02Z,27.114316,-165.443615
2025-04-11T21:13:03Z,27.114322,-165.443618
2025-04-11T21:13:04Z,27.114328,-165.443621
2025-04-11T21:13:05Z,27.114334,-165.443624
2025-04-11T21:13:06Z,27.114341,-165.443627
2025-04-11T21:13:07Z,27.114347,-165.443630
2025-04-11T21:13:08Z,27.114353,-165.443633
2025-04-11T21:13:09Z,27.114356,-165.443635
2025-04-11T21:13:10Z,27.114357,-165.443638
2025-04-11T21:13:11Z,27.114357,-165.443641
2025-04-11T21:13:12Z,27.114358,-165.443643
2025-04-11T21:13:13Z,27.114358,-165.443646
2025-04-11T21:13:14Z,27.114359,-165.443648
2025-04-11T21:13:15Z,27.114360,-165.443651
2025-04-11T21:13:16Z,27.114360,-165.443654
2025-04-11T21:13:17Z,27.114361,-165.443656
2025-04-11T21:13:18Z,27.114361,-165.443659
2025-04-11T21:13:19Z,27.114362,-165.443661
2025-04-11T21:13:20Z,27.114362,-165.443664
2025-04-11T21:13:21Z,27.114363,-165.443667
2025-04-11T21:13:22Z,27.114363,-165.443669
2025-04-11T21:13:23Z,27.114364,-165.443672
2025-04-11T21:13:24Z,27.114364,-165.443674
2025-04-11T21:13:25Z,27.114365,-165.443677
2025-04-11T21:13:26Z,27.114365,-165.443680
2025-04-11T21:13:27Z,27.114366,-165.443682
2025-04-11T21:13:28Z,27.114367,-165.443685
2025-04-11T21:13:29Z,27.114365,-165.443685
2025-04-11T21:13:30Z,27.114353,-165.443671
2025-04-11T21:13:31Z,27.114342,-165.443657
2025-04-11T21:13:32Z,27.114330,-165.443643
2025-04-11T21:13:33Z,27.114318,-165.443629
2025-04-11T21:13:34Z,27.114306,-165.443615
2025-04-11T21:13:35Z,27.114294,-165.443601
2025-04-11T21:13:36Z,27.114282,-165.443588
2025-04-11T21:13:37Z,27.114273,-165.443578
2025-04-11T21:13:38Z,27.114274,-165.443584
2025-04-11T21:13:39Z,27.114275,-165.443590
2025-04-11T21:13:40Z,27.114275,-165.443597
2025-04-11T21:13:41Z,27.114276,-165.443603
2025-04-11T21:13:42Z,27.114277,-165.443609
2025-04-11T21:13:43Z,27.114277,-165.443615
2025-04-11T21:13:44Z,27.114278,-165.443621
2025-04-11T21:13:45Z,27.114279,-165.443627
2025-04-11T21:13:46Z,27.114279,-165.443633
2025-04-11T21:13:47Z,27.114280,-165.443639
2025-04-11T21:13:48Z,27.114281,-165.443645
2025-04-11T21:13:49Z,27.114282,-165.443651
2025-04-11T21:13:50Z,27.114282,-165.443657
2025-04-11T21:13:51Z,27.114283,-165.443663
2025-04-11T21:13:52Z,27.114284,-165.443669
2025-04-11T21:13:53Z,27.114284,-165.443675
2025-04-11T21:13:54Z,27.114285,-165.443681
2025-04-11T21:13:55Z,27.114286,-165.443687
2025-04-11T21:13:56Z,27.114286,-165.443693
2025-04-11T21:13:57Z,27.114287,-165.443699
2025-04-11T21:13:58Z,27.114288,-165.443705
2025-04-11T21:13:59Z,27.114288,-165.443703
2025-04-11T21:14:00Z,27.114288,-165.443699
2025-04-11T21:14:01Z,27.114288,-165.443695
2025-04-11T21:14:02Z,27.114288,-165.443692
2025-04-11T21:14:03Z,27.114288,-165.443688
2025-04-11T21:14:04Z,27.114288,-165.443684
2025-04-11T21:14:05Z,27.114288,-165.443680
2025-04-11T21:14:06Z,27.114288,-165.443676
2025-04-11T21:14:07Z,27.114294,-165.443678
2025-04-11T21:14:08Z,27.114300,-165.443680
2025-04-11T21:14:09Z,27.114307,-165.443682
2025-04-11T21:14:10Z,27.114313,-165.443684
2025-04-11T21:14:11Z,27.114320,-165.443686
2025-04-11T21:14:12Z,27.114326,-165.443688
2025-04-11T21:14:13Z,27.114333,-165.443690
2025-04-11T21:14:14Z,27.114339,-165.443690
2025-04-11T21:14:15Z,27.114342,-165.443668
2025-04-11T21:14:16Z,27.114344,-165.443645
2025-04-11T21:14:17Z,27.114346,-165.443623
2025-04-11T21:14:18Z,27.114349,-165.443600
2025-04-11T21:14:19Z,27.114351,-165.443578
2025-04-11T21:14:20Z,27.114354,-165.443555
2025-04-11T21:14:21Z,27.114356,-165.443533
2025-04-11T21:14:22Z,27.114357,-165.443515
2025-04-11T21:14:23Z,27.114348,-165.443528
2025-04-11T21:14:24Z,27.114338,-165.443542
2025-04-11T21:14:25Z,27.114329,-165.443555
2025-04-11T21:14:26Z,27.114320,-165.443569
2025-04-11T21:14:27Z,27.114311,-165.443583
2025-04-11T21:14:28Z,27.114302,-165.443596
2025-04-11T21:14:29Z,27.114292,-165.443610
2025-04-11T21:14:30Z,27.114288,-165.443616
2025-04-11T21:14:31Z,27.114292,-165.443611
2025-04-11T21:14:32Z,27.114295,-165.443606
2025-04-11T21:14:33Z,27.114299,-165.443601
2025-04-11T21:14:34Z,27.114302,-165.443596
2025-04-11T21:14:35Z,27.114305,-165.443591
2025-04-11T21:14:36Z,27.114309,-165.443586
2025-04-11T21:14:37Z,27.114312,-165.443581
2025-04-11T21:14:38Z,27.114316,-165.443579
2025-04-11T21:14:39Z,27.114319,-165.443582
2025-04-11T21:14:40Z,27.114322,-165.443585
2025-04-11T21:14:41Z,27.114325,-165.443588
2025-04-11T21:14:42Z,27.114329,-165.443591
2025-04-11T21:14:43Z,27.114332,-165.443594
2025-04-11T21:14:44Z,27.114335,-165.443597
2025-04-11T21:14:45Z,27.114339,-165.443600
2025-04-11T21:14:46Z,27.114338,-165.443600
2025-04-11T21:14:47Z,27.114335,-165.443600
2025-04-11T21:14:48Z,27.114331,-165.443599
2025-04-11T21:14:49Z,27.114328,-165.443598
2025-04-11T21:14:50Z,27.114324,-165.443597
2025-04-11T21:14:51Z,27.114321,-165.443596
2025-04-11T21:14:52Z,27.114317,-165.443595
2025-04-11T21:14:53Z,27.114314,-165.443594
2025-04-11T21:14:54Z,27.114316,-165.443600
2025-04-11T21:14:55Z,27.114320,-165.443609
2025-04-11T21:14:56Z,27.114325,-165.443617
2025-04-11T21:14:57Z,27.114329,-165.443626
2025-04-11T21:14:58Z,27.114333,-165.443635
2025-04-11T21:14:59Z,27.114338,-165.443644
2025-04-11T21:15:00Z,27.114342,-165.443652
2025-04-11T21:15:01Z,27.114347,-165.443661
2025-04-11T21:15:02Z,27.114348,-165.443664
2025-04-11T21:15:03Z,27.114348,-165.443663
2025-04-11T21:15:04Z,27.114348,-165.443663
2025-04-11T21:15:05Z,27.114348,-165.443663
2025-04-11T21:15:06Z,27.114349,-165.443662
2025-04-11T21:15:07Z,27.114349,-165.443662
2025-04-11T21:15:08Z,27.114349,-165.443661
2025-04-11T21:15:09Z,27.114349,-165.443661
2025-04-11T21:15:10Z,27.114348,-165.443658
2025-04-11T21:15:11Z,27.114348,-165.443654
2025-04-11T21:15:12Z,27.114347,-165.443651
2025-04-11T21:15:13Z,27.114346,-165.443647
2025-04-11T21:15:14Z,27.114345,-165.443643
2025-04-11T21:15:15Z,27.114344,-165.443639
2025-04-11T21:15:16Z,27.114344,-165.443635
2025-04-11T21:15:17Z,27.114343,-165.443631
2025-04-11T21:15:18Z,27.114342,-165.443628
2025-04-11T21:15:19Z,27.114341,-165.443624
2025-04-11T21:15:20Z,27.114341,-165.443620
2025-04-11T21:15:21Z,27.114340,-165.443616
2025-04-11T21:15:22Z,27.114339,-165.443612
2025-04-11T21:15:23Z,27.114338,-165.443609
2025-04-11T21:15:24Z,27.114337,-165.443605
2025-04-11T21:15:25Z,27.114337,-165.443601
2025-04-11T21:15:26Z,27.114336,-165.443597
2025-04-11T21:15:27Z,27.114335,-165.443593
2025-04-11T21:15:28Z,27.114334,-165.443589
2025-04-11T21:15:29Z,27.114333,-165.443586
2025-04-11T21:15:30Z,27.114333,-165.443582
2025-04-11T21:15:31Z,27.114333,-165.443580
2025-04-11T21:15:32Z,27.114336,-165.443583
2025-04-11T21:15:33Z,27.114339,-165.443586
2025-04-11T21:15:34Z,27.114342,-165.443589
2025-04-11T21:15:35Z,27.114345,-165.443592
2025-04-11T21:15:36Z,27.114348,-165.443595
2025-04-11T21:15:37Z,27.114351,-165.443598
2025-04-11T21:15:38Z,27.114354,-165.443601
2025-04-11T21:15:39Z,27.114357,-165.443604
2025-04-11T21:15:40Z,27.114360,-165.443607
2025-04-11T21:15:41Z,27.114363,-165.443610
2025-04-11T21:15:42Z,27.114366,-165.443613
2025-04-11T21:15:43Z,27.114369,-165.443616
2025-04-11T21:15:44Z,27.114372,-165.443619
2025-04-11T21:15:45Z,27.114375,-165.443622
2025-04-11T21:15:46Z,27.114378,-165.443624
2025-04-11T21:15:47Z,27.114381,-165.443627
2025-04-11T21:15:48Z,27.114384,-165.443630
2025-04-11T21:15:49Z,27.114387,-165.443633
2025-04-11T21:15:50Z,27.114390,-165.443636
2025-04-11T21:15:51Z,27.114393,-165.443639
2025-04-11T21:15:52Z,27.114396,-165.443641
2025-04-11T21:15:53Z,27.114396,-165.443638
2025-04-11T21:15:54Z,27.114395,-165.443634
2025-04-11T21:15:55Z,27.114395,-165.443630
2025-04-11T21:15:56Z,27.114394,-165.443626
2025-04-11T21:15:57Z,27.114394,-165.443622
2025-04-11T21:15:58Z,27.114394,-165.443618
2025-04-11T21:15:59Z,27.114393,-165.443614
2025-04-11T21:16:00Z,27.114393,-165.443612
2025-04-11T21:16:01Z,27.114389,-165.443623
2025-04-11T21:16:02Z,27.114385,-165.443634
2025-04-11T21:16:03Z,27.114382,-165.443645
2025-04-11T21:16:04Z,27.114378,-165.443656
2025-04-11T21:16:05Z,27.114375,-165.443667
2025-04-11T21:16:06Z,27.114371,-165.443678
2025-04-11T21:16:07Z,27.114368,-165.443689
2025-04-11T21:16:08Z,27.114365,-165.443695
2025-04-11T21:16:09Z,27.114364,-165.443686
2025-04-11T21:16:10Z,27.114363,-165.443677
2025-04-11T21:16:11Z,27.114362,-165.443669
2025-04-11T21:16:12Z,27.114361,-165.443660
2025-04-11T21:16:13Z,27.114360,-165.443651
2025-04-11T21:16:14Z,27.114360,-165.443643
2025-04-11T21:16:15Z,27.114359,-165.443634
2025-04-11T21:16:16Z,27.114357,-165.443626
2025-04-11T21:16:17Z,27.114355,-165.443617
2025-04-11T21:16:18Z,27.114352,-165.443609
2025-04-11T21:16:19Z,27.114350,-165.443601
2025-04-11T21:16:20Z,27.114347,-165.443592
2025-04-11T21:16:21Z,27.114345,-165.443584
2025-04-11T21:16:22Z,27.114342,-165.443575
2025-04-11T21:16:23Z,27.114340,-165.443567
2025-04-11T21:16:24Z,27.114338,-165.443567
2025-04-11T21:16:25Z,27.114340,-165.443578
2025-04-11T21:16:26Z,27.114341,-165.443590
2025-04-11T21:16:27Z,27.114342,-165.443601
2025-04-11T21:16:28Z,27.114344,-165.443613
2025-04-11T21:16:29Z,27.114345,-165.443624
2025-04-11T21:16:30Z,27.114346,-165.443636
2025-04-11T21:16:31Z,27.114347,-165.443647
2025-04-11T21:16:32Z,27.114349,-165.443651
2025-04-11T21:16:33Z,27.114353,-165.443645
2025-04-11T21:16:34Z,27.114356,-165.443638
2025-04-11T21:16:35Z,27.114360,-165.443632
2025-04-11T21:16:36Z,27.114363,-165.443625
2025-04-11T21:16:37Z,27.114366,-165.443618
2025-04-11T21:16:38Z,27.114370,-165.443612
2025-04-11T21:16:39Z,27.114373,-165.443605
2025-04-11T21:16:40Z,27.114374,-165.443601
2025-04-11T21:16:41Z,27.114373,-165.443598
2025-04-11T21:16:42Z,27.114372,-165.443596
2025-04-11T21:16:43Z,27.114371,-165.443594
2025-04-11T21:16:44Z,27.114370,-165.443591
2025-04-11T21:16:45Z,27.114369,-165.443589
2025-04-11T21:16:46Z,27.114368,-165.443586
2025-04-11T21:16:47Z,27.114367,-165.443584
2025-04-11T21:16:48Z,27.114366,-165.443582
2025-04-11T21:16:49Z,27.114365,-165.443579
2025-04-11T21:16:50Z,27.114364,-165.443577
2025-04-11T21:16:51Z,27.114363,-165.443574
2025-04-11T21:16:52Z,27.114362,-165.443572
2025-04-11T21:16:53Z,27.114361,-165.443569
2025-04-11T21:16:54Z,27.114360,-165.443567
2025-04-11T21:16:55Z,27.114359,-165.443565
2025-04-11T21:16:56Z,27.114358,-165.443562
2025-04-11T21:16:57Z,27.114357,-165.443560
2025-04-11T21:16:58Z,27.114356,-165.443557
2025-04-11T21:16:59Z,27.114355,-165.443555
2025-04-11T21:17:00Z,27.114354,-165.443553
2025-04-11T21:17:01Z,27.114355,-165.443553
2025-04-11T21:17:02Z,27.114362,-165.443558
2025-04-11T21:17:03Z,27.114369,-165.443564
2025-04-11T21:17:04Z,27.114376,-165.443570
2025-04-11T21:17:05Z,27.114382,-165.443575
2025-04-11T21:17:06Z,27.114389,-165.443581
2025-04-11T21:17:07Z,27.114396,-165.443586
2025-04-11T21:17:08Z,27.114403,-165.443592
2025-04-11T21:17:09Z,27.114407,-165.443599
2025-04-11T21:17:10Z,27.114405,-165.443613
2025-04-11T21:17:11Z,27.114402,-165.443626
2025-04-11T21:17:12Z,27.114400,-165.443639
2025-04-11T21:17:13Z,27.114398,-165.443652
2025-04-11T21:17:14Z,27.114395,-165.443666
2025-04-11T21:17:15Z,27.114393,-165.443679
2025-04-11T21:17:16Z,27.114390,-165.443692
2025-04-11T21:17:17Z,27.114388,-165.443702
2025-04-11T21:17:18Z,27.114384,-165.443709
2025-04-11T21:17:19Z,27.114381,-165.443716
2025-04-11T21:17:20Z,27.114378,-165.443722
2025-04-11T21:17:21Z,27.114375,-165.443729
2025-04-11T21:17:22Z,27.114372,-165.443736
2025-04-11T21:17:23Z,27.114368,-165.443743
2025-04-11T21:17:24Z,27.114365,-165.443749
2025-04-11T21:17:25Z,27.114367,-165.443747
2025-04-11T21:17:26Z,27.114373,-165.443740
2025-04-11T21:17:27Z,27.114378,-165.443732
2025-04-11T21:17:28Z,27.114384,-165.443724
2025-04-11T21:17:29Z,27.114389,-165.443716
2025-04-11T21:17:30Z,27.114395,-165.443709
2025-04-11T21:17:31Z,27.114400,-165.443701
2025-04-11T21:17:32Z,27.114406,-165.443693
2025-04-11T21:17:33Z,27.114412,-165.443684
2025-04-11T21:17:34Z,27.114419,-165.443674
2025-04-11T21:17:35Z,27.114426,-165.443663
2025-04-11T21:17:36Z,27.114433,-165.443653
2025-04-11T21:17:37Z,27.114440,-165.443643
2025-04-11T21:17:38Z,27.114447,-165.443633
2025-04-11T21:17:39Z,27.114454,-165.443622
2025-04-11T21:17:40Z,27.114460,-165.443612
2025-04-11T21:17:41Z,27.114458,-165.443619
2025-04-11T21:17:42Z,27.114445,-165.443643
2025-04-11T21:17:43Z,27.114432,-165.443667
2025-04-11T21:17:44Z,27.114419,-165.443690
2025-04-11T21:17:45Z,27.114406,-165.443714
2025-04-11T21:17:46Z,27.114393,-165.443738
2025-04-11T21:17:47Z,27.114380,-165.443762
2025-04-11T21:17:48Z,27.114368,-165.443786
2025-04-11T21:17:49Z,27.114373,-165.443781
2025-04-11T21:17:50Z,27.114383,-165.443768
2025-04-11T21:17:51Z,27.114392,-165.443756
2025-04-11T21:17:52Z,27.114402,-165.443743
2025-04-11T21:17:53Z,27.114412,-165.443731
2025-04-11T21:17:54Z,27.114422,-165.443718
2025-04-11T21:17:55Z,27.114431,-165.443706
2025-04-11T21:17:56Z,27.114441,-165.443693
2025-04-11T21:17:57Z,27.114434,-165.443678
2025-04-11T21:17:58Z,27.114423,-165.443661
2025-04-11T21:17:59Z,27.114411,-165.443645
2025-04-11T21:18:00Z,27.114400,-165.443629
2025-04-11T21:18:01Z,27.114389,-165.443612
2025-04-11T21:18:02Z,27.114378,-165.443596
2025-04-11T21:18:03Z,27.114366,-165.443580
2025-04-11T21:18:04Z,27.114358,-165.443567
2025-04-11T21:18:05Z,27.114363,-165.443571
2025-04-11T21:18:06Z,27.114367,-165.443575
2025-04-11T21:18:07Z,27.114372,-165.443579
2025-04-11T21:18:08Z,27.114377,-165.443583
2025-04-11T21:18:09Z,27.114382,-165.443587
2025-04-11T21:18:10Z,27.114386,-165.443591
2025-04-11T21:18:11Z,27.114391,-165.443595
2025-04-11T21:18:12Z,27.114395,-165.443596
2025-04-11T21:18:13Z,27.114396,-165.443582
2025-04-11T21:18:14Z,27.114397,-165.443568
2025-04-11T21:18:15Z,27.114397,-165.443555
2025-04-11T21:18:16Z,27.114398,-165.443541
2025-04-11T21:18:17Z,27.114399,-165.443527
2025-04-11T21:18:18Z,27.114400,-165.443513
2025-04-11T21:18:19Z,27.114400,-165.443500
2025-04-11T21:18:20Z,27.114401,-165.443490
2025-04-11T21:18:21Z,27.114401,-165.443492
2025-04-11T21:18:22Z,27.114401,-165.443494
2025-04-11T21:18:23Z,27.114401,-165.443495
2025-04-11T21:18:24Z,27.114401,-165.443497
2025-04-11T21:18:25Z,27.114401,-165.443498
2025-04-11T21:18:26Z,27.114401,-165.443500
2025-04-11T21:18:27Z,27.114401,-165.443501
2025-04-11T21:18:28Z,27.114401,-165.443503
2025-04-11T21:18:29Z,27.114401,-165.443504
2025-04-11T21:18:30Z,27.114401,-165.443506
2025-04-11T21:18:31Z,27.114401,-165.443507
2025-04-11T21:18:32Z,27.114401,-165.443509
2025-04-11T21:18:33Z,27.114401,-165.443511
2025-04-11T21:18:34Z,27.114401,-165.443512
2025-04-11T21:18:35Z,27.114401,-165.443514
2025-04-11T21:18:36Z,27.114401,-165.443515
2025-04-11T21:18:37Z,27.114401,-165.443517
2025-04-11T21:18:38Z,27.114401,-165.443518
2025-04-11T21:18:39Z,27.114401,-165.443520
2025-04-11T21:18:40Z,27.114401,-165.443521
2025-04-11T21:18:41Z,27.114401,-165.443523
2025-04-11T21:18:42Z,27.114399,-165.443525
2025-04-11T21:18:43Z,27.114396,-165.443527
2025-04-11T21:18:44Z,27.114394,-165.443529
2025-04-11T21:18:45Z,27.114392,-165.443531
2025-04-11T21:18:46Z,27.114389,-165.443534
2025-04-11T21:18:47Z,27.114387,-165.443536
2025-04-11T21:18:48Z,27.114384,-165.443538
2025-04-11T21:18:49Z,27.114382,-165.443540
2025-04-11T21:18:50Z,27.114380,-165.443542
2025-04-11T21:18:51Z,27.114377,-165.443544
2025-04-11T21:18:52Z,27.114375,-165.443546
2025-04-11T21:18:53Z,27.114373,-165.443549
2025-04-11T21:18:54Z,27.114370,-165.443551
2025-04-11T21:18:55Z,27.114368,-165.443553
2025-04-11T21:18:56Z,27.114365,-165.443555
2025-04-11T21:18:57Z,27.114363,-165.443557
2025-04-11T21:18:58Z,27.114361,-165.443559
2025-04-11T21:18:59Z,27.114358,-165.443561
2025-04-11T21:19:00Z,27.114356,-165.443564
2025-04-11T21:19:01Z,27.114354,-165.443566
2025-04-11T21:19:02Z,27.114351,-165.443568
2025-04-11T21:19:03Z,27.114350,-165.443568
2025-04-11T21:19:04Z,27.114349,-165.443567
2025-04-11T21:19:05Z,27.114348,-165.443566
2025-04-11T21:19:06Z,27.114348,-165.443564
2025-04-11T21:19:07Z,27.114347,-165.443563
2025-04-11T21:19:08Z,27.114346,-165.443562
2025-04-11T21:19:09Z,27.114345,-165.443560
2025-04-11T21:19:10Z,27.114345,-165.443559
2025-04-11T21:19:11Z,27.114344,-165.443557
2025-04-11T21:19:12Z,27.114343,-165.443556
2025-04-11T21:19:13Z,27.114343,-165.443555
2025-04-11T21:19:14Z,27.114342,-165.443553
2025-04-11T21:19:15Z,27.114341,-165.443552
2025-04-11T21:19:16Z,27.114341,-165.443551
2025-04-11T21:19:17Z,27.114340,-165.443549
2025-04-11T21:19:18Z,27.114339,-165.443548
2025-04-11T21:19:19Z,27.114338,-165.443547
2025-04-11T21:19:20Z,27.114338,-165.443545
2025-04-11T21:19:21Z,27.114337,-165.443544
2025-04-11T21:19:22Z,27.114336,-165.443542
2025-04-11T21:19:23Z,27.114336,-165.443541
2025-04-11T21:19:24Z,27.114336,-165.443540
2025-04-11T21:19:25Z,27.114339,-165.443540
2025-04-11T21:19:26Z,27.114342,-165.443540
2025-04-11T21:19:27Z,27.114346,-165.443540
2025-04-11T21:19:28Z,27.114349,-165.443540
2025-04-11T21:19:29Z,27.114352,-165.443540
2025-04-11T21:19:30Z,27.114356,-165.443540
2025-04-11T21:19:31Z,27.114359,-165.443540
2025-04-11T21:19:32Z,27.114362,-165.443540
2025-04-11T21:19:33Z,27.114366,-165.443540
2025-04-11T21:19:34Z,27.114369,-165.443540
2025-04-11T21:19:35Z,27.114372,-165.443539
2025-04-11T21:19:36Z,27.114376,-165.443539
2025-04-11T21:19:37Z,27.114379,-165.443539
2025-04-11T21:19:38Z,27.114382,-165.443539
2025-04-11T21:19:39Z,27.114386,-165.443539
2025-04-11T21:19:40Z,27.114389,-165.443539
2025-04-11T21:19:41Z,27.114392,-165.443539
2025-04-11T21:19:42Z,27.114396,-165.443539
2025-04-11T21:19:43Z,27.114399,-165.443539
2025-04-11T21:19:44Z,27.114402,-165.443539
2025-04-11T21:19:45Z,27.114406,-165.443539
2025-04-11T21:19:46Z,27.114405,-165.443540
2025-04-11T21:19:47Z,27.114405,-165.443541
2025-04-11T21:19:48Z,27.114404,-165.443542
2025-04-11T21:19:49Z,27.114404,-165.443543
2025-04-11T21:19:50Z,27.114403,-165.443544
2025-04-11T21:19:51Z,27.114403,-165.443545
2025-04-11T21:19:52Z,27.114402,-165.443545
2025-04-11T21:19:53Z,27.114402,-165.443546
2025-04-11T21:19:54Z,27.114401,-165.443547
2025-04-11T21:19:55Z,27.114400,-165.443548
2025-04-11T21:19:56Z,27.114400,-165.443549
2025-04-11T21:19:57Z,27.114399,-165.443550
2025-04-11T21:19:58Z,27.114399,-165.443551
2025-04-11T21:19:59Z,27.114398,-165.443552
2025-04-11T21:20:00Z,27.114398,-165.443553
2025-04-11T21:20:01Z,27.114397,-165.443554
2025-04-11T21:20:02Z,27.114396,-165.443555
2025-04-11T21:20:03Z,27.114396,-165.443556
2025-04-11T21:20:04Z,27.114395,-165.443557
2025-04-11T21:20:05Z,27.114395,-165.443558
2025-04-11T21:20:06Z,27.114394,-165.443559
2025-04-11T21:20:07Z,27.114395,-165.443547
2025-04-11T21:20:08Z,27.114398,-165.443527
2025-04-11T21:20:09Z,27.114400,-165.443506
2025-04-11T21:20:10Z,27.114403,-165.443486
2025-04-11T21:20:11Z,27.114405,-165.443466
2025-04-11T21:20:12Z,27.114408,-165.443445
2025-04-11T21:20:13Z,27.114410,-165.443425
2025-04-11T21:20:14Z,27.114412,-165.443410
2025-04-11T21:20:15Z,27.114411,-165.443415
2025-04-11T21:20:16Z,27.114410,-165.443420
2025-04-11T21:20:17Z,27.114409,-165.443424
2025-04-11T21:20:18Z,27.114408,-165.443429
2025-04-11T21:20:19Z,27.114407,-165.443434
2025-04-11T21:20:20Z,27.114406,-165.443439
2025-04-11T21:20:21Z,27.114404,-165.443443
2025-04-11T21:20:22Z,27.114403,-165.443448
2025-04-11T21:20:23Z,27.114402,-165.443453
2025-04-11T21:20:24Z,27.114401,-165.443458
2025-04-11T21:20:25Z,27.114400,-165.443463
2025-04-11T21:20:26Z,27.114399,-165.443467
2025-04-11T21:20:27Z,27.114398,-165.443472
2025-04-11T21:20:28Z,27.114397,-165.443477
2025-04-11T21:20:29Z,27.114396,-165.443482
2025-04-11T21:20:30Z,27.114395,-165.443486
2025-04-11T21:20:31Z,27.114394,-165.443491
2025-04-11T21:20:32Z,27.114393,-165.443496
2025-04-11T21:20:33Z,27.114392,-165.443501
2025-04-11T21:20:34Z,27.114391,-165.443505
2025-04-11T21:20:35Z,27.114390,-165.443510
2025-04-11T21:20:36Z,27.114387,-165.443507
2025-04-11T21:20:37Z,27.114385,-165.443505
2025-04-11T21:20:38Z,27.114382,-165.443502
2025-04-11T21:20:39Z,27.114379,-165.443499
2025-04-11T21:20:40Z,27.114377,-165.443497
2025-04-11T21:20:41Z,27.114374,-165.443494
2025-04-11T21:20:42Z,27.114371,-165.443491
2025-04-11T21:20:43Z,27.114377,-165.443497
2025-04-11T21:20:44Z,27.114384,-165.443503
2025-04-11T21:20:45Z,27.114392,-165.443509
2025-04-11T21:20:46Z,27.114399,-165.443515
2025-04-11T21:20:47Z,27.114406,-165.443522
2025-04-11T21:20:48Z,27.114413,-165.443528
2025-04-11T21:20:49Z,27.114420,-165.443534
2025-04-11T21:20:50Z,27.114427,-165.443540
2025-04-11T21:20:51Z,27.114434,-165.443547
2025-04-11T21:20:52Z,27.114441,-165.443553
2025-04-11T21:20:53Z,27.114448,-165.443559
2025-04-11T21:20:54Z,27.114455,-165.443565
2025-04-11T21:20:55Z,27.114462,-165.443572
2025-04-11T21:20:56Z,27.114469,-165.443578
2025-04-11T21:20:57Z,27.114477,-165.443584
2025-04-11T21:20:58Z,27.114484,-165.443590
2025-04-11T21:20:59Z,27.114491,-165.443596
2025-04-11T21:21:00Z,27.114498,-165.443603
2025-04-11T21:21:01Z,27.114505,-165.443609
2025-04-11T21:21:02Z,27.114512,-165.443615
2025-04-11T21:21:03Z,27.114519,-165.443621
2025-04-11T21:21:04Z,27.114514,-165.443627
2025-04-11T21:21:05Z,27.114501,-165.443631
2025-04-11T21:21:06Z,27.114488,-165.443636
2025-04-11T21:21:07Z,27.114476,-165.443640
2025-04-11T21:21:08Z,27.114463,-165.443645
2025-04-11T21:21:09Z,27.114450,-165.443650
2025-04-11T21:21:10Z,27.114437,-165.443654
2025-04-11T21:21:11Z,27.114424,-165.443659
2025-04-11T21:21:12Z,27.114417,-165.443650
2025-04-11T21:21:13Z,27.114412,-165.443636
2025-04-11T21:21:14Z,27.114407,-165.443622
2025-04-11T21:21:15Z,27.114402,-165.443608
2025-04-11T21:21:16Z,27.114397,-165.443594
2025-04-11T21:21:17Z,27.114392,-165.443579
2025-04-11T21:21:18Z,27.114387,-165.443565
2025-04-11T21:21:19Z,27.114382,-165.443551
2025-04-11T21:21:20Z,27.114379,-165.443548
2025-04-11T21:21:21Z,27.114377,-165.443549
2025-04-11T21:21:22Z,27.114375,-165.443549
2025-04-11T21:21:23Z,27.114373,-165.443550
2025-04-11T21:21:24Z,27.114371,-165.443550
2025-04-11T21:21:25Z,27.114369,-165.443551
2025-04-11T21:21:26Z,27.114366,-165.443551
2025-04-11T21:21:27Z,27.114364,-165.443552
2025-04-11T21:21:28Z,27.114362,-165.443552
2025-04-11T21:21:29Z,27.114360,-165.443553
2025-04-11T21:21:30Z,27.114358,-165.443553
2025-04-11T21:21:31Z,27.114356,-165.443554
2025-04-11T21:21:32Z,27.114353,-165.443554
2025-04-11T21:21:33Z,27.114351,-165.443554
2025-04-11T21:21:34Z,27.114349,-165.443555
2025-04-11T21:21:35Z,27.114347,-165.443555
2025-04-11T21:21:36Z,27.114345,-165.443556
2025-04-11T21:21:37Z,27.114343,-165.443556
2025-04-11T21:21:38Z,27.114341,-165.443557
2025-04-11T21:21:39Z,27.114338,-165.443557
2025-04-11T21:21:40Z,27.114336,-165.443558
2025-04-11T21:21:41Z,27.114331,-165.443559
2025-04-11T21:21:42Z,27.114321,-165.443561
2025-04-11T21:21:43Z,27.114312,-165.443564
2025-04-11T21:21:44Z,27.114302,-165.443566
2025-04-11T21:21:45Z,27.114292,-165.443568
2025-04-11T21:21:46Z,27.114283,-165.443571
2025-04-11T21:21:47Z,27.114273,-165.443573
2025-04-11T21:21:48Z,27.114264,-165.443575
2025-04-11T21:21:49Z,27.114257,-165.443574
2025-04-11T21:21:50Z,27.114256,-165.443566
2025-04-11T21:21:51Z,27.114255,-165.443557
2025-04-11T21:21:52Z,27.114254,-165.443548
2025-04-11T21:21:53Z,27.114253,-165.443540
2025-04-11T21:21:54Z,27.114252,-165.443531
2025-04-11T21:21:55Z,27.114251,-165.443523
2025-04-11T21:21:56Z,27.114251,-165.443514
2025-04-11T21:21:57Z,27.114252,-165.443508
2025-04-11T21:21:58Z,27.114257,-165.443506
2025-04-11T21:21:59Z,27.114262,-165.443505
2025-04-11T21:22:00Z,27.114267,-165.443503
2025-04-11T21:22:01Z,27.114272,-165.443501
2025-04-11T21:22:02Z,27.114277,-165.443499
2025-04-11T21:22:03Z,27.114282,-165.443497
2025-04-11T21:22:04Z,27.114287,-165.443495
2025-04-11T21:22:05Z,27.114292,-165.443493
2025-04-11T21:22:06Z,27.114297,-165.443492
2025-04-11T21:22:07Z,27.114302,-165.443490
2025-04-11T21:22:08Z,27.114307,-165.443488
2025-04-11T21:22:09Z,27.114312,-165.443486
2025-04-11T21:22:10Z,27.114310,-165.443485
2025-04-11T21:22:11Z,27.114307,-165.443484
2025-04-11T21:22:12Z,27.114305,-165.443483
2025-04-11T21:22:13Z,27.114302,-165.443482
2025-04-11T21:22:14Z,27.114300,-165.443481
2025-04-11T21:22:15Z,27.114297,-165.443480
2025-04-11T21:22:16Z,27.114295,-165.443479
2025-04-11T21:22:17Z,27.114292,-165.443478
2025-04-11T21:22:18Z,27.114289,-165.443477
2025-04-11T21:22:19Z,27.114287,-165.443476
2025-04-11T21:22:20Z,27.114284,-165.443475
2025-04-11T21:22:21Z,27.114282,-165.443474
2025-04-11T21:22:22Z,27.114279,-165.443473
2025-04-11T21:22:23Z,27.114277,-165.443472
2025-04-11T21:22:24Z,27.114274,-165.443471
2025-04-11T21:22:25Z,27.114272,-165.443470
2025-04-11T21:22:26Z,27.114269,-165.443469
2025-04-11T21:22:27Z,27.114267,-165.443468
2025-04-11T21:22:28Z,27.114264,-165.443467
2025-04-11T21:22:29Z,27.114262,-165.443466
2025-04-11T21:22:30Z,27.114259,-165.443465
2025-04-11T21:22:31Z,27.114258,-165.443464
2025-04-11T21:22:32Z,27.114259,-165.443463
2025-04-11T21:22:33Z,27.114260,-165.443462
2025-04-11T21:22:34Z,27.114261,-165.443461
2025-04-11T21:22:35Z,27.114262,-165.443459
2025-04-11T21:22:36Z,27.114263,-165.443458
2025-04-11T21:22:37Z,27.114264,-165.443457
2025-04-11T21:22:38Z,27.114265,-165.443456
2025-04-11T21:22:39Z,27.114271,-165.443459
2025-04-11T21:22:40Z,27.114281,-165.443467
2025-04-11T21:22:41Z,27.114291,-165.443475
2025-04-11T21:22:42Z,27.114300,-165.443482
2025-04-11T21:22:43Z,27.114310,-165.443490
2025-04-11T21:22:44Z,27.114320,-165.443497
2025-04-11T21:22:45Z,27.114330,-165.443505
2025-04-11T21:22:46Z,27.114340,-165.443512
2025-04-11T21:22:47Z,27.114345,-165.443512
2025-04-11T21:22:48Z,27.114348,-165.443508
2025-04-11T21:22:49Z,27.114350,-165.443505
2025-04-11T21:22:50Z,27.114353,-165.443501
2025-04-11T21:22:51Z,27.114356,-165.443497
2025-04-11T21:22:52Z,27.114359,-165.443493
2025-04-11T21:22:53Z,27.114362,-165.443489
2025-04-11T21:22:54Z,27.114364,-165.443485
2025-04-11T21:22:55Z,27.114359,-165.443486
2025-04-11T21:22:56Z,27.114351,-165.443488
2025-04-11T21:22:57Z,27.114343,-165.443490
2025-04-11T21:22:58Z,27.114335,-165.443492
2025-04-11T21:22:59Z,27.114327,-165.443494
2025-04-11T21:23:00Z,27.114319,-165.443496
2025-04-11T21:23:01Z,27.114311,-165.443498
2025-04-11T21:23:02Z,27.114303,-165.443500
2025-04-11T21:23:03Z,27.114306,-165.443495
2025-04-11T21:23:04Z,27.114310,-165.443489
2025-04-11T21:23:05Z,27.114314,-165.443484
2025-04-11T21:23:06Z,27.114319,-165.443478
2025-04-11T21:23:07Z,27.114323,-165.443472
2025-04-11T21:23:08Z,27.114328,-165.443466
2025-04-11T21:23:09Z,27.114332,-165.443460
2025-04-11T21:23:10Z,27.114335,-165.443455
2025-04-11T21:23:11Z,27.114327,-165.443460
2025-04-11T21:23:12Z,27.114319,-165.443465
2025-04-11T21:23:13Z,27.114311,-165.443470
2025-04-11T21:23:14Z,27.114303,-165.443474
2025-04-11T21:23:15Z,27.114295,-165.443479
2025-04-11T21:23:16Z,27.114287,-165.443484
2025-04-11T21:23:17Z,27.114279,-165.443488
2025-04-11T21:23:18Z,27.114271,-165.443493
2025-04-11T21:23:19Z,27.114277,-165.443491
2025-04-11T21:23:20Z,27.114283,-165.443490
2025-04-11T21:23:21Z,27.114288,-165.443488
2025-04-11T21:23:22Z,27.114294,-165.443486
2025-04-11T21:23:23Z,27.114300,-165.443485
2025-04-11T21:23:24Z,27.114306,-165.443483
2025-04-11T21:23:25Z,27.114312,-165.443481
2025-04-11T21:23:26Z,27.114317,-165.443481
2025-04-11T21:23:27Z,27.114319,-165.443487
2025-04-11T21:23:28Z,27.114322,-165.443493
2025-04-11T21:23:29Z,27.114325,-165.443498
2025-04-11T21:23:30Z,27.114328,-165.443504
2025-04-11T21:23:31Z,27.114331,-165.443510
2025-04-11T21:23:32Z,27.114333,-165.443515
2025-04-11T21:23:33Z,27.114336,-165.443521
2025-04-11T21:23:34Z,27.114339,-165.443525
2025-04-11T21:23:35Z,27.114341,-165.443523
2025-04-11T21:23:36Z,27.114343,-165.443522
2025-04-11T21:23:37Z,27.114345,-165.443521
2025-04-11T21:23:38Z,27.114347,-165.443520
2025-04-11T21:23:39Z,27.114349,-165.443518
2025-04-11T21:23:40Z,27.114351,-165.443517
2025-04-11T21:23:41Z,27.114353,-165.443516
2025-04-11T21:23:42Z,27.114355,-165.443514
2025-04-11T21:23:43Z,27.114357,-165.443513
2025-04-11T21:23:44Z,27.114359,-165.443512
2025-04-11T21:23:45Z,27.114361,-165.443511
2025-04-11T21:23:46Z,27.114363,-165.443509
2025-04-11T21:23:47Z,27.114366,-165.443508
2025-04-11T21:23:48Z,27.114368,-165.443507
2025-04-11T21:23:49Z,27.114370,-165.443506
2025-04-11T21:23:50Z,27.114372,-165.443504
2025-04-11T21:23:51Z,27.114374,-165.443503
2025-04-11T21:23:52Z,27.114376,-165.443502
2025-04-11T21:23:53Z,27.114378,-165.443501
2025-04-11T21:23:54Z,27.114380,-165.443499
2025-04-11T21:23:55Z,27.114382,-165.443498
2025-04-11T21:23:56Z,27.114385,-165.443503
2025-04-11T21:23:57Z,27.114388,-165.443508
2025-04-11T21:23:58Z,27.114391,-165.443514
2025-04-11T21:23:59Z,27.114395,-165.443519
2025-04-11T21:24:00Z,27.114398,-165.443524
2025-04-11T21:24:01Z,27.114401,-165.443529
2025-04-11T21:24:02Z,27.114404,-165.443534
2025-04-11T21:24:03Z,27.114407,-165.443539
2025-04-11T21:24:04Z,27.114403,-165.443528
2025-04-11T21:24:05Z,27.114399,-165.443518
2025-04-11T21:24:06Z,27.114395,-165.443507
2025-04-11T21:24:07Z,27.114391,-165.443497
2025-04-11T21:24:08Z,27.114387,-165.443486
2025-04-11T21:24:09Z,27.114383,-165.443476
2025-04-11T21:24:10Z,27.114379,-165.443465
2025-04-11T21:24:11Z,27.114375,-165.443455
2025-04-11T21:24:12Z,27.114373,-165.443448
2025-04-11T21:24:13Z,27.114371,-165.443441
2025-04-11T21:24:14Z,27.114368,-165.443434
2025-04-11T21:24:15Z,27.114366,-165.443426
2025-04-11T21:24:16Z,27.114364,-165.443419
2025-04-11T21:24:17Z,27.114362,-165.443412
2025-04-11T21:24:18Z,27.114360,-165.443405
2025-04-11T21:24:19Z,27.114358,-165.443399
2025-04-11T21:24:20Z,27.114358,-165.443406
2025-04-11T21:24:21Z,27.114358,-165.443414
2025-04-11T21:24:22Z,27.114359,-165.443422
2025-04-11T21:24:23Z,27.114359,-165.443430
2025-04-11T21:24:24Z,27.114359,-165.443438
2025-04-11T21:24:25Z,27.114359,-165.443446
2025-04-11T21:24:26Z,27.114360,-165.443454
2025-04-11T21:24:27Z,27.114360,-165.443461
2025-04-11T21:24:28Z,27.114360,-165.443469
2025-04-11T21:24:29Z,27.114360,-165.443477
2025-04-11T21:24:30Z,27.114361,-165.443485
2025-04-11T21:24:31Z,27.114361,-165.443493
2025-04-11T21:24:32Z,27.114361,-165.443501
2025-04-11T21:24:33Z,27.114361,-165.443509
2025-04-11T21:24:34Z,27.114362,-165.443516
2025-04-11T21:24:35Z,27.114362,-165.443524
2025-04-11T21:24:36Z,27.114362,-165.443532
2025-04-11T21:24:37Z,27.114362,-165.443540
2025-04-11T21:24:38Z,27.114362,-165.443548
2025-04-11T21:24:39Z,27.114363,-165.443556
2025-04-11T21:24:40Z,27.114363,-165.443564
2025-04-11T21:24:41Z,27.114360,-165.443562
2025-04-11T21:24:42Z,27.114356,-165.443559
2025-04-11T21:24:43Z,27.114353,-165.443556
2025-04-11T21:24:44Z,27.114349,-165.443553
2025-04-11T21:24:45Z,27.114345,-165.443549
2025-04-11T21:24:46Z,27.114342,-165.443546
2025-04-11T21:24:47Z,27.114338,-165.443543
2025-04-11T21:24:48Z,27.114335,-165.443540
2025-04-11T21:24:49Z,27.114335,-165.443538
2025-04-11T21:24:50Z,27.114337,-165.443536
2025-04-11T21:24:51Z,27.114339,-165.443535
2025-04-11T21:24:52Z,27.114340,-165.443534
2025-04-11T21:24:53Z,27.114342,-165.443532
2025-04-11T21:24:54Z,27.114344,-165.443531
2025-04-11T21:24:55Z,27.114345,-165.443529
2025-04-11T21:24:56Z,27.114347,-165.443528
2025-04-11T21:24:57Z,27.114343,-165.443531
2025-04-11T21:24:58Z,27.114340,-165.443534
2025-04-11T21:24:59Z,27.114336,-165.443537
2025-04-11T21:25:00Z,27.114332,-165.443541
2025-04-11T21:25:01Z,27.114329,-165.443544
2025-04-11T21:25:02Z,27.114325,-165.443547
2025-04-11T21:25:03Z,27.114321,-165.443550
2025-04-11T21:25:04Z,27.114318,-165.443553
2025-04-11T21:25:05Z,27.114321,-165.443555
2025-04-11T21:25:06Z,27.114324,-165.443558
2025-04-11T21:25:07Z,27.114327,-165.443560
2025-04-11T21:25:08Z,27.114331,-165.443562
2025-04-11T21:25:09Z,27.114334,-165.443564
2025-04-11T21:25:10Z,27.114337,-165.443566
2025-04-11T21:25:11Z,27.114340,-165.443568
2025-04-11T21:25:12Z,27.114342,-165.443570
2025-04-11T21:25:13Z,27.114341,-165.443570
2025-04-11T21:25:14Z,27.114340,-165.443570
2025-04-11T21:25:15Z,27.114340,-165.443569
2025-04-11T21:25:16Z,27.114339,-165.443569
2025-04-11T21:25:17Z,27.114338,-165.443569
2025-04-11T21:25:18Z,27.114337,-165.443569
2025-04-11T21:25:19Z,27.114337,-165.443569
2025-04-11T21:25:20Z,27.114336,-165.443568
2025-04-11T21:25:21Z,27.114335,-165.443568
2025-04-11T21:25:22Z,27.114335,-165.443568
2025-04-11T21:25:23Z,27.114334,-165.443568
2025-04-11T21:25:24Z,27.114333,-165.443567
2025-04-11T21:25:25Z,27.114332,-165.443567
2025-04-11T21:25:26Z,27.114332,-165.443567
2025-04-11T21:25:27Z,27.114331,-165.443567
2025-04-11T21:25:28Z,27.114330,-165.443567
2025-04-11T21:25:29Z,27.114330,-165.443566
2025-04-11T21:25:30Z,27.114329,-165.443566
2025-04-11T21:25:31Z,27.114328,-165.443566
2025-04-11T21:25:32Z,27.114327,-165.443566
2025-04-11T21:25:33Z,27.114327,-165.443566
2025-04-11T21:25:34Z,27.114326,-165.443565
2025-04-11T21:25:35Z,27.114325,-165.443565
2025-04-11T21:25:36Z,27.114325,-165.443565
2025-04-11T21:25:37Z,27.114324,-165.443565
2025-04-11T21:25:38Z,27.114323,-165.443565
2025-04-11T21:25:39Z,27.114322,-165.443564
2025-04-11T21:25:40Z,27.114322,-165.443564
2025-04-11T21:25:41Z,27.114321,-165.443564
2025-04-11T21:25:42Z,27.114324,-165.443559
2025-04-11T21:25:43Z,27.114327,-165.443555
2025-04-11T21:25:44Z,27.114330,-165.443550
2025-04-11T21:25:45Z,27.114333,-165.443546
2025-04-11T21:25:46Z,27.114336,-165.443541
2025-04-11T21:25:47Z,27.114339,-165.443537
2025-04-11T21:25:48Z,27.114342,-165.443533
2025-04-11T21:25:49Z,27.114345,-165.443528
2025-04-11T21:25:50Z,27.114347,-165.443522
2025-04-11T21:25:51Z,27.114350,-165.443516
2025-04-11T21:25:52Z,27.114353,-165.443510
2025-04-11T21:25:53Z,27.114356,-165.443503
2025-04-11T21:25:54Z,27.114359,-165.443497
2025-04-11T21:25:55Z,27.114362,-165.443491
2025-04-11T21:25:56Z,27.114365,-165.443485
2025-04-11T21:25:57Z,27.114366,-165.443480
2025-04-11T21:25:58Z,27.114358,-165.443480
2025-04-11T21:25:59Z,27.114350,-165.443480
2025-04-11T21:26:00Z,27.114341,-165.443480
2025-04-11T21:26:01Z,27.114333,-165.443479
2025-04-11T21:26:02Z,27.114325,-165.443479
2025-04-11T21:26:03Z,27.114317,-165.443479
2025-04-11T21:26:04Z,27.114309,-165.443479
2025-04-11T21:26:05Z,27.114302,-165.443478
2025-04-11T21:26:06Z,27.114300,-165.443475
2025-04-11T21:26:07Z,27.114299,-165.443471
2025-04-11T21:26:08Z,27.114298,-165.443468
2025-04-11T21:26:09Z,27.114296,-165.443465
2025-04-11T21:26:10Z,27.114295,-165.443461
2025-04-11T21:26:11Z,27.114293,-165.443458
2025-04-11T21:26:12Z,27.114292,-165.443454
2025-04-11T21:26:13Z,27.114292,-165.443451
2025-04-11T21:26:14Z,27.114294,-165.443448
2025-04-11T21:26:15Z,27.114296,-165.443445
2025-04-11T21:26:16Z,27.114298,-165.443442
2025-04-11T21:26:17Z,27.114301,-165.443439
2025-04-11T21:26:18Z,27.114303,-165.443436
2025-04-11T21:26:19Z,27.114305,-165.443433
2025-04-11T21:26:20Z,27.114307,-165.443430
2025-04-11T21:26:21Z,27.114308,-165.443427
2025-04-11T21:26:22Z,27.114308,-165.443425
2025-04-11T21:26:23Z,27.114309,-165.443423
2025-04-11T21:26:24Z,27.114309,-165.443420
2025-04-11T21:26:25Z,27.114309,-165.443418
2025-04-11T21:26:26Z,27.114309,-165.443416
2025-04-11T21:26:27Z,27.114310,-165.443413
2025-04-11T21:26:28Z,27.114310,-165.443411
2025-04-11T21:26:29Z,27.114309,-165.443409
2025-04-11T21:26:30Z,27.114306,-165.443407
2025-04-11T21:26:31Z,27.114304,-165.443405
2025-04-11T21:26:32Z,27.114301,-165.443403
2025-04-11T21:26:33Z,27.114298,-165.443401
2025-04-11T21:26:34Z,27.114296,-165.443399
2025-04-11T21:26:35Z,27.114293,-165.443397
2025-04-11T21:26:36Z,27.114291,-165.443394
2025-04-11T21:26:37Z,27.114290,-165.443397
2025-04-11T21:26:38Z,27.114289,-165.443402
2025-04-11T21:26:39Z,27.114289,-165.443406
2025-04-11T21:26:40Z,27.114288,-165.443410
2025-04-11T21:26:41Z,27.114288,-165.443415
2025-04-11T21:26:42Z,27.114287,-165.443419
2025-04-11T21:26:43Z,27.114287,-165.443424
2025-04-11T21:26:44Z,27.114286,-165.443428
2025-04-11T21:26:45Z,27.114287,-165.443427
2025-04-11T21:26:46Z,27.114289,-165.443426
2025-04-11T21:26:47Z,27.114290,-165.443424
2025-04-11T21:26:48Z,27.114292,-165.443422
2025-04-11T21:26:49Z,27.114293,-165.443420
2025-04-11T21:26:50Z,27.114295,-165.443418
2025-04-11T21:26:51Z,27.114296,-165.443416
2025-04-11T21:26:52Z,27.114298,-165.443414
2025-04-11T21:26:53Z,27.114299,-165.443412
2025-04-11T21:26:54Z,27.114301,-165.443410
2025-04-11T21:26:55Z,27.114302,-165.443408
2025-04-11T21:26:56Z,27.114304,-165.443406
2025-04-11T21:26:57Z,27.114305,-165.443404
2025-04-11T21:26:58Z,27.114307,-165.443402
2025-04-11T21:26:59Z,27.114308,-165.443400
2025-04-11T21:27:00Z,27.114310,-165.443398
2025-04-11T21:27:01Z,27.114311,-165.443396
2025-04-11T21:27:02Z,27.114313,-165.443394
2025-04-11T21:27:03Z,27.114314,-165.443392
2025-04-11T21:27:04Z,27.114316,-165.443390
2025-04-11T21:27:05Z,27.114317,-165.443388
2025-04-11T21:27:06Z,27.114320,-165.443388
2025-04-11T21:27:07Z,27.114324,-165.443391
2025-04-11T21:27:08Z,27.114328,-165.443394
2025-04-11T21:27:09Z,27.114332,-165.443397
2025-04-11T21:27:10Z,27.114336,-165.443400
2025-04-11T21:27:11Z,27.114341,-165.443403
2025-04-11T21:27:12Z,27.114345,-165.443406
2025-04-11T21:27:13Z,27.114349,-165.443409
2025-04-11T21:27:14Z,27.114354,-165.443415
2025-04-11T21:27:15Z,27.114361,-165.443423
2025-04-11T21:27:16Z,27.114367,-165.443432
2025-04-11T21:27:17Z,27.114374,-165.443440
2025-04-11T21:27:18Z,27.114380,-165.443448
2025-04-11T21:27:19Z,27.114387,-165.443456
2025-04-11T21:27:20Z,27.114393,-165.443465
2025-04-11T21:27:21Z,27.114400,-165.443473
2025-04-11T21:27:22Z,27.114405,-165.443480
2025-04-11T21:27:23Z,27.114410,-165.443487
2025-04-11T21:27:24Z,27.114415,-165.443494
2025-04-11T21:27:25Z,27.114420,-165.443501
2025-04-11T21:27:26Z,27.114425,-165.443508
2025-04-11T21:27:27Z,27.114429,-165.443515
2025-04-11T21:27:28Z,27.114434,-165.443522
2025-04-11T21:27:29Z,27.114439,-165.443529
2025-04-11T21:27:30Z,27.114437,-165.443532
2025-04-11T21:27:31Z,27.114431,-165.443533
2025-04-11T21:27:32Z,27.114426,-165.443534
2025-04-11T21:27:33Z,27.114420,-165.443536
2025-04-11T21:27:34Z,27.114414,-165.443537
2025-04-11T21:27:35Z,27.114408,-165.443538
2025-04-11T21:27:36Z,27.114402,-165.443539
2025-04-11T21:27:37Z,27.114397,-165.443541
2025-04-11T21:27:38Z,27.114400,-165.443538
2025-04-11T21:27:39Z,27.114407,-165.443533
2025-04-11T21:27:40Z,27.114413,-165.443528
2025-04-11T21:27:41Z,27.114420,-165.443523
2025-04-11T21:27:42Z,27.114427,-165.443519
2025-04-11T21:27:43Z,27.114434,-165.443514
2025-04-11T21:27:44Z,27.114440,-165.443509
2025-04-11T21:27:45Z,27.114447,-165.443505
2025-04-11T21:27:46Z,27.114449,-165.443500
2025-04-11T21:27:47Z,27.114451,-165.443495
2025-04-11T21:27:48Z,27.114453,-165.443490
2025-04-11T21:27:49Z,27.114454,-165.443485
2025-04-11T21:27:50Z,27.114456,-165.443480
2025-04-11T21:27:51Z,27.114458,-165.443476
2025-04-11T21:27:52Z,27.114459,-165.443471
2025-04-11T21:27:53Z,27.114461,-165.443466
2025-04-11T21:27:54Z,27.114458,-165.443464
2025-04-11T21:27:55Z,27.114455,-165.443462
2025-04-11T21:27:56Z,27.114452,-165.443460
2025-04-11T21:27:57Z,27.114449,-165.443458
2025-04-11T21:27:58Z,27.114446,-165.443457
2025-04-11T21:27:59Z,27.114443,-165.443455
2025-04-11T21:28:00Z,27.114440,-165.443453
2025-04-11T21:28:01Z,27.114437,-165.443451
2025-04-11T21:28:02Z,27.114438,-165.443452
2025-04-11T21:28:03Z,27.114440,-165.443453
2025-04-11T21:28:04Z,27.114441,-165.443454
2025-04-11T21:28:05Z,27.114442,-165.443455
2025-04-11T21:28:06Z,27.114443,-165.443456
2025-04-11T21:28:07Z,27.114445,-165.443457
2025-04-11T21:28:08Z,27.114446,-165.443458
2025-04-11T21:28:09Z,27.114447,-165.443459
2025-04-11T21:28:10Z,27.114449,-165.443460
2025-04-11T21:28:11Z,27.114450,-165.443461
2025-04-11T21:28:12Z,27.114451,-165.443462
2025-04-11T21:28:13Z,27.114452,-165.443463
2025-04-11T21:28:14Z,27.114454,-165.443464
2025-04-11T21:28:15Z,27.114455,-165.443465
2025-04-11T21:28:16Z,27.114456,-165.443466
2025-04-11T21:28:17Z,27.114457,-165.443467
2025-04-11T21:28:18Z,27.114459,-165.443468
2025-04-11T21:28:19Z,27.114460,-165.443469
2025-04-11T21:28:20Z,27.114461,-165.443470
2025-04-11T21:28:21Z,27.114462,-165.443471
2025-04-11T21:28:22Z,27.114464,-165.443472
2025-04-11T21:28:23Z,27.114466,-165.443479
2025-04-11T21:28:24Z,27.114467,-165.443487
2025-04-11T21:28:25Z,27.114469,-165.443496
2025-04-11T21:28:26Z,27.114471,-165.443504
2025-04-11T21:28:27Z,27.114473,-165.443512
2025-04-11T21:28:28Z,27.114475,-165.443521
2025-04-11T21:28:29Z,27.114477,-165.443529
2025-04-11T21:28:30Z,27.114479,-165.443537
2025-04-11T21:28:31Z,27.114475,-165.443535
2025-04-11T21:28:32Z,27.114470,-165.443532
2025-04-11T21:28:33Z,27.114466,-165.443529
2025-04-11T21:28:34Z,27.114461,-165.443526
2025-04-11T21:28:35Z,27.114457,-165.443523
2025-04-11T21:28:36Z,27.114453,-165.443520
2025-04-11T21:28:37Z,27.114448,-165.443517
2025-04-11T21:28:38Z,27.114444,-165.443514
2025-04-11T21:28:39Z,27.114443,-165.443514
2025-04-11T21:28:40Z,27.114443,-165.443515
2025-04-11T21:28:41Z,27.114443,-165.443515
2025-04-11T21:28:42Z,27.114443,-165.443516
2025-04-11T21:28:43Z,27.114442,-165.443516
2025-04-11T21:28:44Z,27.114442,-165.443517
2025-04-11T21:28:45Z,27.114442,-165.443518
2025-04-11T21:28:46Z,27.114442,-165.443518
2025-04-11T21:28:47Z,27.114444,-165.443505
2025-04-11T21:28:48Z,27.114445,-165.443492
2025-04-11T21:28:49Z,27.114447,-165.443479
2025-04-11T21:28:50Z,27.114449,-165.443466
2025-04-11T21:28:51Z,27.114450,-165.443453
2025-04-11T21:28:52Z,27.114452,-165.443441
2025-04-11T21:28:53Z,27.114454,-165.443428
2025-04-11T21:28:54Z,27.114455,-165.443416
2025-04-11T21:28:55Z,27.114456,-165.443418
2025-04-11T21:28:56Z,27.114456,-165.443420
2025-04-11T21:28:57Z,27.114457,-165.443423
2025-04-11T21:28:58Z,27.114457,-165.443425
2025-04-11T21:28:59Z,27.114458,-165.443427
2025-04-11T21:29:00Z,27.114458,-165.443429
2025-04-11T21:29:01Z,27.114459,-165.443431
2025-04-11T21:29:02Z,27.114460,-165.443433
2025-04-11T21:29:03Z,27.114460,-165.443435
2025-04-11T21:29:04Z,27.114461,-165.443437
2025-04-11T21:29:05Z,27.114461,-165.443439
2025-04-11T21:29:06Z,27.114462,-165.443442
2025-04-11T21:29:07Z,27.114462,-165.443444
2025-04-11T21:29:08Z,27.114463,-165.443446
2025-04-11T21:29:09Z,27.114464,-165.443448
2025-04-11T21:29:10Z,27.114464,-165.443450
2025-04-11T21:29:11Z,27.114465,-165.443452
2025-04-11T21:29:12Z,27.114465,-165.443454
2025-04-11T21:29:13Z,27.114466,-165.443456
2025-04-11T21:29:14Z,27.114466,-165.443459
2025-04-11T21:29:15Z,27.114467,-165.443461
2025-04-11T21:29:16Z,27.114470,-165.443461
2025-04-11T21:29:17Z,27.114473,-165.443462
2025-04-11T21:29:18Z,27.114477,-165.443462
2025-04-11T21:29:19Z,27.114480,-165.443462
2025-04-11T21:29:20Z,27.114484,-165.443463
2025-04-11T21:29:21Z,27.114487,-165.443463
2025-04-11T21:29:22Z,27.114491,-165.443464
2025-04-11T21:29:23Z,27.114494,-165.443464
2025-04-11T21:29:24Z,27.114496,-165.443464
2025-04-11T21:29:25Z,27.114497,-165.443464
2025-04-11T21:29:26Z,27.114498,-165.443464
2025-04-11T21:29:27Z,27.114499,-165.443464
2025-04-11T21:29:28Z,27.114500,-165.443463
2025-04-11T21:29:29Z,27.114501,-165.443463
2025-04-11T21:29:30Z,27.114503,-165.443463
2025-04-11T21:29:31Z,27.114504,-165.443463
2025-04-11T21:29:32Z,27.114503,-165.443469
2025-04-11T21:29:33Z,27.114501,-165.443477
2025-04-11T21:29:34Z,27.114499,-165.443485
2025-04-11T21:29:35Z,27.114497,-165.443492
2025-04-11T21:29:36Z,27.114495,-165.443500
2025-04-11T21:29:37Z,27.114494,-165.443508
2025-04-11T21:29:38Z,27.114492,-165.443516
2025-04-11T21:29:39Z,27.114490,-165.443524
2025-04-11T21:29:40Z,27.114490,-165.443521
2025-04-11T21:29:41Z,27.114491,-165.443517
2025-04-11T21:29:42Z,27.114491,-165.443513
2025-04-11T21:29:43Z,27.114491,-165.443510
2025-04-11T21:29:44Z,27.114491,-165.443506
2025-04-11T21:29:45Z,27.114492,-165.443503
2025-04-11T21:29:46Z,27.114492,-165.443499
2025-04-11T21:29:47Z,27.114492,-165.443495
2025-04-11T21:29:48Z,27.114493,-165.443492
2025-04-11T21:29:49Z,27.114493,-165.443488
2025-04-11T21:29:50Z,27.114493,-165.443485
2025-04-11T21:29:51Z,27.114493,-165.443481
2025-04-11T21:29:52Z,27.114494,-165.443477
2025-04-11T21:29:53Z,27.114494,-165.443474
2025-04-11T21:29:54Z,27.114494,-165.443470
2025-04-11T21:29:55Z,27.114494,-165.443466
2025-04-11T21:29:56Z,27.114495,-165.443463
2025-04-11T21:29:57Z,27.114495,-165.443459
2025-04-11T21:29:58Z,27.114495,-165.443456
2025-04-11T21:29:59Z,27.114496,-165.443452
2025-04-11T21:30:00Z,27.114496,-165.443448
2025-04-11T21:30:01Z,27.114493,-165.443444
2025-04-11T21:30:02Z,27.114489,-165.443440
2025-04-11T21:30:03Z,27.114484,-165.443435
2025-04-11T21:30:04Z,27.114480,-165.443431
2025-04-11T21:30:05Z,27.114476,-165.443427
2025-04-11T21:30:06Z,27.114471,-165.443422
2025-04-11T21:30:07Z,27.114467,-165.443418
2025-04-11T21:30:08Z,27.114462,-165.443413
2025-04-11T21:30:09Z,27.114463,-165.443413
2025-04-11T21:30:10Z,27.114465,-165.443413
2025-04-11T21:30:11Z,27.114467,-165.443414
2025-04-11T21:30:12Z,27.114470,-165.443415
2025-04-11T21:30:13Z,27.114472,-165.443415
2025-04-11T21:30:14Z,27.114475,-165.443416
2025-04-11T21:30:15Z,27.114477,-165.443417
2025-04-11T21:30:16Z,27.114479,-165.443417
2025-04-11T21:30:17Z,27.114482,-165.443418
2025-04-11T21:30:18Z,27.114484,-165.443419
2025-04-11T21:30:19Z,27.114486,-165.443419
2025-04-11T21:30:20Z,27.114489,-165.443420
2025-04-11T21:30:21Z,27.114491,-165.443421
2025-04-11T21:30:22Z,27.114493,-165.443422
2025-04-11T21:30:23Z,27.114496,-165.443422
2025-04-11T21:30:24Z,27.114498,-165.443423
2025-04-11T21:30:25Z,27.114500,-165.443424
2025-04-11T21:30:26Z,27.114503,-165.443424
2025-04-11T21:30:27Z,27.114505,-165.443425
2025-04-11T21:30:28Z,27.114508,-165.443426
2025-04-11T21:30:29Z,27.114510,-165.443426
2025-04-11T21:30:30Z,27.114512,-165.443427
2025-04-11T21:30:31Z,27.114508,-165.443430
2025-04-11T21:30:32Z,27.114504,-165.443433
2025-04-11T21:30:33Z,27.114500,-165.443436
2025-04-11T21:30:34Z,27.114496,-165.443439
2025-04-11T21:30:35Z,27.114492,-165.443442
2025-04-11T21:30:36Z,27.114488,-165.443445
2025-04-11T21:30:37Z,27.114484,-165.443448
2025-04-11T21:30:38Z,27.114480,-165.443451
2025-04-11T21:30:39Z,27.114476,-165.443454
2025-04-11T21:30:40Z,27.114472,-165.443456
2025-04-11T21:30:41Z,27.114468,-165.443459
2025-04-11T21:30:42Z,27.114464,-165.443462
2025-04-11T21:30:43Z,27.114460,-165.443465
2025-04-11T21:30:44Z,27.114456,-165.443468
2025-04-11T21:30:45Z,27.114452,-165.443471
2025-04-11T21:30:46Z,27.114448,-165.443474
2025-04-11T21:30:47Z,27.114444,-165.443477
2025-04-11T21:30:48Z,27.114440,-165.443480
2025-04-11T21:30:49Z,27.114436,-165.443483
2025-04-11T21:30:50Z,27.114432,-165.443486
2025-04-11T21:30:51Z,27.114428,-165.443488
2025-04-11T21:30:52Z,27.114426,-165.443484
2025-04-11T21:30:53Z,27.114424,-165.443478
2025-04-11T21:30:54Z,27.114423,-165.443472
2025-04-11T21:30:55Z,27.114421,-165.443465
2025-04-11T21:30:56Z,27.114420,-165.443459
2025-04-11T21:30:57Z,27.114418,-165.443453
2025-04-11T21:30:58Z,27.114417,-165.443447
2025-04-11T21:30:59Z,27.114415,-165.443441
2025-04-11T21:31:00Z,27.114414,-165.443434
2025-04-11T21:31:01Z,27.114412,-165.443428
2025-04-11T21:31:02Z,27.114411,-165.443422
2025-04-11T21:31:03Z,27.114409,-165.443416
2025-04-11T21:31:04Z,27.114408,-165.443410
2025-04-11T21:31:05Z,27.114406,-165.443403
2025-04-11T21:31:06Z,27.114405,-165.443397
2025-04-11T21:31:07Z,27.114403,-165.443391
2025-04-11T21:31:08Z,27.114402,-165.443385
2025-04-11T21:31:09Z,27.114400,-165.443379
2025-04-11T21:31:10Z,27.114399,-165.443373
2025-04-11T21:31:11Z,27.114397,-165.443366
2025-04-11T21:31:12Z,27.114396,-165.443360
2025-04-11T21:31:13Z,27.114395,-165.443357
2025-04-11T21:31:14Z,27.114394,-165.443359
2025-04-11T21:31:15Z,27.114393,-165.443361
2025-04-11T21:31:16Z,27.114392,-165.443362
2025-04-11T21:31:17Z,27.114391,-165.443364
2025-04-11T21:31:18Z,27.114390,-165.443366
2025-04-11T21:31:19Z,27.114389,-165.443368
2025-04-11T21:31:20Z,27.114388,-165.443370
2025-04-11T21:31:21Z,27.114387,-165.443372
2025-04-11T21:31:22Z,27.114387,-165.443374
2025-04-11T21:31:23Z,27.114386,-165.443376
2025-04-11T21:31:24Z,27.114385,-165.443378
2025-04-11T21:31:25Z,27.114384,-165.443380
2025-04-11T21:31:26Z,27.114383,-165.443382
2025-04-11T21:31:27Z,27.114382,-165.443384
2025-04-11T21:31:28Z,27.114381,-165.443386
2025-04-11T21:31:29Z,27.114380,-165.443388
2025-04-11T21:31:30Z,27.114379,-165.443390
2025-04-11T21:31:31Z,27.114378,-165.443392
2025-04-11T21:31:32Z,27.114378,-165.443394
2025-04-11T21:31:33Z,27.114377,-165.443396
2025-04-11T21:31:34Z,27.114376,-165.443396
2025-04-11T21:31:35Z,27.114376,-165.443391
2025-04-11T21:31:36Z,27.114376,-165.443386
2025-04-11T21:31:37Z,27.114376,-165.443381
2025-04-11T21:31:38Z,27.114376,-165.443376
2025-04-11T21:31:39Z,27.114376,-165.443372
2025-04-11T21:31:40Z,27.114376,-165.443367
2025-04-11T21:31:41Z,27.114376,-165.443362
2025-04-11T21:31:42Z,27.114376,-165.443357
2025-04-11T21:31:43Z,27.114376,-165.443352
2025-04-11T21:31:44Z,27.114376,-165.443347
2025-04-11T21:31:45Z,27.114377,-165.443342
2025-04-11T21:31:46Z,27.114377,-165.443337
2025-04-11T21:31:47Z,27.114377,-165.443333
2025-04-11T21:31:48Z,27.114377,-165.443328
2025-04-11T21:31:49Z,27.114377,-165.443323
2025-04-11T21:31:50Z,27.114377,-165.443318
2025-04-11T21:31:51Z,27.114377,-165.443313
2025-04-11T21:31:52Z,27.114377,-165.443308
2025-04-11T21:31:53Z,27.114377,-165.443303
2025-04-11T21:31:54Z,27.114377,-165.443298
2025-04-11T21:31:55Z,27.114377,-165.443294
2025-04-11T21:31:56Z,27.114383,-165.443305
2025-04-11T21:31:57Z,27.114389,-165.443319
2025-04-11T21:31:58Z,27.114396,-165.443333
2025-04-11T21:31:59Z,27.114402,-165.443347
2025-04-11T21:32:00Z,27.114408,-165.443361
2025-04-11T21:32:01Z,27.114415,-165.443374
2025-04-11T21:32:02Z,27.114421,-165.443388
2025-04-11T21:32:03Z,27.114428,-165.443402
2025-04-11T21:32:04Z,27.114428,-165.443404
2025-04-11T21:32:05Z,27.114429,-165.443406
2025-04-11T21:32:06Z,27.114429,-165.443407
2025-04-11T21:32:07Z,27.114430,-165.443408
2025-04-11T21:32:08Z,27.114430,-165.443409
2025-04-11T21:32:09Z,27.114431,-165.443411
2025-04-11T21:32:10Z,27.114431,-165.443412
2025-04-11T21:32:11Z,27.114432,-165.443413
2025-04-11T21:32:12Z,27.114432,-165.443415
2025-04-11T21:32:13Z,27.114433,-165.443416
2025-04-11T21:32:14Z,27.114433,-165.443417
2025-04-11T21:32:15Z,27.114434,-165.443419
2025-04-11T21:32:16Z,27.114434,-165.443420
2025-04-11T21:32:17Z,27.114435,-165.443421
2025-04-11T21:32:18Z,27.114435,-165.443423
2025-04-11T21:32:19Z,27.114435,-165.443424
2025-04-11T21:32:20Z,27.114436,-165.443425
2025-04-11T21:32:21Z,27.114436,-165.443427
2025-04-11T21:32:22Z,27.114437,-165.443428
2025-04-11T21:32:23Z,27.114437,-165.443429
2025-04-11T21:32:24Z,27.114438,-165.443431
2025-04-11T21:32:25Z,27.114437,-165.443433
2025-04-11T21:32:26Z,27.114437,-165.443435
2025-04-11T21:32:27Z,27.114436,-165.443438
2025-04-11T21:32:28Z,27.114435,-165.443440
2025-04-11T21:32:29Z,27.114434,-165.443443
2025-04-11T21:32:30Z,27.114433,-165.443445
2025-04-11T21:32:31Z,27.114432,-165.443448
2025-04-11T21:32:32Z,27.114431,-165.443450
2025-04-11T21:32:33Z,27.114428,-165.443452
2025-04-11T21:32:34Z,27.114424,-165.443453
2025-04-11T21:32:35Z,27.114420,-165.443454
2025-04-11T21:32:36Z,27.114415,-165.443455
2025-04-11T21:32:37Z,27.114411,-165.443456
2025-04-11T21:32:38Z,27.114407,-165.443457
2025-04-11T21:32:39Z,27.114402,-165.443459
2025-04-11T21:32:40Z,27.114398,-165.443460
2025-04-11T21:32:41Z,27.114398,-165.443466
2025-04-11T21:32:42Z,27.114399,-165.443475
2025-04-11T21:32:43Z,27.114401,-165.443484
2025-04-11T21:32:44Z,27.114402,-165.443492
2025-04-11T21:32:45Z,27.114404,-165.443501
2025-04-11T21:32:46Z,27.114405,-165.443510
2025-04-11T21:32:47Z,27.114406,-165.443518
2025-04-11T21:32:48Z,27.114408,-165.443527
2025-04-11T21:32:49Z,27.114408,-165.443528
2025-04-11T21:32:50Z,27.114408,-165.443526
2025-04-11T21:32:51Z,27.114408,-165.443524
2025-04-11T21:32:52Z,27.114408,-165.443522
2025-04-11T21:32:53Z,27.114409,-165.443521
2025-04-11T21:32:54Z,27.114409,-165.443519
2025-04-11T21:32:55Z,27.114409,-165.443517
2025-04-11T21:32:56Z,27.114409,-165.443515
2025-04-11T21:32:57Z,27.114405,-165.443510
2025-04-11T21:32:58Z,27.114401,-165.443505
2025-04-11T21:32:59Z,27.114397,-165.443500
2025-04-11T21:33:00Z,27.114393,-165.443495
2025-04-11T21:33:01Z,27.114388,-165.443490
2025-04-11T21:33:02Z,27.114384,-165.443485
2025-04-11T21:33:03Z,27.114380,-165.443480
2025-04-11T21:33:04Z,27.114376,-165.443475
2025-04-11T21:33:05Z,27.114381,-165.443472
2025-04-11T21:33:06Z,27.114387,-165.443470
2025-04-11T21:33:07Z,27.114394,-165.443468
2025-04-11T21:33:08Z,27.114400,-165.443466
2025-04-11T21:33:09Z,27.114407,-165.443464
2025-04-11T21:33:10Z,27.114413,-165.443462
2025-04-11T21:33:11Z,27.114420,-165.443460
2025-04-11T21:33:12Z,27.114426,-165.443458
2025-04-11T21:33:13Z,27.114426,-165.443452
2025-04-11T21:33:14Z,27.114424,-165.443445
2025-04-11T21:33:15Z,27.114422,-165.443438
2025-04-11T21:33:16Z,27.114421,-165.443431
2025-04-11T21:33:17Z,27.114419,-165.443424
2025-04-11T21:33:18Z,27.114418,-165.443417
2025-04-11T21:33:19Z,27.114416,-165.443410
2025-04-11T21:33:20Z,27.114414,-165.443404
2025-04-11T21:33:21Z,27.114411,-165.443402
2025-04-11T21:33:22Z,27.114408,-165.443400
2025-04-11T21:33:23Z,27.114406,-165.443398
2025-04-11T21:33:24Z,27.114403,-165.443395
2025-04-11T21:33:25Z,27.114400,-165.443393
2025-04-11T21:33:26Z,27.114397,-165.443391
2025-04-11T21:33:27Z,27.114394,-165.443388
2025-04-11T21:33:28Z,27.114392,-165.443387
2025-04-11T21:33:29Z,27.114394,-165.443387
2025-04-11T21:33:30Z,27.114395,-165.443387
2025-04-11T21:33:31Z,27.114396,-165.443387
2025-04-11T21:33:32Z,27.114397,-165.443388
2025-04-11T21:33:33Z,27.114398,-165.443388
2025-04-11T21:33:34Z,27.114399,-165.443388
2025-04-11T21:33:35Z,27.114401,-165.443388
2025-04-11T21:33:36Z,27.114402,-165.443388
2025-04-11T21:33:37Z,27.114403,-165.443388
2025-04-11T21:33:38Z,27.114404,-165.443388
2025-04-11T21:33:39Z,27.114405,-165.443389
2025-04-11T21:33:40Z,27.114406,-165.443389
2025-04-11T21:33:41Z,27.114408,-165.443389
2025-04-11T21:33:42Z,27.114409,-165.443389
2025-04-11T21:33:43Z,27.114410,-165.443389
2025-04-11T21:33:44Z,27.114411,-165.443389
2025-04-11T21:33:45Z,27.114412,-165.443389
2025-04-11T21:33:46Z,27.114413,-165.443390
2025-04-11T21:33:47Z,27.114415,-165.443390
2025-04-11T21:33:48Z,27.114416,-165.443390
2025-04-11T21:33:49Z,27.114417,-165.443390
2025-04-11T21:33:50Z,27.114416,-165.443390
2025-04-11T21:33:51Z,27.114416,-165.443391
2025-04-11T21:33:52Z,27.114415,-165.443391
2025-04-11T21:33:53Z,27.114414,-165.443391
2025-04-11T21:33:54Z,27.114414,-165.443392
2025-04-11T21:33:55Z,27.114413,-165.443392
2025-04-11T21:33:56Z,27.114412,-165.443392
2025-04-11T21:33:57Z,27.114412,-165.443393
2025-04-11T21:33:58Z,27.114411,-165.443393
2025-04-11T21:33:59Z,27.114410,-165.443393
2025-04-11T21:34:00Z,27.114410,-165.443394
2025-04-11T21:34:01Z,27.114409,-165.443394
2025-04-11T21:34:02Z,27.114409,-165.443394
2025-04-11T21:34:03Z,27.114408,-165.443395
2025-04-11T21:34:04Z,27.114407,-165.443395
2025-04-11T21:34:05Z,27.114407,-165.443395
2025-04-11T21:34:06Z,27.114406,-165.443396
2025-04-11T21:34:07Z,27.114405,-165.443396
2025-04-11T21:34:08Z,27.114405,-165.443396
2025-04-11T21:34:09Z,27.114404,-165.443397
2025-04-11T21:34:10Z,27.114403,-165.443397
2025-04-11T21:34:11Z,27.114404,-165.443398
2025-04-11T21:34:12Z,27.114406,-165.443401
2025-04-11T21:34:13Z,27.114407,-165.443403
2025-04-11T21:34:14Z,27.114409,-165.443406
2025-04-11T21:34:15Z,27.114411,-165.443408
2025-04-11T21:34:16Z,27.114412,-165.443411
2025-04-11T21:34:17Z,27.114414,-165.443413
2025-04-11T21:34:18Z,27.114416,-165.443416
2025-04-11T21:34:19Z,27.114411,-165.443418
2025-04-11T21:34:20Z,27.114405,-165.443421
2025-04-11T21:34:21Z,27.114399,-165.443424
2025-04-11T21:34:22Z,27.114393,-165.443427
2025-04-11T21:34:23Z,27.114387,-165.443430
2025-04-11T21:34:24Z,27.114381,-165.443432
2025-04-11T21:34:25Z,27.114375,-165.443435
2025-04-11T21:34:26Z,27.114369,-165.443438
2025-04-11T21:34:27Z,27.114370,-165.443438
2025-04-11T21:34:28Z,27.114372,-165.443438
2025-04-11T21:34:29Z,27.114373,-165.443437
2025-04-11T21:34:30Z,27.114374,-165.443437
2025-04-11T21:34:31Z,27.114376,-165.443437
2025-04-11T21:34:32Z,27.114377,-165.443437
2025-04-11T21:34:33Z,27.114378,-165.443437
2025-04-11T21:34:34Z,27.114380,-165.443437
2025-04-11T21:34:35Z,27.114381,-165.443436
2025-04-11T21:34:36Z,27.114382,-165.443436
2025-04-11T21:34:37Z,27.114384,-165.443436
2025-04-11T21:34:38Z,27.114385,-165.443436
2025-04-11T21:34:39Z,27.114386,-165.443436
2025-04-11T21:34:40Z,27.114388,-165.443435
2025-04-11T21:34:41Z,27.114389,-165.443435
2025-04-11T21:34:42Z,27.114390,-165.443435
2025-04-11T21:34:43Z,27.114392,-165.443435
2025-04-11T21:34:44Z,27.114393,-165.443435
2025-04-11T21:34:45Z,27.114394,-165.443434
2025-04-11T21:34:46Z,27.114396,-165.443434
2025-04-11T21:34:47Z,27.114397,-165.443434
2025-04-11T21:34:48Z,27.114398,-165.443434
2025-04-11T21:34:49Z,27.114400,-165.443434
2025-04-11T21:34:50Z,27.114401,-165.443434
2025-04-11T21:34:51Z,27.114402,-165.443433
2025-04-11T21:34:52Z,27.114404,-165.443433
2025-04-11T21:34:53Z,27.114405,-165.443433
2025-04-11T21:34:54Z,27.114406,-165.443433
2025-04-11T21:34:55Z,27.114408,-165.443433
2025-04-11T21:34:56Z,27.114409,-165.443432
2025-04-11T21:34:57Z,27.114410,-165.443432
2025-04-11T21:34:58Z,27.114412,-165.443432
2025-04-11T21:34:59Z,27.114413,-165.443432
2025-04-11T21:35:00Z,27.114414,-165.443432
2025-04-11T21:35:01Z,27.114416,-165.443431
2025-04-11T21:35:02Z,27.114417,-165.443431
2025-04-11T21:35:03Z,27.114418,-165.443431
2025-04-11T21:35:04Z,27.114420,-165.443431
2025-04-11T21:35:05Z,27.114421,-165.443431
2025-04-11T21:35:06Z,27.114422,-165.443431
2025-04-11T21:35:07Z,27.114424,-165.443430
2025-04-11T21:35:08Z,27.114425,-165.443430
2025-04-11T21:35:09Z,27.114426,-165.443428
2025-04-11T21:35:10Z,27.114426,-165.443419
2025-04-11T21:35:11Z,27.114427,-165.443409
2025-04-11T21:35:12Z,27.114427,-165.443400
2025-04-11T21:35:13Z,27.114428,-165.443391
2025-04-11T21:35:14Z,27.114428,-165.443381
2025-04-11T21:35:15Z,27.114428,-165.443372
2025-04-11T21:35:16Z,27.114429,-165.443363
2025-04-11T21:35:17Z,27.114431,-165.443361
2025-04-11T21:35:18Z,27.114434,-165.443366
2025-04-11T21:35:19Z,27.114438,-165.443372
2025-04-11T21:35:20Z,27.114442,-165.443377
2025-04-11T21:35:21Z,27.114445,-165.443383
2025-04-11T21:35:22Z,27.114449,-165.443388
2025-04-11T21:35:23Z,27.114453,-165.443394
2025-04-11T21:35:24Z,27.114456,-165.443399
2025-04-11T21:35:25Z,27.114460,-165.443405
2025-04-11T21:35:26Z,27.114464,-165.443410
2025-04-11T21:35:27Z,27.114467,-165.443416
2025-04-11T21:35:28Z,27.114471,-165.443421
2025-04-11T21:35:29Z,27.114475,-165.443427
2025-04-11T21:35:30Z,27.114478,-165.443432
2025-04-11T21:35:31Z,27.114482,-165.443438
2025-04-11T21:35:32Z,27.114486,-165.443444
2025-04-11T21:35:33Z,27.114489,-165.443449
2025-04-11T21:35:34Z,27.114493,-165.443455
2025-04-11T21:35:35Z,27.114497,-165.443460
2025-04-11T21:35:36Z,27.114500,-165.443466
2025-04-11T21:35:37Z,27.114504,-165.443471
2025-04-11T21:35:38Z,27.114508,-165.443477
2025-04-11T21:35:39Z,27.114502,-165.443477
2025-04-11T21:35:40Z,27.114495,-165.443478
2025-04-11T21:35:41Z,27.114488,-165.443479
2025-04-11T21:35:42Z,27.114481,-165.443479
2025-04-11T21:35:43Z,27.114474,-165.443480
2025-04-11T21:35:44Z,27.114468,-165.443480
2025-04-11T21:35:45Z,27.114461,-165.443481
2025-04-11T21:35:46Z,27.114456,-165.443480
2025-04-11T21:35:47Z,27.114456,-165.443476
2025-04-11T21:35:48Z,27.114455,-165.443473
2025-04-11T21:35:49Z,27.114455,-165.443469
2025-04-11T21:35:50Z,27.114455,-165.443466
2025-04-11T21:35:51Z,27.114455,-165.443462
2025-04-11T21:35:52Z,27.114454,-165.443459
2025-04-11T21:35:53Z,27.114454,-165.443455
2025-04-11T21:35:54Z,27.114454,-165.443451
2025-04-11T21:35:55Z,27.114453,-165.443448
2025-04-11T21:35:56Z,27.114453,-165.443444
2025-04-11T21:35:57Z,27.114453,-165.443441
2025-04-11T21:35:58Z,27.114453,-165.443437
2025-04-11T21:35:59Z,27.114452,-165.443434
2025-04-11T21:36:00Z,27.114452,-165.443430
2025-04-11T21:36:01Z,27.114452,-165.443427
2025-04-11T21:36:02Z,27.114451,-165.443423
2025-04-11T21:36:03Z,27.114451,-165.443419
2025-04-11T21:36:04Z,27.114451,-165.443416
2025-04-11T21:36:05Z,27.114451,-165.443412
2025-04-11T21:36:06Z,27.114450,-165.443409
2025-04-11T21:36:07Z,27.114450,-165.443405
2025-04-11T21:36:08Z,27.114450,-165.443421
2025-04-11T21:36:09Z,27.114450,-165.443439
2025-04-11T21:36:10Z,27.114450,-165.443456
2025-04-11T21:36:11Z,27.114450,-165.443473
2025-04-11T21:36:12Z,27.114450,-165.443491
2025-04-11T21:36:13Z,27.114450,-165.443508
2025-04-11T21:36:14Z,27.114450,-165.443526
2025-04-11T21:36:15Z,27.114450,-165.443543
2025-04-11T21:36:16Z,27.114447,-165.443541
2025-04-11T21:36:17Z,27.114444,-165.443539
2025-04-11T21:36:18Z,27.114441,-165.443536
2025-04-11T21:36:19Z,27.114438,-165.443533
2025-04-11T21:36:20Z,27.114435,-165.443530
2025-04-11T21:36:21Z,27.114432,-165.443528
2025-04-11T21:36:22Z,27.114429,-165.443525
2025-04-11T21:36:23Z,27.114426,-165.443522
2025-04-11T21:36:24Z,27.114429,-165.443520
2025-04-11T21:36:25Z,27.114433,-165.443519
2025-04-11T21:36:26Z,27.114437,-165.443517
2025-04-11T21:36:27Z,27.114440,-165.443515
2025-04-11T21:36:28Z,27.114444,-165.443514
2025-04-11T21:36:29Z,27.114447,-165.443512
2025-04-11T21:36:30Z,27.114451,-165.443511
2025-04-11T21:36:31Z,27.114454,-165.443509
2025-04-11T21:36:32Z,27.114452,-165.443502
2025-04-11T21:36:33Z,27.114450,-165.443496
2025-04-11T21:36:34Z,27.114447,-165.443490
2025-04-11T21:36:35Z,27.114445,-165.443483
2025-04-11T21:36:36Z,27.114443,-165.443477
2025-04-11T21:36:37Z,27.114441,-165.443471
2025-04-11T21:36:38Z,27.114439,-165.443465
2025-04-11T21:36:39Z,27.114437,-165.443459
2025-04-11T21:36:40Z,27.114436,-165.443459
2025-04-11T21:36:41Z,27.114435,-165.443459
2025-04-11T21:36:42Z,27.114434,-165.443460
2025-04-11T21:36:43Z,27.114433,-165.443460
2025-04-11T21:36:44Z,27.114432,-165.443460
2025-04-11T21:36:45Z,27.114431,-165.443460
2025-04-11T21:36:46Z,27.114430,-165.443461
2025-04-11T21:36:47Z,27.114429,-165.443461
2025-04-11T21:36:48Z,27.114428,-165.443461
2025-04-11T21:36:49Z,27.114427,-165.443461
2025-04-11T21:36:50Z,27.114425,-165.443462
2025-04-11T21:36:51Z,27.114424,-165.443462
2025-04-11T21:36:52Z,27.114423,-165.443462
2025-04-11T21:36:53Z,27.114422,-165.443462
2025-04-11T21:36:54Z,27.114421,-165.443463
2025-04-11T21:36:55Z,27.114420,-165.443463
2025-04-11T21:36:56Z,27.114419,-165.443463
2025-04-11T21:36:57Z,27.114418,-165.443463
2025-04-11T21:36:58Z,27.114417,-165.443464
2025-04-11T21:36:59Z,27.114416,-165.443464
2025-04-11T21:37:00Z,27.114415,-165.443464
2025-04-11T21:37:01Z,27.114417,-165.443463
2025-04-11T21:37:02Z,27.114419,-165.443462
2025-04-11T21:37:03Z,27.114421,-165.443460
2025-04-11T21:37:04Z,27.114422,-165.443459
2025-04-11T21:37:05Z,27.114424,-165.443458
2025-04-11T21:37:06Z,27.114426,-165.443456
2025-04-11T21:37:07Z,27.114428,-165.443455
2025-04-11T21:37:08Z,27.114430,-165.443454
2025-04-11T21:37:09Z,27.114432,-165.443452
2025-04-11T21:37:10Z,27.114434,-165.443451
2025-04-11T21:37:11Z,27.114436,-165.443450
2025-04-11T21:37:12Z,27.114438,-165.443448
2025-04-11T21:37:13Z,27.114440,-165.443447
2025-04-11T21:37:14Z,27.114442,-165.443446
2025-04-11T21:37:15Z,27.114444,-165.443444
2025-04-11T21:37:16Z,27.114446,-165.443443
2025-04-11T21:37:17Z,27.114448,-165.443442
2025-04-11T21:37:18Z,27.114450,-165.443440
2025-04-11T21:37:19Z,27.114451,-165.443439
2025-04-11T21:37:20Z,27.114453,-165.443438
2025-04-11T21:37:21Z,27.114455,-165.443436
2025-04-11T21:37:22Z,27.114450,-165.443435
2025-04-11T21:37:23Z,27.114441,-165.443433
2025-04-11T21:37:24Z,27.114432,-165.443431
2025-04-11T21:37:25Z,27.114423,-165.443430
2025-04-11T21:37:26Z,27.114414,-165.443428
2025-04-11T21:37:27Z,27.114405,-165.443426
2025-04-11T21:37:28Z,27.114396,-165.443424
2025-04-11T21:37:29Z,27.114387,-165.443423
2025-04-11T21:37:30Z,27.114378,-165.443421
2025-04-11T21:37:31Z,27.114369,-165.443419
2025-04-11T21:37:32Z,27.114359,-165.443417
2025-04-11T21:37:33Z,27.114350,-165.443416
2025-04-11T21:37:34Z,27.114341,-165.443414
2025-04-11T21:37:35Z,27.114332,-165.443412
2025-04-11T21:37:36Z,27.114323,-165.443411
2025-04-11T21:37:37Z,27.114314,-165.443409
2025-04-11T21:37:38Z,27.114305,-165.443407
2025-04-11T21:37:39Z,27.114296,-165.443405
2025-04-11T21:37:40Z,27.114287,-165.443404
2025-04-11T21:37:41Z,27.114278,-165.443402
2025-04-11T21:37:42Z,27.114269,-165.443400
2025-04-11T21:37:43Z,27.114264,-165.443397
2025-04-11T21:37:44Z,27.114265,-165.443393
2025-04-11T21:37:45Z,27.114267,-165.443388
2025-04-11T21:37:46Z,27.114268,-165.443383
2025-04-11T21:37:47Z,27.114270,-165.443378
2025-04-11T21:37:48Z,27.114272,-165.443374
2025-04-11T21:37:49Z,27.114273,-165.443369
2025-04-11T21:37:50Z,27.114275,-165.443364
2025-04-11T21:37:51Z,27.114276,-165.443360
2025-04-11T21:37:52Z,27.114275,-165.443359
2025-04-11T21:37:53Z,27.114275,-165.443357
2025-04-11T21:37:54Z,27.114275,-165.443355
2025-04-11T21:37:55Z,27.114274,-165.443353
2025-04-11T21:37:56Z,27.114274,-165.443352
2025-04-11T21:37:57Z,27.114273,-165.443350
2025-04-11T21:37:58Z,27.114273,-165.443348
2025-04-11T21:37:59Z,27.114272,-165.443346
2025-04-11T21:38:00Z,27.114272,-165.443344
2025-04-11T21:38:01Z,27.114271,-165.443343
2025-04-11T21:38:02Z,27.114271,-165.443341
2025-04-11T21:38:03Z,27.114271,-165.443339
2025-04-11T21:38:04Z,27.114270,-165.443337
2025-04-11T21:38:05Z,27.114270,-165.443336
2025-04-11T21:38:06Z,27.114269,-165.443334
2025-04-11T21:38:07Z,27.114270,-165.443334
2025-04-11T21:38:08Z,27.114271,-165.443337
2025-04-11T21:38:09Z,27.114273,-165.443340
2025-04-11T21:38:10Z,27.114274,-165.443342
2025-04-11T21:38:11Z,27.114275,-165.443345
2025-04-11T21:38:12Z,27.114277,-165.443348
2025-04-11T21:38:13Z,27.114278,-165.443350
2025-04-11T21:38:14Z,27.114280,-165.443353
2025-04-11T21:38:15Z,27.114281,-165.443356
2025-04-11T21:38:16Z,27.114283,-165.443358
2025-04-11T21:38:17Z,27.114284,-165.443361
2025-04-11T21:38:18Z,27.114286,-165.443364
2025-04-11T21:38:19Z,27.114287,-165.443366
2025-04-11T21:38:20Z,27.114288,-165.443369
2025-04-11T21:38:21Z,27.114290,-165.443371
2025-04-11T21:38:22Z,27.114291,-165.443374
2025-04-11T21:38:23Z,27.114293,-165.443377
2025-04-11T21:38:24Z,27.114294,-165.443379
2025-04-11T21:38:25Z,27.114296,-165.443382
2025-04-11T21:38:26Z,27.114297,-165.443385
2025-04-11T21:38:27Z,27.114299,-165.443387
2025-04-11T21:38:28Z,27.114300,-165.443390
2025-04-11T21:38:29Z,27.114300,-165.443390
2025-04-11T21:38:30Z,27.114300,-165.443389
2025-04-11T21:38:31Z,27.114300,-165.443389
2025-04-11T21:38:32Z,27.114300,-165.443388
2025-04-11T21:38:33Z,27.114300,-165.443388
2025-04-11T21:38:34Z,27.114300,-165.443387
2025-04-11T21:38:35Z,27.114300,-165.443387
2025-04-11T21:38:36Z,27.114300,-165.443387
2025-04-11T21:38:37Z,27.114300,-165.443386
2025-04-11T21:38:38Z,27.114300,-165.443386
2025-04-11T21:38:39Z,27.114299,-165.443385
2025-04-11T21:38:40Z,27.114299,-165.443385
2025-04-11T21:38:41Z,27.114299,-165.443385
2025-04-11T21:38:42Z,27.114299,-165.443384
2025-04-11T21:38:43Z,27.114299,-165.443384
2025-04-11T21:38:44Z,27.114299,-165.443383
2025-04-11T21:38:45Z,27.114299,-165.443383
2025-04-11T21:38:46Z,27.114299,-165.443382
2025-04-11T21:38:47Z,27.114299,-165.443382
2025-04-11T21:38:48Z,27.114299,-165.443382
2025-04-11T21:38:49Z,27.114299,-165.443381
2025-04-11T21:38:50Z,27.114301,-165.443383
2025-04-11T21:38:51Z,27.114305,-165.443388
2025-04-11T21:38:52Z,27.114309,-165.443392
2025-04-11T21:38:53Z,27.114313,-165.443397
2025-04-11T21:38:54Z,27.114316,-165.443401
2025-04-11T21:38:55Z,27.114320,-165.443405
2025-04-11T21:38:56Z,27.114324,-165.443410
2025-04-11T21:38:57Z,27.114328,-165.443414
2025-04-11T21:38:58Z,27.114332,-165.443419
2025-04-11T21:38:59Z,27.114336,-165.443423
2025-04-11T21:39:00Z,27.114339,-165.443427
2025-04-11T21:39:01Z,27.114343,-165.443432
2025-04-11T21:39:02Z,27.114347,-165.443436
2025-04-11T21:39:03Z,27.114351,-165.443441
2025-04-11T21:39:04Z,27.114355,-165.443445
2025-04-11T21:39:05Z,27.114359,-165.443449
2025-04-11T21:39:06Z,27.114362,-165.443454
2025-04-11T21:39:07Z,27.114366,-165.443458
2025-04-11T21:39:08Z,27.114370,-165.443462
2025-04-11T21:39:09Z,27.114374,-165.443467
2025-04-11T21:39:10Z,27.114378,-165.443471
2025-04-11T21:39:11Z,27.114382,-165.443475
2025-04-11T21:39:12Z,27.114388,-165.443473
2025-04-11T21:39:13Z,27.114394,-165.443471
2025-04-11T21:39:14Z,27.114400,-165.443469
2025-04-11T21:39:15Z,27.114406,-165.443467
2025-04-11T21:39:16Z,27.114412,-165.443465
2025-04-11T21:39:17Z,27.114418,-165.443463
2025-04-11T21:39:18Z,27.114424,-165.443461
2025-04-11T21:39:19Z,27.114430,-165.443459
2025-04-11T21:39:20Z,27.114436,-165.443457
2025-04-11T21:39:21Z,27.114442,-165.443455
2025-04-11T21:39:22Z,27.114447,-165.443454
2025-04-11T21:39:23Z,27.114453,-165.443452
2025-04-11T21:39:24Z,27.114459,-165.443450
2025-04-11T21:39:25Z,27.114465,-165.443448
2025-04-11T21:39:26Z,27.114471,-165.443446
2025-04-11T21:39:27Z,27.114477,-165.443444
2025-04-11T21:39:28Z,27.114483,-165.443442
2025-04-11T21:39:29Z,27.114489,-165.443440
2025-04-11T21:39:30Z,27.114495,-165.443438
2025-04-11T21:39:31Z,27.114501,-165.443436
2025-04-11T21:39:32Z,27.114507,-165.443434
2025-04-11T21:39:33Z,27.114505,-165.443432
2025-04-11T21:39:34Z,27.114501,-165.443429
2025-04-11T21:39:35Z,27.114496,-165.443426
2025-04-11T21:39:36Z,27.114492,-165.443423
2025-04-11T21:39:37Z,27.114488,-165.443420
2025-04-11T21:39:38Z,27.114484,-165.443417
2025-04-11T21:39:39Z,27.114480,-165.443414
2025-04-11T21:39:40Z,27.114478,-165.443412
2025-04-11T21:39:41Z,27.114482,-165.443415
2025-04-11T21:39:42Z,27.114487,-165.443417
2025-04-11T21:39:43Z,27.114492,-165.443419
2025-04-11T21:39:44Z,27.114496,-165.443421
2025-04-11T21:39:45Z,27.114501,-165.443424
2025-04-11T21:39:46Z,27.114505,-165.443426
2025-04-11T21:39:47Z,27.114510,-165.443428
2025-04-11T21:39:48Z,27.114513,-165.443430
2025-04-11T21:39:49Z,27.114510,-165.443428
2025-04-11T21:39:50Z,27.114506,-165.443426
2025-04-11T21:39:51Z,27.114502,-165.443424
2025-04-11T21:39:52Z,27.114499,-165.443422
2025-04-11T21:39:53Z,27.114495,-165.443421
2025-04-11T21:39:54Z,27.114491,-165.443419
2025-04-11T21:39:55Z,27.114488,-165.443417
2025-04-11T21:39:56Z,27.114484,-165.443415
2025-04-11T21:39:57Z,27.114480,-165.443413
2025-04-11T21:39:58Z,27.114476,-165.443411
2025-04-11T21:39:59Z,27.114473,-165.443410
2025-04-11T21:40:00Z,27.114469,-165.443408
2025-04-11T21:40:01Z,27.114465,-165.443406
2025-04-11T21:40:02Z,27.114462,-165.443404
2025-04-11T21:40:03Z,27.114458,-165.443402
2025-04-11T21:40:04Z,27.114454,-165.443400
2025-04-11T21:40:05Z,27.114451,-165.443399
2025-04-11T21:40:06Z,27.114447,-165.443397
2025-04-11T21:40:07Z,27.114443,-165.443395
2025-04-11T21:40:08Z,27.114439,-165.443393
2025-04-11T21:40:09Z,27.114436,-165.443391
2025-04-11T21:40:10Z,27.114436,-165.443394
2025-04-11T21:40:11Z,27.114438,-165.443397
2025-04-11T21:40:12Z,27.114440,-165.443400
2025-04-11T21:40:13Z,27.114442,-165.443403
2025-04-11T21:40:14Z,27.114444,-165.443406
2025-04-11T21:40:15Z,27.114445,-165.443409
2025-04-11T21:40:16Z,27.114447,-165.443412
2025-04-11T21:40:17Z,27.114449,-165.443415
2025-04-11T21:40:18Z,27.114451,-165.443418
2025-04-11T21:40:19Z,27.114452,-165.443421
2025-04-11T21:40:20Z,27.114454,-165.443424
2025-04-11T21:40:21Z,27.114456,-165.443427
2025-04-11T21:40:22Z,27.114458,-165.443431
2025-04-11T21:40:23Z,27.114460,-165.443434
2025-04-11T21:40:24Z,27.114461,-165.443437
2025-04-11T21:40:25Z,27.114463,-165.443440
2025-04-11T21:40:26Z,27.114465,-165.443443
2025-04-11T21:40:27Z,27.114467,-165.443446
2025-04-11T21:40:28Z,27.114468,-165.443449
2025-04-11T21:40:29Z,27.114470,-165.443452
2025-04-11T21:40:30Z,27.114472,-165.443455
2025-04-11T21:40:31Z,27.114475,-165.443456
2025-04-11T21:40:32Z,27.114480,-165.443452
2025-04-11T21:40:33Z,27.114484,-165.443449
2025-04-11T21:40:34Z,27.114489,-165.443445
2025-04-11T21:40:35Z,27.114493,-165.443442
2025-04-11T21:40:36Z,27.114498,-165.443439
2025-04-11T21:40:37Z,27.114502,-165.443435
2025-04-11T21:40:38Z,27.114507,-165.443432
2025-04-11T21:40:39Z,27.114509,-165.443430
2025-04-11T21:40:40Z,27.114510,-165.443429
2025-04-11T21:40:41Z,27.114511,-165.443428
2025-04-11T21:40:42Z,27.114512,-165.443428
2025-04-11T21:40:43Z,27.114513,-165.443427
2025-04-11T21:40:44Z,27.114514,-165.443426
2025-04-11T21:40:45Z,27.114515,-165.443425
2025-04-11T21:40:46Z,27.114516,-165.443425
2025-04-11T21:40:47Z,27.114517,-165.443424
2025-04-11T21:40:48Z,27.114518,-165.443423
2025-04-11T21:40:49Z,27.114519,-165.443423
2025-04-11T21:40:50Z,27.114520,-165.443422
2025-04-11T21:40:51Z,27.114521,-165.443421
2025-04-11T21:40:52Z,27.114522,-165.443421
2025-04-11T21:40:53Z,27.114523,-165.443420
2025-04-11T21:40:54Z,27.114523,-165.443419
2025-04-11T21:40:55Z,27.114524,-165.443418
2025-04-11T21:40:56Z,27.114525,-165.443418
2025-04-11T21:40:57Z,27.114526,-165.443417
2025-04-11T21:40:58Z,27.114527,-165.443416
2025-04-11T21:40:59Z,27.114528,-165.443416
2025-04-11T21:41:00Z,27.114529,-165.443415
2025-04-11T21:41:01Z,27.114530,-165.443412
2025-04-11T21:41:02Z,27.114530,-165.443409
2025-04-11T21:41:03Z,27.114531,-165.443406
2025-04-11T21:41:04Z,27.114532,-165.443403
2025-04-11T21:41:05Z,27.114532,-165.443400
2025-04-11T21:41:06Z,27.114533,-165.443397
2025-04-11T21:41:07Z,27.114534,-165.443394
2025-04-11T21:41:08Z,27.114534,-165.443392
2025-04-11T21:41:09Z,27.114532,-165.443392
2025-04-11T21:41:10Z,27.114531,-165.443393
2025-04-11T21:41:11Z,27.114530,-165.443393
2025-04-11T21:41:12Z,27.114529,-165.443393
2025-04-11T21:41:13Z,27.114528,-165.443394
2025-04-11T21:41:14Z,27.114527,-165.443394
2025-04-11T21:41:15Z,27.114525,-165.443394
2025-04-11T21:41:16Z,27.114524,-165.443395
2025-04-11T21:41:17Z,27.114523,-165.443395
2025-04-11T21:41:18Z,27.114522,-165.443395
2025-04-11T21:41:19Z,27.114521,-165.443396
2025-04-11T21:41:20Z,27.114520,-165.443396
2025-04-11T21:41:21Z,27.114518,-165.443396
2025-04-11T21:41:22Z,27.114517,-165.443397
2025-04-11T21:41:23Z,27.114516,-165.443397
2025-04-11T21:41:24Z,27.114515,-165.443397
2025-04-11T21:41:25Z,27.114514,-165.443398
2025-04-11T21:41:26Z,27.114513,-165.443398
2025-04-11T21:41:27Z,27.114511,-165.443398
2025-04-11T21:41:28Z,27.114510,-165.443399
2025-04-11T21:41:29Z,27.114509,-165.443399
2025-04-11T21:41:30Z,27.114513,-165.443401
2025-04-11T21:41:31Z,27.114518,-165.443404
2025-04-11T21:41:32Z,27.114522,-165.443407
2025-04-11T21:41:33Z,27.114526,-165.443409
2025-04-11T21:41:34Z,27.114531,-165.443412
2025-04-11T21:41:35Z,27.114535,-165.443415
2025-04-11T21:41:36Z,27.114540,-165.443417
2025-04-11T21:41:37Z,27.114544,-165.443420
2025-04-11T21:41:38Z,27.114548,-165.443422
2025-04-11T21:41:39Z,27.114553,-165.443425
2025-04-11T21:41:40Z,27.114557,-165.443428
2025-04-11T21:41:41Z,27.114562,-165.443430
2025-04-11T21:41:42Z,27.114566,-165.443433
2025-04-11T21:41:43Z,27.114570,-165.443436
2025-04-11T21:41:44Z,27.114575,-165.443438
2025-04-11T21:41:45Z,27.114579,-165.443441
2025-04-11T21:41:46Z,27.114584,-165.443443
2025-04-11T21:41:47Z,27.114588,-165.443446
2025-04-11T21:41:48Z,27.114592,-165.443449
2025-04-11T21:41:49Z,27.114597,-165.443451
2025-04-11T21:41:50Z,27.114601,-165.443454
2025-04-11T21:41:51Z,27.114596,-165.443454
2025-04-11T21:41:52Z,27.114583,-165.443453
2025-04-11T21:41:53Z,27.114571,-165.443451
2025-04-11T21:41:54Z,27.114558,-165.443450
2025-04-11T21:41:55Z,27.114546,-165.443448
2025-04-11T21:41:56Z,27.114534,-165.443447
2025-04-11T21:41:57Z,27.114521,-165.443446
2025-04-11T21:41:58Z,27.114509,-165.443444
2025-04-11T21:41:59Z,27.114496,-165.443443
2025-04-11T21:42:00Z,27.114484,-165.443441
2025-04-11T21:42:01Z,27.114472,-165.443440
2025-04-11T21:42:02Z,27.114459,-165.443439
2025-04-11T21:42:03Z,27.114447,-165.443437
2025-04-11T21:42:04Z,27.114434,-165.443436
2025-04-11T21:42:05Z,27.114422,-165.443434
2025-04-11T21:42:06Z,27.114410,-165.443433
2025-04-11T21:42:07Z,27.114397,-165.443431
2025-04-11T21:42:08Z,27.114385,-165.443430
2025-04-11T21:42:09Z,27.114372,-165.443429
2025-04-11T21:42:10Z,27.114360,-165.443427
2025-04-11T21:42:11Z,27.114348,-165.443426
2025-04-11T21:42:12Z,27.114335,-165.443424
2025-04-11T21:42:13Z,27.114330,-165.443428
2025-04-11T21:42:14Z,27.114327,-165.443433
2025-04-11T21:42:15Z,27.114324,-165.443438
2025-04-11T21:42:16Z,27.114321,-165.443444
2025-04-11T21:42:17Z,27.114318,-165.443449
2025-04-11T21:42:18Z,27.114315,-165.443454
2025-04-11T21:42:19Z,27.114312,-165.443459
2025-04-11T21:42:20Z,27.114309,-165.443464
2025-04-11T21:42:21Z,27.114306,-165.443467
2025-04-11T21:42:22Z,27.114304,-165.443470
2025-04-11T21:42:23Z,27.114301,-165.443473
2025-04-11T21:42:24Z,27.114299,-165.443476
2025-04-11T21:42:25Z,27.114297,-165.443478
2025-04-11T21:42:26Z,27.114294,-165.443481
2025-04-11T21:42:27Z,27.114292,-165.443484
2025-04-11T21:42:28Z,27.114290,-165.443483
2025-04-11T21:42:29Z,27.114290,-165.443473
2025-04-11T21:42:30Z,27.114290,-165.443462
2025-04-11T21:42:31Z,27.114290,-165.443452
2025-04-11T21:42:32Z,27.114289,-165.443442
2025-04-11T21:42:33Z,27.114289,-165.443431
2025-04-11T21:42:34Z,27.114289,-165.443421
2025-04-11T21:42:35Z,27.114289,-165.443410
2025-04-11T21:42:36Z,27.114290,-165.443400
2025-04-11T21:42:37Z,27.114291,-165.443390
2025-04-11T21:42:38Z,27.114292,-165.443381
2025-04-11T21:42:39Z,27.114294,-165.443371
2025-04-11T21:42:40Z,27.114295,-165.443361
2025-04-11T21:42:41Z,27.114296,-165.443351
2025-04-11T21:42:42Z,27.114298,-165.443342
2025-04-11T21:42:43Z,27.114299,-165.443332
2025-04-11T21:42:44Z,27.114300,-165.443322
2025-04-11T21:42:45Z,27.114302,-165.443312
2025-04-11T21:42:46Z,27.114303,-165.443303
2025-04-11T21:42:47Z,27.114305,-165.443293
2025-04-11T21:42:48Z,27.114306,-165.443283
2025-04-11T21:42:49Z,27.114307,-165.443273
2025-04-11T21:42:50Z,27.114309,-165.443264
2025-04-11T21:42:51Z,27.114310,-165.443254
2025-04-11T21:42:52Z,27.114311,-165.443244
2025-04-11T21:42:53Z,27.114313,-165.443234
2025-04-11T21:42:54Z,27.114314,-165.443225
2025-04-11T21:42:55Z,27.114315,-165.443215
2025-04-11T21:42:56Z,27.114317,-165.443205
2025-04-11T21:42:57Z,27.114318,-165.443198
2025-04-11T21:42:58Z,27.114320,-165.443206
2025-04-11T21:42:59Z,27.114322,-165.443214
2025-04-11T21:43:00Z,27.114324,-165.443221
2025-04-11T21:43:01Z,27.114326,-165.443229
2025-04-11T21:43:02Z,27.114328,-165.443236
2025-04-11T21:43:03Z,27.114330,-165.443244
2025-04-11T21:43:04Z,27.114332,-165.443252
2025-04-11T21:43:05Z,27.114334,-165.443259
2025-04-11T21:43:06Z,27.114336,-165.443267
2025-04-11T21:43:07Z,27.114337,-165.443275
2025-04-11T21:43:08Z,27.114339,-165.443282
2025-04-11T21:43:09Z,27.114341,-165.443290
2025-04-11T21:43:10Z,27.114343,-165.443298
2025-04-11T21:43:11Z,27.114345,-165.443305
2025-04-11T21:43:12Z,27.114347,-165.443313
2025-04-11T21:43:13Z,27.114349,-165.443321
2025-04-11T21:43:14Z,27.114351,-165.443328
2025-04-11T21:43:15Z,27.114353,-165.443336
2025-04-11T21:43:16Z,27.114355,-165.443344
2025-04-11T21:43:17Z,27.114357,-165.443351
2025-04-11T21:43:18Z,27.114358,-165.443359
2025-04-11T21:43:19Z,27.114364,-165.443363
2025-04-11T21:43:20Z,27.114372,-165.443366
2025-04-11T21:43:21Z,27.114380,-165.443369
2025-04-11T21:43:22Z,27.114387,-165.443372
2025-04-11T21:43:23Z,27.114395,-165.443375
2025-04-11T21:43:24Z,27.114402,-165.443378
2025-04-11T21:43:25Z,27.114410,-165.443381
2025-04-11T21:43:26Z,27.114418,-165.443384
2025-04-11T21:43:27Z,27.114413,-165.443378
2025-04-11T21:43:28Z,27.114405,-165.443370
2025-04-11T21:43:29Z,27.114397,-165.443361
2025-04-11T21:43:30Z,27.114389,-165.443352
2025-04-11T21:43:31Z,27.114381,-165.443344
2025-04-11T21:43:32Z,27.114373,-165.443335
2025-04-11T21:43:33Z,27.114365,-165.443327
2025-04-11T21:43:34Z,27.114357,-165.443318
2025-04-11T21:43:35Z,27.114362,-165.443316
2025-04-11T21:43:36Z,27.114370,-165.443314
2025-04-11T21:43:37Z,27.114378,-165.443312
2025-04-11T21:43:38Z,27.114385,-165.443311
2025-04-11T21:43:39Z,27.114393,-165.443309
2025-04-11T21:43:40Z,27.114400,-165.443307
2025-04-11T21:43:41Z,27.114408,-165.443306
2025-04-11T21:43:42Z,27.114415,-165.443304
2025-04-11T21:43:43Z,27.114413,-165.443304
2025-04-11T21:43:44Z,27.114409,-165.443304
2025-04-11T21:43:45Z,27.114405,-165.443304
2025-04-11T21:43:46Z,27.114401,-165.443304
2025-04-11T21:43:47Z,27.114397,-165.443304
2025-04-11T21:43:48Z,27.114394,-165.443304
2025-04-11T21:43:49Z,27.114390,-165.443304
2025-04-11T21:43:50Z,27.114387,-165.443305
2025-04-11T21:43:51Z,27.114388,-165.443309
2025-04-11T21:43:52Z,27.114388,-165.443312
2025-04-11T21:43:53Z,27.114389,-165.443316
2025-04-11T21:43:54Z,27.114389,-165.443320
2025-04-11T21:43:55Z,27.114390,-165.443324
2025-04-11T21:43:56Z,27.114390,-165.443327
2025-04-11T21:43:57Z,27.114391,-165.443331
2025-04-11T21:43:58Z,27.114391,-165.443335
2025-04-11T21:43:59Z,27.114392,-165.443339
2025-04-11T21:44:00Z,27.114392,-165.443342
2025-04-11T21:44:01Z,27.114393,-165.443346
2025-04-11T21:44:02Z,27.114393,-165.443350
2025-04-11T21:44:03Z,27.114394,-165.443354
2025-04-11T21:44:04Z,27.114394,-165.443357
2025-04-11T21:44:05Z,27.114395,-165.443361
2025-04-11T21:44:06Z,27.114395,-165.443365
2025-04-11T21:44:07Z,27.114396,-165.443368
2025-04-11T21:44:08Z,27.114396,-165.443372
2025-04-11T21:44:09Z,27.114397,-165.443376
2025-04-11T21:44:10Z,27.114397,-165.443380
2025-04-11T21:44:11Z,27.114398,-165.443383
2025-04-11T21:44:12Z,27.114398,-165.443382
2025-04-11T21:44:13Z,27.114398,-165.443380
2025-04-11T21:44:14Z,27.114398,-165.443378
2025-04-11T21:44:15Z,27.114399,-165.443375
2025-04-11T21:44:16Z,27.114399,-165.443373
2025-04-11T21:44:17Z,27.114399,-165.443371
2025-04-11T21:44:18Z,27.114399,-165.443368
2025-04-11T21:44:19Z,27.114399,-165.443366
2025-04-11T21:44:20Z,27.114399,-165.443364
2025-04-11T21:44:21Z,27.114399,-165.443361
2025-04-11T21:44:22Z,27.114400,-165.443359
2025-04-11T21:44:23Z,27.114400,-165.443357
2025-04-11T21:44:24Z,27.114400,-165.443355
2025-04-11T21:44:25Z,27.114400,-165.443352
2025-04-11T21:44:26Z,27.114400,-165.443350
2025-04-11T21:44:27Z,27.114400,-165.443348
2025-04-11T21:44:28Z,27.114400,-165.443345
2025-04-11T21:44:29Z,27.114401,-165.443343
2025-04-11T21:44:30Z,27.114401,-165.443341
2025-04-11T21:44:31Z,27.114401,-165.443339
2025-04-11T21:44:32Z,27.114401,-165.443336
2025-04-11T21:44:33Z,27.114399,-165.443331
2025-04-11T21:44:34Z,27.114394,-165.443323
2025-04-11T21:44:35Z,27.114389,-165.443314
2025-04-11T21:44:36Z,27.114385,-165.443306
2025-04-11T21:44:37Z,27.114380,-165.443298
2025-04-11T21:44:38Z,27.114375,-165.443289
2025-04-11T21:44:39Z,27.114371,-165.443281
2025-04-11T21:44:40Z,27.114366,-165.443272
2025-04-11T21:44:41Z,27.114364,-165.443273
2025-04-11T21:44:42Z,27.114363,-165.443280
2025-04-11T21:44:43Z,27.114362,-165.443287
2025-04-11T21:44:44Z,27.114361,-165.443294
2025-04-11T21:44:45Z,27.114360,-165.443301
2025-04-11T21:44:46Z,27.114360,-165.443308
2025-04-11T21:44:47Z,27.114359,-165.443315
2025-04-11T21:44:48Z,27.114358,-165.443322
2025-04-11T21:44:49Z,27.114359,-165.443315
2025-04-11T21:44:50Z,27.114361,-165.443304
2025-04-11T21:44:51Z,27.114363,-165.443292
2025-04-11T21:44:52Z,27.114365,-165.443280
2025-04-11T21:44:53Z,27.114367,-165.443268
2025-04-11T21:44:54Z,27.114369,-165.443257
2025-04-11T21:44:55Z,27.114371,-165.443245
2025-04-11T21:44:56Z,27.114372,-165.443233
2025-04-11T21:44:57Z,27.114376,-165.443228
2025-04-11T21:44:58Z,27.114380,-165.443226
2025-04-11T21:44:59Z,27.114383,-165.443223
2025-04-11T21:45:00Z,27.114387,-165.443221
2025-04-11T21:45:01Z,27.114391,-165.443218
2025-04-11T21:45:02Z,27.114395,-165.443216
2025-04-11T21:45:03Z,27.114398,-165.443213
2025-04-11T21:45:04Z,27.114402,-165.443211
2025-04-11T21:45:05Z,27.114401,-165.443218
2025-04-11T21:45:06Z,27.114401,-165.443225
2025-04-11T21:45:07Z,27.114400,-165.443232
2025-04-11T21:45:08Z,27.114400,-165.443239
2025-04-11T21:45:09Z,27.114399,-165.443246
2025-04-11T21:45:10Z,27.114399,-165.443253
2025-04-11T21:45:11Z,27.114398,-165.443260
2025-04-11T21:45:12Z,27.114398,-165.443266
2025-04-11T21:45:13Z,27.114397,-165.443273
2025-04-11T21:45:14Z,27.114396,-165.443280
2025-04-11T21:45:15Z,27.114396,-165.443287
2025-04-11T21:45:16Z,27.114395,-165.443294
2025-04-11T21:45:17Z,27.114395,-165.443301
2025-04-11T21:45:18Z,27.114394,-165.443308
2025-04-11T21:45:19Z,27.114394,-165.443315
2025-04-11T21:45:20Z,27.114393,-165.443322
2025-04-11T21:45:21Z,27.114392,-165.443329
2025-04-11T21:45:22Z,27.114392,-165.443336
2025-04-11T21:45:23Z,27.114391,-165.443343
2025-04-11T21:45:24Z,27.114391,-165.443350
2025-04-11T21:45:25Z,27.114390,-165.443357
2025-04-11T21:45:26Z,27.114391,-165.443360
2025-04-11T21:45:27Z,27.114392,-165.443363
2025-04-11T21:45:28Z,27.114394,-165.443365
2025-04-11T21:45:29Z,27.114395,-165.443367
2025-04-11T21:45:30Z,27.114396,-165.443369
2025-04-11T21:45:31Z,27.114398,-165.443371
2025-04-11T21:45:32Z,27.114399,-165.443373
2025-04-11T21:45:33Z,27.114401,-165.443375
2025-04-11T21:45:34Z,27.114394,-165.443376
2025-04-11T21:45:35Z,27.114384,-165.443375
2025-04-11T21:45:36Z,27.114374,-165.443374
2025-04-11T21:45:37Z,27.114364,-165.443374
2025-04-11T21:45:38Z,27.114354,-165.443373
2025-04-11T21:45:39Z,27.114344,-165.443372
2025-04-11T21:45:40Z,27.114334,-165.443372
2025-04-11T21:45:41Z,27.114324,-165.443371
2025-04-11T21:45:42Z,27.114322,-165.443364
2025-04-11T21:45:43Z,27.114320,-165.443356
2025-04-11T21:45:44Z,27.114319,-165.443347
2025-04-11T21:45:45Z,27.114318,-165.443339
2025-04-11T21:45:46Z,27.114316,-165.443331
2025-04-11T21:45:47Z,27.114315,-165.443323
2025-04-11T21:45:48Z,27.114313,-165.443314
2025-04-11T21:45:49Z,27.114313,-165.443306
2025-04-11T21:45:50Z,27.114318,-165.443297
2025-04-11T21:45:51Z,27.114323,-165.443287
2025-04-11T21:45:52Z,27.114329,-165.443278
2025-04-11T21:45:53Z,27.114334,-165.443268
2025-04-11T21:45:54Z,27.114340,-165.443259
2025-04-11T21:45:55Z,27.114345,-165.443249
2025-04-11T21:45:56Z,27.114351,-165.443240
2025-04-11T21:45:57Z,27.114351,-165.443234
2025-04-11T21:45:58Z,27.114345,-165.443234
2025-04-11T21:45:59Z,27.114339,-165.443235
2025-04-11T21:46:00Z,27.114333,-165.443235
2025-04-11T21:46:01Z,27.114326,-165.443235
2025-04-11T21:46:02Z,27.114320,-165.443235
2025-04-11T21:46:03Z,27.114314,-165.443236
2025-04-11T21:46:04Z,27.114308,-165.443236
2025-04-11T21:46:05Z,27.114306,-165.443237
2025-04-11T21:46:06Z,27.114310,-165.443238
2025-04-11T21:46:07Z,27.114314,-165.443239
2025-04-11T21:46:08Z,27.114317,-165.443240
2025-04-11T21:46:09Z,27.114321,-165.443242
2025-04-11T21:46:10Z,27.114325,-165.443243
2025-04-11T21:46:11Z,27.114329,-165.443244
2025-04-11T21:46:12Z,27.114333,-165.443245
2025-04-11T21:46:13Z,27.114332,-165.443247
2025-04-11T21:46:14Z,27.114328,-165.443250
2025-04-11T21:46:15Z,27.114323,-165.443252
2025-04-11T21:46:16Z,27.114318,-165.443254
2025-04-11T21:46:17Z,27.114313,-165.443257
2025-04-11T21:46:18Z,27.114309,-165.443259
2025-04-11T21:46:19Z,27.114304,-165.443261
2025-04-11T21:46:20Z,27.114299,-165.443264
2025-04-11T21:46:21Z,27.114295,-165.443266
2025-04-11T21:46:22Z,27.114290,-165.443269
2025-04-11T21:46:23Z,27.114285,-165.443271
2025-04-11T21:46:24Z,27.114280,-165.443273
2025-04-11T21:46:25Z,27.114276,-165.443276
2025-04-11T21:46:26Z,27.114271,-165.443278
2025-04-11T21:46:27Z,27.114266,-165.443280
2025-04-11T21:46:28Z,27.114262,-165.443283
2025-04-11T21:46:29Z,27.114260,-165.443282
2025-04-11T21:46:30Z,27.114261,-165.443278
2025-04-11T21:46:31Z,27.114263,-165.443274
2025-04-11T21:46:32Z,27.114264,-165.443270
2025-04-11T21:46:33Z,27.114266,-165.443266
2025-04-11T21:46:34Z,27.114267,-165.443262
2025-04-11T21:46:35Z,27.114269,-165.443258
2025-04-11T21:46:36Z,27.114270,-165.443254
2025-04-11T21:46:37Z,27.114276,-165.443255
2025-04-11T21:46:38Z,27.114285,-165.443260
2025-04-11T21:46:39Z,27.114293,-165.443265
2025-04-11T21:46:40Z,27.114302,-165.443270
2025-04-11T21:46:41Z,27.114311,-165.443275
2025-04-11T21:46:42Z,27.114320,-165.443280
2025-04-11T21:46:43Z,27.114329,-165.443285
2025-04-11T21:46:44Z,27.114338,-165.443290
2025-04-11T21:46:45Z,27.114336,-165.443288
2025-04-11T21:46:46Z,27.114331,-165.443285
2025-04-11T21:46:47Z,27.114327,-165.443282
2025-04-11T21:46:48Z,27.114323,-165.443279
2025-04-11T21:46:49Z,27.114319,-165.443276
2025-04-11T21:46:50Z,27.114315,-165.443273
2025-04-11T21:46:51Z,27.114311,-165.443270
2025-04-11T21:46:52Z,27.114307,-165.443267
2025-04-11T21:46:53Z,27.114303,-165.443264
2025-04-11T21:46:54Z,27.114299,-165.443261
2025-04-11T21:46:55Z,27.114295,-165.443258
2025-04-11T21:46:56Z,27.114291,-165.443255
2025-04-11T21:46:57Z,27.114287,-165.443252
2025-04-11T21:46:58Z,27.114283,-165.443249
2025-04-11T21:46:59Z,27.114279,-165.443246
2025-04-11T21:47:00Z,27.114275,-165.443243
2025-04-11T21:47:01Z,27.114271,-165.443240
2025-04-11T21:47:02Z,27.114267,-165.443237
2025-04-11T21:47:03Z,27.114263,-165.443234
2025-04-11T21:47:04Z,27.114259,-165.443231
2025-04-11T21:47:05Z,27.114255,-165.443228
2025-04-11T21:47:06Z,27.114252,-165.443228
2025-04-11T21:47:07Z,27.114253,-165.443236
2025-04-11T21:47:08Z,27.114254,-165.443244
2025-04-11T21:47:09Z,27.114255,-165.443251
2025-04-11T21:47:10Z,27.114256,-165.443259
2025-04-11T21:47:11Z,27.114257,-165.443266
2025-04-11T21:47:12Z,27.114258,-165.443274
2025-04-11T21:47:13Z,27.114259,-165.443282
2025-04-11T21:47:14Z,27.114260,-165.443286
2025-04-11T21:47:15Z,27.114259,-165.443283
2025-04-11T21:47:16Z,27.114259,-165.443280
2025-04-11T21:47:17Z,27.114258,-165.443277
2025-04-11T21:47:18Z,27.114258,-165.443273
2025-04-11T21:47:19Z,27.114257,-165.443270
2025-04-11T21:47:20Z,27.114257,-165.443267
2025-04-11T21:47:21Z,27.114256,-165.443264
2025-04-11T21:47:22Z,27.114256,-165.443261
2025-04-11T21:47:23Z,27.114255,-165.443258
2025-04-11T21:47:24Z,27.114255,-165.443254
2025-04-11T21:47:25Z,27.114254,-165.443251
2025-04-11T21:47:26Z,27.114254,-165.443248
2025-04-11T21:47:27Z,27.114253,-165.443245
2025-04-11T21:47:28Z,27.114253,-165.443242
2025-04-11T21:47:29Z,27.114252,-165.443239
2025-04-11T21:47:30Z,27.114252,-165.443235
2025-04-11T21:47:31Z,27.114251,-165.443232
2025-04-11T21:47:32Z,27.114250,-165.443229
2025-04-11T21:47:33Z,27.114250,-165.443226
2025-04-11T21:47:34Z,27.114249,-165.443223
2025-04-11T21:47:35Z,27.114248,-165.443220
2025-04-11T21:47:36Z,27.114240,-165.443224
2025-04-11T21:47:37Z,27.114232,-165.443227
2025-04-11T21:47:38Z,27.114224,-165.443231
2025-04-11T21:47:39Z,27.114216,-165.443234
2025-04-11T21:47:40Z,27.114208,-165.443237
2025-04-11T21:47:41Z,27.114200,-165.443241
2025-04-11T21:47:42Z,27.114192,-165.443244
2025-04-11T21:47:43Z,27.114188,-165.443247
2025-04-11T21:47:44Z,27.114200,-165.443247
2025-04-11T21:47:45Z,27.114212,-165.443248
2025-04-11T21:47:46Z,27.114223,-165.443248
2025-04-11T21:47:47Z,27.114235,-165.443248
2025-04-11T21:47:48Z,27.114246,-165.443248
2025-04-11T21:47:49Z,27.114258,-165.443249
2025-04-11T21:47:50Z,27.114269,-165.443249
2025-04-11T21:47:51Z,27.114278,-165.443249
2025-04-11T21:47:52Z,27.114276,-165.443249
2025-04-11T21:47:53Z,27.114275,-165.443250
2025-04-11T21:47:54Z,27.114273,-165.443250
2025-04-11T21:47:55Z,27.114271,-165.443251
2025-04-11T21:47:56Z,27.114270,-165.443251
2025-04-11T21:47:57Z,27.114268,-165.443251
2025-04-11T21:47:58Z,27.114267,-165.443252
2025-04-11T21:47:59Z,27.114265,-165.443252
2025-04-11T21:48:00Z,27.114264,-165.443252
2025-04-11T21:48:01Z,27.114262,-165.443253
2025-04-11T21:48:02Z,27.114261,-165.443253
2025-04-11T21:48:03Z,27.114259,-165.443254
2025-04-11T21:48:04Z,27.114258,-165.443254
2025-04-11T21:48:05Z,27.114256,-165.443254
2025-04-11T21:48:06Z,27.114255,-165.443255
2025-04-11T21:48:07Z,27.114253,-165.443255
2025-04-11T21:48:08Z,27.114252,-165.443255
2025-04-11T21:48:09Z,27.114250,-165.443256
2025-04-11T21:48:10Z,27.114248,-165.443256
2025-04-11T21:48:11Z,27.114247,-165.443257
2025-04-11T21:48:12Z,27.114245,-165.443257
2025-04-11T21:48:13Z,27.114245,-165.443256
2025-04-11T21:48:14Z,27.114245,-165.443254
2025-04-11T21:48:15Z,27.114245,-165.443253
2025-04-11T21:48:16Z,27.114245,-165.443252
2025-04-11T21:48:17Z,27.114246,-165.443250
2025-04-11T21:48:18Z,27.114246,-165.443249
2025-04-11T21:48:19Z,27.114246,-165.443247
2025-04-11T21:48:20Z,27.114246,-165.443247
2025-04-11T21:48:21Z,27.114241,-165.443258
2025-04-11T21:48:22Z,27.114237,-165.443269
2025-04-11T21:48:23Z,27.114233,-165.443280
2025-04-11T21:48:24Z,27.114229,-165.443291
2025-04-11T21:48:25Z,27.114225,-165.443302
2025-04-11T21:48:26Z,27.114221,-165.443312
2025-04-11T21:48:27Z,27.114217,-165.443323
2025-04-11T21:48:28Z,27.114211,-165.443335
2025-04-11T21:48:29Z,27.114202,-165.443350
2025-04-11T21:48:30Z,27.114193,-165.443364
2025-04-11T21:48:31Z,27.114183,-165.443379
2025-04-11T21:48:32Z,27.114174,-165.443393
2025-04-11T21:48:33Z,27.114164,-165.443408
2025-04-11T21:48:34Z,27.114155,-165.443422
2025-04-11T21:48:35Z,27.114146,-165.443437
2025-04-11T21:48:36Z,27.114143,-165.443443
2025-04-11T21:48:37Z,27.114150,-165.443436
2025-04-11T21:48:38Z,27.114157,-165.443428
2025-04-11T21:48:39Z,27.114164,-165.443421
2025-04-11T21:48:40Z,27.114172,-165.443413
2025-04-11T21:48:41Z,27.114179,-165.443406
2025-04-11T21:48:42Z,27.114186,-165.443398
2025-04-11T21:48:43Z,27.114193,-165.443391
2025-04-11T21:48:44Z,27.114196,-165.443384
2025-04-11T21:48:45Z,27.114185,-165.443377
2025-04-11T21:48:46Z,27.114173,-165.443371
2025-04-11T21:48:47Z,27.114161,-165.443365
2025-04-11T21:48:48Z,27.114150,-165.443358
2025-04-11T21:48:49Z,27.114138,-165.443352
2025-04-11T21:48:50Z,27.114127,-165.443346
2025-04-11T21:48:51Z,27.114115,-165.443339
2025-04-11T21:48:52Z,27.114117,-165.443333
2025-04-11T21:48:53Z,27.114127,-165.443328
2025-04-11T21:48:54Z,27.114136,-165.443322
2025-04-11T21:48:55Z,27.114146,-165.443316
2025-04-11T21:48:56Z,27.114155,-165.443310
2025-04-11T21:48:57Z,27.114165,-165.443304
2025-04-11T21:48:58Z,27.114174,-165.443299
2025-04-11T21:48:59Z,27.114183,-165.443293
2025-04-11T21:49:00Z,27.114186,-165.443290
2025-04-11T21:49:01Z,27.114187,-165.443288
2025-04-11T21:49:02Z,27.114189,-165.443286
2025-04-11T21:49:03Z,27.114190,-165.443284
2025-04-11T21:49:04Z,27.114191,-165.443282
2025-04-11T21:49:05Z,27.114192,-165.443280
2025-04-11T21:49:06Z,27.114193,-165.443278
2025-04-11T21:49:07Z,27.114195,-165.443275
2025-04-11T21:49:08Z,27.114200,-165.443276
2025-04-11T21:49:09Z,27.114207,-165.443277
2025-04-11T21:49:10Z,27.114214,-165.443278
2025-04-11T21:49:11Z,27.114221,-165.443279
2025-04-11T21:49:12Z,27.114228,-165.443281
2025-04-11T21:49:13Z,27.114235,-165.443282
2025-04-11T21:49:14Z,27.114242,-165.443283
2025-04-11T21:49:15Z,27.114248,-165.443284
2025-04-11T21:49:16Z,27.114249,-165.443286
2025-04-11T21:49:17Z,27.114250,-165.443288
2025-04-11T21:49:18Z,27.114250,-165.443290
2025-04-11T21:49:19Z,27.114251,-165.443292
2025-04-11T21:49:20Z,27.114252,-165.443294
2025-04-11T21:49:21Z,27.114253,-165.443295
2025-04-11T21:49:22Z,27.114253,-165.443297
2025-04-11T21:49:23Z,27.114254,-165.443299
2025-04-11T21:49:24Z,27.114250,-165.443305
2025-04-11T21:49:25Z,27.114245,-165.443310
2025-04-11T21:49:26Z,27.114241,-165.443315
2025-04-11T21:49:27Z,27.114237,-165.443321
2025-04-11T21:49:28Z,27.114233,-165.443326
2025-04-11T21:49:29Z,27.114229,-165.443331
2025-04-11T21:49:30Z,27.114224,-165.443337
2025-04-11T21:49:31Z,27.114221,-165.443340
2025-04-11T21:49:32Z,27.114223,-165.443337
2025-04-11T21:49:33Z,27.114224,-165.443334
2025-04-11T21:49:34Z,27.114225,-165.443331
2025-04-11T21:49:35Z,27.114226,-165.443328
2025-04-11T21:49:36Z,27.114228,-165.443325
2025-04-11T21:49:37Z,27.114229,-165.443322
2025-04-11T21:49:38Z,27.114230,-165.443319
2025-04-11T21:49:39Z,27.114231,-165.443316
2025-04-11T21:49:40Z,27.114233,-165.443313
2025-04-11T21:49:41Z,27.114234,-165.443309
2025-04-11T21:49:42Z,27.114235,-165.443306
2025-04-11T21:49:43Z,27.114236,-165.443303
2025-04-11T21:49:44Z,27.114238,-165.443300
2025-04-11T21:49:45Z,27.114239,-165.443297
2025-04-11T21:49:46Z,27.114240,-165.443294
2025-04-11T21:49:47Z,27.114242,-165.443291
2025-04-11T21:49:48Z,27.114243,-165.443288
2025-04-11T21:49:49Z,27.114244,-165.443285
2025-04-11T21:49:50Z,27.114245,-165.443281
2025-04-11T21:49:51Z,27.114247,-165.443278
2025-04-11T21:49:52Z,27.114248,-165.443275
2025-04-11T21:49:53Z,27.114244,-165.443275
2025-04-11T21:49:54Z,27.114239,-165.443275
2025-04-11T21:49:55Z,27.114235,-165.443276
2025-04-11T21:49:56Z,27.114230,-165.443276
2025-04-11T21:49:57Z,27.114226,-165.443276
2025-04-11T21:49:58Z,27.114221,-165.443276
2025-04-11T21:49:59Z,27.114217,-165.443277
2025-04-11T21:50:00Z,27.114212,-165.443277
2025-04-11T21:50:01Z,27.114217,-165.443272
2025-04-11T21:50:02Z,27.114222,-165.443266
2025-04-11T21:50:03Z,27.114227,-165.443260
2025-04-11T21:50:04Z,27.114232,-165.443254
2025-04-11T21:50:05Z,27.114237,-165.443248
2025-04-11T21:50:06Z,27.114242,-165.443242
2025-04-11T21:50:07Z,27.114247,-165.443237
2025-04-11T21:50:08Z,27.114252,-165.443231
2025-04-11T21:50:09Z,27.114255,-165.443231
2025-04-11T21:50:10Z,27.114258,-165.443230
2025-04-11T21:50:11Z,27.114260,-165.443230
2025-04-11T21:50:12Z,27.114263,-165.443229
2025-04-11T21:50:13Z,27.114266,-165.443229
2025-04-11T21:50:14Z,27.114268,-165.443229
2025-04-11T21:50:15Z,27.114271,-165.443228
2025-04-11T21:50:16Z,27.114273,-165.443230
2025-04-11T21:50:17Z,27.114275,-165.443236
2025-04-11T21:50:18Z,27.114276,-165.443242
2025-04-11T21:50:19Z,27.114278,-165.443249
2025-04-11T21:50:20Z,27.114279,-165.443255
2025-04-11T21:50:21Z,27.114280,-165.443261
2025-04-11T21:50:22Z,27.114282,-165.443268
2025-04-11T21:50:23Z,27.114283,-165.443274
2025-04-11T21:50:24Z,27.114285,-165.443277
2025-04-11T21:50:25Z,27.114287,-165.443274
2025-04-11T21:50:26Z,27.114290,-165.443271
2025-04-11T21:50:27Z,27.114293,-165.443268
2025-04-11T21:50:28Z,27.114295,-165.443265
2025-04-11T21:50:29Z,27.114298,-165.443263
2025-04-11T21:50:30Z,27.114300,-165.443260
2025-04-11T21:50:31Z,27.114303,-165.443257
2025-04-11T21:50:32Z,27.114305,-165.443254
2025-04-11T21:50:33Z,27.114308,-165.443251
2025-04-11T21:50:34Z,27.114310,-165.443248
2025-04-11T21:50:35Z,27.114313,-165.443245
2025-04-11T21:50:36Z,27.114316,-165.443242
2025-04-11T21:50:37Z,27.114318,-165.443240
2025-04-11T21:50:38Z,27.114321,-165.443237
2025-04-11T21:50:39Z,27.114323,-165.443234
2025-04-11T21:50:40Z,27.114326,-165.443231
2025-04-11T21:50:41Z,27.114328,-165.443228
2025-04-11T21:50:42Z,27.114331,-165.443225
2025-04-11T21:50:43Z,27.114333,-165.443222
2025-04-11T21:50:44Z,27.114336,-165.443219
2025-04-11T21:50:45Z,27.114339,-165.443217
2025-04-11T21:50:46Z,27.114338,-165.443215
2025-04-11T21:50:47Z,27.114337,-165.443215
2025-04-11T21:50:48Z,27.114336,-165.443214
2025-04-11T21:50:49Z,27.114336,-165.443213
2025-04-11T21:50:50Z,27.114335,-165.443212
2025-04-11T21:50:51Z,27.114334,-165.443211
2025-04-11T21:50:52Z,27.114333,-165.443211
2025-04-11T21:50:53Z,27.114332,-165.443210
2025-04-11T21:50:54Z,27.114334,-165.443214
2025-04-11T21:50:55Z,27.114336,-165.443217
2025-04-11T21:50:56Z,27.114338,-165.443220
2025-04-11T21:50:57Z,27.114339,-165.443223
2025-04-11T21:50:58Z,27.114341,-165.443227
2025-04-11T21:50:59Z,27.114343,-165.443230
2025-04-11T21:51:00Z,27.114345,-165.443233
2025-04-11T21:51:01Z,27.114346,-165.443237
2025-04-11T21:51:02Z,27.114347,-165.443240
2025-04-11T21:51:03Z,27.114348,-165.443243
2025-04-11T21:51:04Z,27.114348,-165.443247
2025-04-11T21:51:05Z,27.114349,-165.443250
2025-04-11T21:51:06Z,27.114350,-165.443254
2025-04-11T21:51:07Z,27.114351,-165.443257
2025-04-11T21:51:08Z,27.114351,-165.443260
2025-04-11T21:51:09Z,27.114351,-165.443264
2025-04-11T21:51:10Z,27.114348,-165.443267
2025-04-11T21:51:11Z,27.114345,-165.443270
2025-04-11T21:51:12Z,27.114341,-165.443273
2025-04-11T21:51:13Z,27.114338,-165.443276
2025-04-11T21:51:14Z,27.114335,-165.443279
2025-04-11T21:51:15Z,27.114332,-165.443282
2025-04-11T21:51:16Z,27.114328,-165.443285
2025-04-11T21:51:17Z,27.114326,-165.443287
2025-04-11T21:51:18Z,27.114328,-165.443287
2025-04-11T21:51:19Z,27.114330,-165.443286
2025-04-11T21:51:20Z,27.114331,-165.443286
2025-04-11T21:51:21Z,27.114333,-165.443286
2025-04-11T21:51:22Z,27.114335,-165.443286
2025-04-11T21:51:23Z,27.114336,-165.443285
2025-04-11T21:51:24Z,27.114338,-165.443285
2025-04-11T21:51:25Z,27.114340,-165.443283
2025-04-11T21:51:26Z,27.114342,-165.443278
2025-04-11T21:51:27Z,27.114344,-165.443273
2025-04-11T21:51:28Z,27.114346,-165.443268
2025-04-11T21:51:29Z,27.114348,-165.443264
2025-04-11T21:51:30Z,27.114350,-165.443259
2025-04-11T21:51:31Z,27.114352,-165.443254
2025-04-11T21:51:32Z,27.114355,-165.443249
2025-04-11T21:51:33Z,27.114355,-165.443244
2025-04-11T21:51:34Z,27.114352,-165.443237
2025-04-11T21:51:35Z,27.114349,-165.443229
2025-04-11T21:51:36Z,27.114345,-165.443222
2025-04-11T21:51:37Z,27.114342,-165.443215
2025-04-11T21:51:38Z,27.114339,-165.443208
2025-04-11T21:51:39Z,27.114336,-165.443201
2025-04-11T21:51:40Z,27.114333,-165.443193
2025-04-11T21:51:41Z,27.114327,-165.443185
2025-04-11T21:51:42Z,27.114320,-165.443174
2025-04-11T21:51:43Z,27.114313,-165.443164
2025-04-11T21:51:44Z,27.114306,-165.443154
2025-04-11T21:51:45Z,27.114299,-165.443144
2025-04-11T21:51:46Z,27.114292,-165.443134
2025-04-11T21:51:47Z,27.114285,-165.443123
2025-04-11T21:51:48Z,27.114278,-165.443113
2025-04-11T21:51:49Z,27.114278,-165.443116
2025-04-11T21:51:50Z,27.114282,-165.443127
2025-04-11T21:51:51Z,27.114286,-165.443138
2025-04-11T21:51:52Z,27.114290,-165.443149
2025-04-11T21:51:53Z,27.114295,-165.443161
2025-04-11T21:51:54Z,27.114299,-165.443172
2025-04-11T21:51:55Z,27.114303,-165.443183
2025-04-11T21:51:56Z,27.114308,-165.443195
2025-04-11T21:51:57Z,27.114312,-165.443206
2025-04-11T21:51:58Z,27.114316,-165.443217
2025-04-11T21:51:59Z,27.114320,-165.443228
2025-04-11T21:52:00Z,27.114325,-165.443240
2025-04-11T21:52:01Z,27.114329,-165.443251
2025-04-11T21:52:02Z,27.114333,-165.443262
2025-04-11T21:52:03Z,27.114338,-165.443274
2025-04-11T21:52:04Z,27.114342,-165.443285
2025-04-11T21:52:05Z,27.114346,-165.443296
2025-04-11T21:52:06Z,27.114351,-165.443307
2025-04-11T21:52:07Z,27.114355,-165.443319
2025-04-11T21:52:08Z,27.114359,-165.443330
2025-04-11T21:52:09Z,27.114363,-165.443341
2025-04-11T21:52:10Z,27.114365,-165.443345
2025-04-11T21:52:11Z,27.114364,-165.443337
2025-04-11T21:52:12Z,27.114362,-165.443329
2025-04-11T21:52:13Z,27.114361,-165.443321
2025-04-11T21:52:14Z,27.114359,-165.443313
2025-04-11T21:52:15Z,27.114358,-165.443305
2025-04-11T21:52:16Z,27.114356,-165.443296
2025-04-11T21:52:17Z,27.114355,-165.443288
2025-04-11T21:52:18Z,27.114355,-165.443286
2025-04-11T21:52:19Z,27.114356,-165.443287
2025-04-11T21:52:20Z,27.114358,-165.443289
2025-04-11T21:52:21Z,27.114359,-165.443290
2025-04-11T21:52:22Z,27.114361,-165.443291
2025-04-11T21:52:23Z,27.114362,-165.443293
2025-04-11T21:52:24Z,27.114364,-165.443294
2025-04-11T21:52:25Z,27.114365,-165.443295
2025-04-11T21:52:26Z,27.114366,-165.443296
2025-04-11T21:52:27Z,27.114366,-165.443296
2025-04-11T21:52:28Z,27.114366,-165.443296
2025-04-11T21:52:29Z,27.114366,-165.443296
2025-04-11T21:52:30Z,27.114365,-165.443297
2025-04-11T21:52:31Z,27.114365,-165.443297
2025-04-11T21:52:32Z,27.114365,-165.443297
2025-04-11T21:52:33Z,27.114365,-165.443297
2025-04-11T21:52:34Z,27.114364,-165.443293
2025-04-11T21:52:35Z,27.114363,-165.443287
2025-04-11T21:52:36Z,27.114362,-165.443281
2025-04-11T21:52:37Z,27.114361,-165.443275
2025-04-11T21:52:38Z,27.114360,-165.443269
2025-04-11T21:52:39Z,27.114359,-165.443263
2025-04-11T21:52:40Z,27.114357,-165.443257
2025-04-11T21:52:41Z,27.114356,-165.443251
2025-04-11T21:52:42Z,27.114355,-165.443247
2025-04-11T21:52:43Z,27.114353,-165.443242
2025-04-11T21:52:44Z,27.114352,-165.443238
2025-04-11T21:52:45Z,27.114350,-165.443234
2025-04-11T21:52:46Z,27.114349,-165.443230
2025-04-11T21:52:47Z,27.114347,-165.443225
2025-04-11T21:52:48Z,27.114345,-165.443221
2025-04-11T21:52:49Z,27.114344,-165.443217
2025-04-11T21:52:50Z,27.114348,-165.443212
2025-04-11T21:52:51Z,27.114352,-165.443208
2025-04-11T21:52:52Z,27.114356,-165.443203
2025-04-11T21:52:53Z,27.114359,-165.443199
2025-04-11T21:52:54Z,27.114363,-165.443194
2025-04-11T21:52:55Z,27.114367,-165.443189
2025-04-11T21:52:56Z,27.114371,-165.443185
2025-04-11T21:52:57Z,27.114374,-165.443180
2025-04-11T21:52:58Z,27.114371,-165.443177
2025-04-11T21:52:59Z,27.114368,-165.443173
2025-04-11T21:53:00Z,27.114365,-165.443169
2025-04-11T21:53:01Z,27.114362,-165.443165
2025-04-11T21:53:02Z,27.114360,-165.443161
2025-04-11T21:53:03Z,27.114357,-165.443157
2025-04-11T21:53:04Z,27.114354,-165.443153
2025-04-11T21:53:05Z,27.114351,-165.443149
2025-04-11T21:53:06Z,27.114348,-165.443145
2025-04-11T21:53:07Z,27.114346,-165.443141
2025-04-11T21:53:08Z,27.114343,-165.443137
2025-04-11T21:53:09Z,27.114340,-165.443133
2025-04-11T21:53:10Z,27.114337,-165.443129
2025-04-11T21:53:11Z,27.114334,-165.443125
2025-04-11T21:53:12Z,27.114331,-165.443121
2025-04-11T21:53:13Z,27.114329,-165.443118
2025-04-11T21:53:14Z,27.114326,-165.443114
2025-04-11T21:53:15Z,27.114323,-165.443110
2025-04-11T21:53:16Z,27.114320,-165.443106
2025-04-11T21:53:17Z,27.114317,-165.443102
2025-04-11T21:53:18Z,27.114315,-165.443098
2025-04-11T21:53:19Z,27.114316,-165.443098
2025-04-11T21:53:20Z,27.114319,-165.443100
2025-04-11T21:53:21Z,27.114321,-165.443102
2025-04-11T21:53:22Z,27.114324,-165.443104
2025-04-11T21:53:23Z,27.114327,-165.443105
2025-04-11T21:53:24Z,27.114329,-165.443107
2025-04-11T21:53:25Z,27.114332,-165.443109
2025-04-11T21:53:26Z,27.114335,-165.443111
2025-04-11T21:53:27Z,27.114337,-165.443112
2025-04-11T21:53:28Z,27.114340,-165.443114
2025-04-11T21:53:29Z,27.114342,-165.443116
2025-04-11T21:53:30Z,27.114345,-165.443118
2025-04-11T21:53:31Z,27.114348,-165.443120
2025-04-11T21:53:32Z,27.114350,-165.443121
2025-04-11T21:53:33Z,27.114353,-165.443123
2025-04-11T21:53:34Z,27.114356,-165.443125
2025-04-11T21:53:35Z,27.114358,-165.443127
2025-04-11T21:53:36Z,27.114361,-165.443128
2025-04-11T21:53:37Z,27.114364,-165.443130
2025-04-11T21:53:38Z,27.114366,-165.443132
2025-04-11T21:53:39Z,27.114369,-165.443134
2025-04-11T21:53:40Z,27.114372,-165.443136
2025-04-11T21:53:41Z,27.114377,-165.443139
2025-04-11T21:53:42Z,27.114382,-165.443143
2025-04-11T21:53:43Z,27.114386,-165.443147
2025-04-11T21:53:44Z,27.114391,-165.443150
2025-04-11T21:53:45Z,27.114396,-165.443154
2025-04-11T21:53:46Z,27.114401,-165.443157
2025-04-11T21:53:47Z,27.114405,-165.443161
2025-04-11T21:53:48Z,27.114410,-165.443164
2025-04-11T21:53:49Z,27.114415,-165.443168
2025-04-11T21:53:50Z,27.114420,-165.443172
2025-04-11T21:53:51Z,27.114424,-165.443175
2025-04-11T21:53:52Z,27.114429,-165.443179
2025-04-11T21:53:53Z,27.114434,-165.443182
2025-04-11T21:53:54Z,27.114439,-165.443186
2025-04-11T21:53:55Z,27.114443,-165.443190
2025-04-11T21:53:56Z,27.114448,-165.443193
2025-04-11T21:53:57Z,27.114453,-165.443197
2025-04-11T21:53:58Z,27.114458,-165.443200
2025-04-11T21:53:59Z,27.114463,-165.443204
2025-04-11T21:54:00Z,27.114467,-165.443207
2025-04-11T21:54:01Z,27.114472,-165.443211
2025-04-11T21:54:02Z,27.114471,-165.443216
2025-04-11T21:54:03Z,27.114470,-165.443220
2025-04-11T21:54:04Z,27.114469,-165.443225
2025-04-11T21:54:05Z,27.114467,-165.443230
2025-04-11T21:54:06Z,27.114466,-165.443234
2025-04-11T21:54:07Z,27.114465,-165.443239
2025-04-11T21:54:08Z,27.114464,-165.443244
2025-04-11T21:54:09Z,27.114462,-165.443248
2025-04-11T21:54:10Z,27.114455,-165.443246
2025-04-11T21:54:11Z,27.114447,-165.443245
2025-04-11T21:54:12Z,27.114440,-165.443243
2025-04-11T21:54:13Z,27.114432,-165.443242
2025-04-11T21:54:14Z,27.114425,-165.443240
2025-04-11T21:54:15Z,27.114418,-165.443239
2025-04-11T21:54:16Z,27.114410,-165.443237
2025-04-11T21:54:17Z,27.114406,-165.443235
2025-04-11T21:54:18Z,27.114418,-165.443226
2025-04-11T21:54:19Z,27.114429,-165.443218
2025-04-11T21:54:20Z,27.114441,-165.443210
2025-04-11T21:54:21Z,27.114453,-165.443201
2025-04-11T21:54:22Z,27.114465,-165.443193
2025-04-11T21:54:23Z,27.114477,-165.443185
2025-04-11T21:54:24Z,27.114488,-165.443177
2025-04-11T21:54:25Z,27.114492,-165.443174
2025-04-11T21:54:26Z,27.114484,-165.443177
2025-04-11T21:54:27Z,27.114476,-165.443180
2025-04-11T21:54:28Z,27.114468,-165.443184
2025-04-11T21:54:29Z,27.114460,-165.443187
2025-04-11T21:54:30Z,27.114452,-165.443191
2025-04-11T21:54:31Z,27.114444,-165.443194
2025-04-11T21:54:32Z,27.114436,-165.443197
2025-04-11T21:54:33Z,27.114431,-165.443203
2025-04-11T21:54:34Z,27.114426,-165.443211
2025-04-11T21:54:35Z,27.114422,-165.443219
2025-04-11T21:54:36Z,27.114417,-165.443227
2025-04-11T21:54:37Z,27.114413,-165.443234
2025-04-11T21:54:38Z,27.114409,-165.443242
2025-04-11T21:54:39Z,27.114404,-165.443250
2025-04-11T21:54:40Z,27.114400,-165.443258
2025-04-11T21:54:41Z,27.114396,-165.443256
2025-04-11T21:54:42Z,27.114393,-165.443247
2025-04-11T21:54:43Z,27.114389,-165.443238
2025-04-11T21:54:44Z,27.114386,-165.443229
2025-04-11T21:54:45Z,27.114382,-165.443220
2025-04-11T21:54:46Z,27.114379,-165.443211
2025-04-11T21:54:47Z,27.114375,-165.443202
2025-04-11T21:54:48Z,27.114372,-165.443193
2025-04-11T21:54:49Z,27.114368,-165.443184
2025-04-11T21:54:50Z,27.114365,-165.443175
2025-04-11T21:54:51Z,27.114361,-165.443166
2025-04-11T21:54:52Z,27.114358,-165.443157
2025-04-11T21:54:53Z,27.114354,-165.443148
2025-04-11T21:54:54Z,27.114351,-165.443139
2025-04-11T21:54:55Z,27.114347,-165.443130
2025-04-11T21:54:56Z,27.114344,-165.443121
2025-04-11T21:54:57Z,27.114340,-165.443112
2025-04-11T21:54:58Z,27.114336,-165.443103
2025-04-11T21:54:59Z,27.114333,-165.443094
2025-04-11T21:55:00Z,27.114329,-165.443085
2025-04-11T21:55:01Z,27.114326,-165.443076
2025-04-11T21:55:02Z,27.114321,-165.443071
2025-04-11T21:55:03Z,27.114315,-165.443072
2025-04-11T21:55:04Z,27.114309,-165.443072
2025-04-11T21:55:05Z,27.114303,-165.443072
2025-04-11T21:55:06Z,27.114297,-165.443073
2025-04-11T21:55:07Z,27.114290,-165.443073
2025-04-11T21:55:08Z,27.114284,-165.443073
2025-04-11T21:55:09Z,27.114278,-165.443074
2025-04-11T21:55:10Z,27.114277,-165.443073
2025-04-11T21:55:11Z,27.114282,-165.443072
2025-04-11T21:55:12Z,27.114287,-165.443070
2025-04-11T21:55:13Z,27.114292,-165.443069
2025-04-11T21:55:14Z,27.114297,-165.443067
2025-04-11T21:55:15Z,27.114301,-165.443065
2025-04-11T21:55:16Z,27.114306,-165.443064
2025-04-11T21:55:17Z,27.114311,-165.443062
2025-04-11T21:55:18Z,27.114316,-165.443070
2025-04-11T21:55:19Z,27.114321,-165.443080
2025-04-11T21:55:20Z,27.114326,-165.443090
2025-04-11T21:55:21Z,27.114331,-165.443100
2025-04-11T21:55:22Z,27.114337,-165.443110
2025-04-11T21:55:23Z,27.114342,-165.443120
2025-04-11T21:55:24Z,27.114347,-165.443130
2025-04-11T21:55:25Z,27.114352,-165.443139
2025-04-11T21:55:26Z,27.114357,-165.443149
2025-04-11T21:55:27Z,27.114362,-165.443159
2025-04-11T21:55:28Z,27.114367,-165.443169
2025-04-11T21:55:29Z,27.114373,-165.443179
2025-04-11T21:55:30Z,27.114378,-165.443189
2025-04-11T21:55:31Z,27.114383,-165.443199
2025-04-11T21:55:32Z,27.114388,-165.443209
2025-04-11T21:55:33Z,27.114393,-165.443219
2025-04-11T21:55:34Z,27.114398,-165.443229
2025-04-11T21:55:35Z,27.114403,-165.443239
2025-04-11T21:55:36Z,27.114409,-165.443249
2025-04-11T21:55:37Z,27.114414,-165.443259
2025-04-11T21:55:38Z,27.114419,-165.443269
2025-04-11T21:55:39Z,27.114422,-165.443276
2025-04-11T21:55:40Z,27.114419,-165.443272
2025-04-11T21:55:41Z,27.114416,-165.443268
2025-04-11T21:55:42Z,27.114413,-165.443263
2025-04-11T21:55:43Z,27.114410,-165.443259
2025-04-11T21:55:44Z,27.114407,-165.443254
2025-04-11T21:55:45Z,27.114404,-165.443250
2025-04-11T21:55:46Z,27.114401,-165.443246
2025-04-11T21:55:47Z,27.114397,-165.443242
2025-04-11T21:55:48Z,27.114390,-165.443239
2025-04-11T21:55:49Z,27.114384,-165.443235
2025-04-11T21:55:50Z,27.114377,-165.443232
2025-04-11T21:55:51Z,27.114371,-165.443229
2025-04-11T21:55:52Z,27.114364,-165.443226
2025-04-11T21:55:53Z,27.114358,-165.443223
2025-04-11T21:55:54Z,27.114351,-165.443220
2025-04-11T21:55:55Z,27.114346,-165.443218
2025-04-11T21:55:56Z,27.114345,-165.443224
2025-04-11T21:55:57Z,27.114344,-165.443230
2025-04-11T21:55:58Z,27.114343,-165.443236
2025-04-11T21:55:59Z,27.114343,-165.443242
2025-04-11T21:56:00Z,27.114342,-165.443248
2025-04-11T21:56:01Z,27.114341,-165.443254
2025-04-11T21:56:02Z,27.114340,-165.443260
2025-04-11T21:56:03Z,27.114344,-165.443263
2025-04-11T21:56:04Z,27.114352,-165.443262
2025-04-11T21:56:05Z,27.114359,-165.443261
2025-04-11T21:56:06Z,27.114367,-165.443261
2025-04-11T21:56:07Z,27.114374,-165.443260
2025-04-11T21:56:08Z,27.114382,-165.443259
2025-04-11T21:56:09Z,27.114389,-165.443259
2025-04-11T21:56:10Z,27.114397,-165.443258
2025-04-11T21:56:11Z,27.114399,-165.443251
2025-04-11T21:56:12Z,27.114400,-165.443240
2025-04-11T21:56:13Z,27.114400,-165.443230
2025-04-11T21:56:14Z,27.114401,-165.443219
2025-04-11T21:56:15Z,27.114401,-165.443209
2025-04-11T21:56:16Z,27.114402,-165.443198
2025-04-11T21:56:17Z,27.114402,-165.443187
2025-04-11T21:56:18Z,27.114403,-165.443177
2025-04-11T21:56:19Z,27.114402,-165.443183
2025-04-11T21:56:20Z,27.114400,-165.443191
2025-04-11T21:56:21Z,27.114399,-165.443199
2025-04-11T21:56:22Z,27.114398,-165.443206
2025-04-11T21:56:23Z,27.114397,-165.443214
2025-04-11T21:56:24Z,27.114395,-165.443222
2025-04-11T21:56:25Z,27.114394,-165.443230
2025-04-11T21:56:26Z,27.114390,-165.443235
2025-04-11T21:56:27Z,27.114381,-165.443237
2025-04-11T21:56:28Z,27.114371,-165.443238
2025-04-11T21:56:29Z,27.114362,-165.443240
2025-04-11T21:56:30Z,27.114352,-165.443241
2025-04-11T21:56:31Z,27.114343,-165.443242
2025-04-11T21:56:32Z,27.114333,-165.443244
2025-04-11T21:56:33Z,27.114324,-165.443245
2025-04-11T21:56:34Z,27.114316,-165.443246
2025-04-11T21:56:35Z,27.114311,-165.443247
2025-04-11T21:56:36Z,27.114307,-165.443247
2025-04-11T21:56:37Z,27.114302,-165.443248
2025-04-11T21:56:38Z,27.114297,-165.443248
2025-04-11T21:56:39Z,27.114293,-165.443249
2025-04-11T21:56:40Z,27.114288,-165.443249
2025-04-11T21:56:41Z,27.114284,-165.443250
2025-04-11T21:56:42Z,27.114284,-165.443250
2025-04-11T21:56:43Z,27.114290,-165.443251
2025-04-11T21:56:44Z,27.114297,-165.443252
2025-04-11T21:56:45Z,27.114304,-165.443253
2025-04-11T21:56:46Z,27.114311,-165.443254
2025-04-11T21:56:47Z,27.114317,-165.443255
2025-04-11T21:56:48Z,27.114324,-165.443256
2025-04-11T21:56:49Z,27.114331,-165.443258
2025-04-11T21:56:50Z,27.114336,-165.443257
2025-04-11T21:56:51Z,27.114339,-165.443256
2025-04-11T21:56:52Z,27.114342,-165.443255
2025-04-11T21:56:53Z,27.114345,-165.443254
2025-04-11T21:56:54Z,27.114348,-165.443253
2025-04-11T21:56:55Z,27.114351,-165.443252
2025-04-11T21:56:56Z,27.114354,-165.443250
2025-04-11T21:56:57Z,27.114357,-165.443249
2025-04-11T21:56:58Z,27.114359,-165.443245
2025-04-11T21:56:59Z,27.114359,-165.443241
2025-04-11T21:57:00Z,27.114360,-165.443236
2025-04-11T21:57:01Z,27.114361,-165.443232
2025-04-11T21:57:02Z,27.114362,-165.443227
2025-04-11T21:57:03Z,27.114362,-165.443223
2025-04-11T21:57:04Z,27.114363,-165.443218
2025-04-11T21:57:05Z,27.114364,-165.443214
2025-04-11T21:57:06Z,27.114365,-165.443213
2025-04-11T21:57:07Z,27.114366,-165.443215
2025-04-11T21:57:08Z,27.114368,-165.443216
2025-04-11T21:57:09Z,27.114369,-165.443218
2025-04-11T21:57:10Z,27.114371,-165.443220
2025-04-11T21:57:11Z,27.114372,-165.443221
2025-04-11T21:57:12Z,27.114373,-165.443223
2025-04-11T21:57:13Z,27.114375,-165.443225
2025-04-11T21:57:14Z,27.114377,-165.443224
2025-04-11T21:57:15Z,27.114379,-165.443224
2025-04-11T21:57:16Z,27.114380,-165.443223
2025-04-11T21:57:17Z,27.114382,-165.443223
2025-04-11T21:57:18Z,27.114384,-165.443222
2025-04-11T21:57:19Z,27.114386,-165.443221
2025-04-11T21:57:20Z,27.114388,-165.443221
2025-04-11T21:57:21Z,27.114390,-165.443220
2025-04-11T21:57:22Z,27.114382,-165.443203
2025-04-11T21:57:23Z,27.114373,-165.443184
2025-04-11T21:57:24Z,27.114364,-165.443165
2025-04-11T21:57:25Z,27.114355,-165.443145
2025-04-11T21:57:26Z,27.114346,-165.443126
2025-04-11T21:57:27Z,27.114337,-165.443107
2025-04-11T21:57:28Z,27.114328,-165.443088
2025-04-11T21:57:29Z,27.114319,-165.443069
2025-04-11T21:57:30Z,27.114322,-165.443077
2025-04-11T21:57:31Z,27.114324,-165.443084
2025-04-11T21:57:32Z,27.114327,-165.443092
2025-04-11T21:57:33Z,27.114329,-165.443099
2025-04-11T21:57:34Z,27.114332,-165.443107
2025-04-11T21:57:35Z,27.114334,-165.443114
2025-04-11T21:57:36Z,27.114337,-165.443122
2025-04-11T21:57:37Z,27.114339,-165.443129
2025-04-11T21:57:38Z,27.114342,-165.443136
2025-04-11T21:57:39Z,27.114344,-165.443144
2025-04-11T21:57:40Z,27.114347,-165.443151
2025-04-11T21:57:41Z,27.114349,-165.443159
2025-04-11T21:57:42Z,27.114352,-165.443166
2025-04-11T21:57:43Z,27.114354,-165.443174
2025-04-11T21:57:44Z,27.114357,-165.443181
2025-04-11T21:57:45Z,27.114359,-165.443189
2025-04-11T21:57:46Z,27.114362,-165.443196
2025-04-11T21:57:47Z,27.114364,-165.443204
2025-04-11T21:57:48Z,27.114367,-165.443211
2025-04-11T21:57:49Z,27.114369,-165.443219
2025-04-11T21:57:50Z,27.114372,-165.443226
2025-04-11T21:57:51Z,27.114373,-165.443225
2025-04-11T21:57:52Z,27.114375,-165.443223
2025-04-11T21:57:53Z,27.114376,-165.443221
2025-04-11T21:57:54Z,27.114377,-165.443219
2025-04-11T21:57:55Z,27.114379,-165.443217
2025-04-11T21:57:56Z,27.114380,-165.443215
2025-04-11T21:57:57Z,27.114382,-165.443213
2025-04-11T21:57:58Z,27.114383,-165.443211
2025-04-11T21:57:59Z,27.114384,-165.443212
2025-04-11T21:58:00Z,27.114385,-165.443212
2025-04-11T21:58:01Z,27.114386,-165.443213
2025-04-11T21:58:02Z,27.114386,-165.443213
2025-04-11T21:58:03Z,27.114387,-165.443214
2025-04-11T21:58:04Z,27.114388,-165.443215
2025-04-11T21:58:05Z,27.114389,-165.443215
2025-04-11T21:58:06Z,27.114390,-165.443216
2025-04-11T21:58:07Z,27.114394,-165.443212
2025-04-11T21:58:08Z,27.114398,-165.443208
2025-04-11T21:58:09Z,27.114402,-165.443205
2025-04-11T21:58:10Z,27.114406,-165.443201
2025-04-11T21:58:11Z,27.114409,-165.443197
2025-04-11T21:58:12Z,27.114413,-165.443194
2025-04-11T21:58:13Z,27.114417,-165.443190
2025-04-11T21:58:14Z,27.114421,-165.443186
2025-04-11T21:58:15Z,27.114423,-165.443180
2025-04-11T21:58:16Z,27.114425,-165.443175
2025-04-11T21:58:17Z,27.114427,-165.443170
2025-04-11T21:58:18Z,27.114429,-165.443164
2025-04-11T21:58:19Z,27.114431,-165.443159
2025-04-11T21:58:20Z,27.114433,-165.443154
2025-04-11T21:58:21Z,27.114436,-165.443148
2025-04-11T21:58:22Z,27.114436,-165.443147
2025-04-11T21:58:23Z,27.114433,-165.443154
2025-04-11T21:58:24Z,27.114429,-165.443160
2025-04-11T21:58:25Z,27.114426,-165.443166
2025-04-11T21:58:26Z,27.114423,-165.443173
2025-04-11T21:58:27Z,27.114420,-165.443179
2025-04-11T21:58:28Z,27.114416,-165.443186
2025-04-11T21:58:29Z,27.114413,-165.443192
2025-04-11T21:58:30Z,27.114412,-165.443195
2025-04-11T21:58:31Z,27.114415,-165.443192
2025-04-11T21:58:32Z,27.114418,-165.443188
2025-04-11T21:58:33Z,27.114420,-165.443185
2025-04-11T21:58:34Z,27.114423,-165.443182
2025-04-11T21:58:35Z,27.114426,-165.443179
2025-04-11T21:58:36Z,27.114429,-165.443176
2025-04-11T21:58:37Z,27.114432,-165.443173
2025-04-11T21:58:38Z,27.114430,-165.443169
2025-04-11T21:58:39Z,27.114423,-165.443164
2025-04-11T21:58:40Z,27.114417,-165.443160
2025-04-11T21:58:41Z,27.114410,-165.443155
2025-04-11T21:58:42Z,27.114404,-165.443151
2025-04-11T21:58:43Z,27.114397,-165.443146
2025-04-11T21:58:44Z,27.114391,-165.443142
2025-04-11T21:58:45Z,27.114385,-165.443137
2025-04-11T21:58:46Z,27.114384,-165.443140
2025-04-11T21:58:47Z,27.114386,-165.443144
2025-04-11T21:58:48Z,27.114388,-165.443149
2025-04-11T21:58:49Z,27.114389,-165.443154
2025-04-11T21:58:50Z,27.114391,-165.443158
2025-04-11T21:58:51Z,27.114392,-165.443163
2025-04-11T21:58:52Z,27.114394,-165.443168
2025-04-11T21:58:53Z,27.114396,-165.443172
2025-04-11T21:58:54Z,27.114398,-165.443172
2025-04-11T21:58:55Z,27.114400,-165.443171
2025-04-11T21:58:56Z,27.114402,-165.443169
2025-04-11T21:58:57Z,27.114404,-165.443168
2025-04-11T21:58:58Z,27.114406,-165.443167
2025-04-11T21:58:59Z,27.114409,-165.443165
2025-04-11T21:59:00Z,27.114411,-165.443164
2025-04-11T21:59:01Z,27.114413,-165.443163
2025-04-11T21:59:02Z,27.114415,-165.443161
2025-04-11T21:59:03Z,27.114417,-165.443160
2025-04-11T21:59:04Z,27.114419,-165.443159
2025-04-11T21:59:05Z,27.114421,-165.443157
2025-04-11T21:59:06Z,27.114424,-165.443156
2025-04-11T21:59:07Z,27.114426,-165.443155
2025-04-11T21:59:08Z,27.114428,-165.443154
2025-04-11T21:59:09Z,27.114430,-165.443152
2025-04-11T21:59:10Z,27.114432,-165.443151
2025-04-11T21:59:11Z,27.114434,-165.443150
2025-04-11T21:59:12Z,27.114437,-165.443148
2025-04-11T21:59:13Z,27.114439,-165.443147
2025-04-11T21:59:14Z,27.114441,-165.443146
2025-04-11T21:59:15Z,27.114441,-165.443146
2025-04-11T21:59:16Z,27.114438,-165.443147
2025-04-11T21:59:17Z,27.114435,-165.443149
2025-04-11T21:59:18Z,27.114432,-165.443150
2025-04-11T21:59:19Z,27.114429,-165.443152
2025-04-11T21:59:20Z,27.114426,-165.443154
2025-04-11T21:59:21Z,27.114423,-165.443155
2025-04-11T21:59:22Z,27.114420,-165.443157
2025-04-11T21:59:23Z,27.114417,-165.443158
2025-04-11T21:59:24Z,27.114414,-165.443160
2025-04-11T21:59:25Z,27.114411,-165.443161
2025-04-11T21:59:26Z,27.114409,-165.443163
2025-04-11T21:59:27Z,27.114406,-165.443164
2025-04-11T21:59:28Z,27.114403,-165.443166
2025-04-11T21:59:29Z,27.114400,-165.443167
2025-04-11T21:59:30Z,27.114397,-165.443169
2025-04-11T21:59:31Z,27.114394,-165.443171
2025-04-11T21:59:32Z,27.114391,-165.443172
2025-04-11T21:59:33Z,27.114388,-165.443174
2025-04-11T21:59:34Z,27.114385,-165.443175
2025-04-11T21:59:35Z,27.114382,-165.443177
2025-04-11T21:59:36Z,27.114379,-165.443177
2025-04-11T21:59:37Z,27.114376,-165.443173
2025-04-11T21:59:38Z,27.114372,-165.443170
2025-04-11T21:59:39Z,27.114368,-165.443166
2025-04-11T21:59:40Z,27.114365,-165.443162
2025-04-11T21:59:41Z,27.114361,-165.443158
2025-04-11T21:59:42Z,27.114357,-165.443155
2025-04-11T21:59:43Z,27.114354,-165.443151
2025-04-11T21:59:44Z,27.114349,-165.443149
2025-04-11T21:59:45Z,27.114343,-165.443151
2025-04-11T21:59:46Z,27.114336,-165.443153
2025-04-11T21:59:47Z,27.114330,-165.443155
2025-04-11T21:59:48Z,27.114324,-165.443157
2025-04-11T21:59:49Z,27.114317,-165.443159
2025-04-11T21:59:50Z,27.114311,-165.443161
2025-04-11T21:59:51Z,27.114304,-165.443163
2025-04-11T21:59:52Z,27.114303,-165.443164
2025-04-11T21:59:53Z,27.114312,-165.443165
2025-04-11T21:59:54Z,27.114320,-165.443166
2025-04-11T21:59:55Z,27.114329,-165.443167
2025-04-11T21:59:56Z,27.114338,-165.443168
2025-04-11T21:59:57Z,27.114347,-165.443170
2025-04-11T21:59:58Z,27.114356,-165.443171
2025-04-11T21:59:59Z,27.114365,-165.443172
2025-04-11T22:00:00Z,27.114368,-165.443169
2025-04-11T22:00:01Z,27.114369,-165.443165
2025-04-11T22:00:02Z,27.114369,-165.443161
2025-04-11T22:00:03Z,27.114370,-165.443156
2025-04-11T22:00:04Z,27.114370,-165.443152
2025-04-11T22:00:05Z,27.114371,-165.443147
2025-04-11T22:00:06Z,27.114371,-165.443143
2025-04-11T22:00:07Z,27.114372,-165.443139
2025-04-11T22:00:08Z,27.114371,-165.443133
2025-04-11T22:00:09Z,27.114367,-165.443126
2025-04-11T22:00:10Z,27.114364,-165.443118
2025-04-11T22:00:11Z,27.114360,-165.443111
2025-04-11T22:00:12Z,27.114357,-165.443103
2025-04-11T22:00:13Z,27.114353,-165.443096
2025-04-11T22:00:14Z,27.114350,-165.443088
2025-04-11T22:00:15Z,27.114346,-165.443081
2025-04-11T22:00:16Z,27.114355,-165.443101
2025-04-11T22:00:17Z,27.114366,-165.443124
2025-04-11T22:00:18Z,27.114376,-165.443147
2025-04-11T22:00:19Z,27.114386,-165.443170
2025-04-11T22:00:20Z,27.114396,-165.443193
2025-04-11T22:00:21Z,27.114406,-165.443215
2025-04-11T22:00:22Z,27.114417,-165.443238
2025-04-11T22:00:23Z,27.114425,-165.443255
2025-04-11T22:00:24Z,27.114427,-165.443242
2025-04-11T22:00:25Z,27.114429,-165.443228
2025-04-11T22:00:26Z,27.114431,-165.443215
2025-04-11T22:00:27Z,27.114433,-165.443202
2025-04-11T22:00:28Z,27.114435,-165.443189
2025-04-11T22:00:29Z,27.114437,-165.443176
2025-04-11T22:00:30Z,27.114439,-165.443163
2025-04-11T22:00:31Z,27.114441,-165.443152
2025-04-11T22:00:32Z,27.114442,-165.443161
2025-04-11T22:00:33Z,27.114442,-165.443170
2025-04-11T22:00:34Z,27.114443,-165.443179
2025-04-11T22:00:35Z,27.114443,-165.443188
2025-04-11T22:00:36Z,27.114444,-165.443198
2025-04-11T22:00:37Z,27.114444,-165.443207
2025-04-11T22:00:38Z,27.114445,-165.443216
2025-04-11T22:00:39Z,27.114444,-165.443223
2025-04-11T22:00:40Z,27.114437,-165.443216
2025-04-11T22:00:41Z,27.114430,-165.443208
2025-04-11T22:00:42Z,27.114423,-165.443201
2025-04-11T22:00:43Z,27.114416,-165.443194
2025-04-11T22:00:44Z,27.114409,-165.443186
2025-04-11T22:00:45Z,27.114402,-165.443179
2025-04-11T22:00:46Z,27.114395,-165.443172
2025-04-11T22:00:47Z,27.114389,-165.443167
2025-04-11T22:00:48Z,27.114387,-165.443168
2025-04-11T22:00:49Z,27.114385,-165.443169
2025-04-11T22:00:50Z,27.114383,-165.443170
2025-04-11T22:00:51Z,27.114381,-165.443171
2025-04-11T22:00:52Z,27.114379,-165.443172
2025-04-11T22:00:53Z,27.114377,-165.443173
2025-04-11T22:00:54Z,27.114375,-165.443173
2025-04-11T22:00:55Z,27.114373,-165.443173
2025-04-11T22:00:56Z,27.114372,-165.443171
2025-04-11T22:00:57Z,27.114370,-165.443169
2025-04-11T22:00:58Z,27.114368,-165.443168
2025-04-11T22:00:59Z,27.114367,-165.443166
2025-04-11T22:01:00Z,27.114365,-165.443164
2025-04-11T22:01:01Z,27.114363,-165.443162
2025-04-11T22:01:02Z,27.114362,-165.443160
2025-04-11T22:01:03Z,27.114365,-165.443159
2025-04-11T22:01:04Z,27.114371,-165.443158
2025-04-11T22:01:05Z,27.114378,-165.443158
2025-04-11T22:01:06Z,27.114385,-165.443158
2025-04-11T22:01:07Z,27.114392,-165.443157
2025-04-11T22:01:08Z,27.114398,-165.443157
2025-04-11T22:01:09Z,27.114405,-165.443156
2025-04-11T22:01:10Z,27.114412,-165.443156
2025-04-11T22:01:11Z,27.114417,-165.443167
2025-04-11T22:01:12Z,27.114422,-165.443181
2025-04-11T22:01:13Z,27.114427,-165.443195
2025-04-11T22:01:14Z,27.114432,-165.443209
2025-04-11T22:01:15Z,27.114437,-165.443223
2025-04-11T22:01:16Z,27.114442,-165.443237
2025-04-11T22:01:17Z,27.114447,-165.443251
2025-04-11T22:01:18Z,27.114452,-165.443265
2025-04-11T22:01:19Z,27.114452,-165.443265
2025-04-11T22:01:20Z,27.114452,-165.443265
2025-04-11T22:01:21Z,27.114453,-165.443264
2025-04-11T22:01:22Z,27.114453,-165.443264
2025-04-11T22:01:23Z,27.114453,-165.443263
2025-04-11T22:01:24Z,27.114453,-165.443262
2025-04-11T22:01:25Z,27.114454,-165.443262
2025-04-11T22:01:26Z,27.114454,-165.443261
2025-04-11T22:01:27Z,27.114454,-165.443239
2025-04-11T22:01:28Z,27.114454,-165.443216
2025-04-11T22:01:29Z,27.114455,-165.443194
2025-04-11T22:01:30Z,27.114455,-165.443171
2025-04-11T22:01:31Z,27.114455,-165.443148
2025-04-11T22:01:32Z,27.114456,-165.443125
2025-04-11T22:01:33Z,27.114456,-165.443102
2025-04-11T22:01:34Z,27.114456,-165.443080
2025-04-11T22:01:35Z,27.114451,-165.443082
2025-04-11T22:01:36Z,27.114446,-165.443083
2025-04-11T22:01:37Z,27.114442,-165.443085
2025-04-11T22:01:38Z,27.114437,-165.443087
2025-04-11T22:01:39Z,27.114432,-165.443088
2025-04-11T22:01:40Z,27.114427,-165.443090
2025-04-11T22:01:41Z,27.114422,-165.443092
2025-04-11T22:01:42Z,27.114417,-165.443094
2025-04-11T22:01:43Z,27.114411,-165.443099
2025-04-11T22:01:44Z,27.114405,-165.443104
2025-04-11T22:01:45Z,27.114399,-165.443109
2025-04-11T22:01:46Z,27.114393,-165.443114
2025-04-11T22:01:47Z,27.114388,-165.443119
2025-04-11T22:01:48Z,27.114382,-165.443124
2025-04-11T22:01:49Z,27.114376,-165.443129
2025-04-11T22:01:50Z,27.114373,-165.443126
2025-04-11T22:01:51Z,27.114372,-165.443116
2025-04-11T22:01:52Z,27.114372,-165.443107
2025-04-11T22:01:53Z,27.114372,-165.443097
2025-04-11T22:01:54Z,27.114371,-165.443088
2025-04-11T22:01:55Z,27.114371,-165.443079
2025-04-11T22:01:56Z,27.114371,-165.443069
2025-04-11T22:01:57Z,27.114370,-165.443060
2025-04-11T22:01:58Z,27.114368,-165.443054
2025-04-11T22:01:59Z,27.114366,-165.443050
2025-04-11T22:02:00Z,27.114363,-165.443047
2025-04-11T22:02:01Z,27.114360,-165.443043
2025-04-11T22:02:02Z,27.114357,-165.443040
2025-04-11T22:02:03Z,27.114354,-165.443036
2025-04-11T22:02:04Z,27.114351,-165.443032
2025-04-11T22:02:05Z,27.114349,-165.443029
2025-04-11T22:02:06Z,27.114349,-165.443032
2025-04-11T22:02:07Z,27.114350,-165.443037
2025-04-11T22:02:08Z,27.114351,-165.443042
2025-04-11T22:02:09Z,27.114352,-165.443046
2025-04-11T22:02:10Z,27.114353,-165.443051
2025-04-11T22:02:11Z,27.114354,-165.443056
2025-04-11T22:02:12Z,27.114356,-165.443061
2025-04-11T22:02:13Z,27.114357,-165.443066
2025-04-11T22:02:14Z,27.114360,-165.443066
2025-04-11T22:02:15Z,27.114365,-165.443066
2025-04-11T22:02:16Z,27.114369,-165.443065
2025-04-11T22:02:17Z,27.114373,-165.443064
2025-04-11T22:02:18Z,27.114378,-165.443063
2025-04-11T22:02:19Z,27.114382,-165.443062
2025-04-11T22:02:20Z,27.114386,-165.443062
2025-04-11T22:02:21Z,27.114390,-165.443062
2025-04-11T22:02:22Z,27.114394,-165.443078
2025-04-11T22:02:23Z,27.114397,-165.443094
2025-04-11T22:02:24Z,27.114401,-165.443110
2025-04-11T22:02:25Z,27.114404,-165.443126
2025-04-11T22:02:26Z,27.114408,-165.443142
2025-04-11T22:02:27Z,27.114411,-165.443158
2025-04-11T22:02:28Z,27.114415,-165.443174
2025-04-11T22:02:29Z,27.114418,-165.443188
2025-04-11T22:02:30Z,27.114416,-165.443186
2025-04-11T22:02:31Z,27.114414,-165.443184
2025-04-11T22:02:32Z,27.114412,-165.443183
2025-04-11T22:02:33Z,27.114410,-165.443181
2025-04-11T22:02:34Z,27.114408,-165.443180
2025-04-11T22:02:35Z,27.114406,-165.443178
2025-04-11T22:02:36Z,27.114404,-165.443176
2025-04-11T22:02:37Z,27.114403,-165.443173
2025-04-11T22:02:38Z,27.114405,-165.443166
2025-04-11T22:02:39Z,27.114406,-165.443160
2025-04-11T22:02:40Z,27.114408,-165.443153
2025-04-11T22:02:41Z,27.114410,-165.443146
2025-04-11T22:02:42Z,27.114411,-165.443139
2025-04-11T22:02:43Z,27.114413,-165.443132
2025-04-11T22:02:44Z,27.114414,-165.443125
2025-04-11T22:02:45Z,27.114416,-165.443121
2025-04-11T22:02:46Z,27.114418,-165.443120
2025-04-11T22:02:47Z,27.114420,-165.443118
2025-04-11T22:02:48Z,27.114422,-165.443117
2025-04-11T22:02:49Z,27.114425,-165.443116
2025-04-11T22:02:50Z,27.114427,-165.443115
2025-04-11T22:02:51Z,27.114429,-165.443114
2025-04-11T22:02:52Z,27.114431,-165.443113
2025-04-11T22:02:53Z,27.114427,-165.443112
2025-04-11T22:02:54Z,27.114420,-165.443111
2025-04-11T22:02:55Z,27.114413,-165.443110
2025-04-11T22:02:56Z,27.114406,-165.443108
2025-04-11T22:02:57Z,27.114399,-165.443107
2025-04-11T22:02:58Z,27.114391,-165.443106
2025-04-11T22:02:59Z,27.114384,-165.443104
2025-04-11T22:03:00Z,27.114377,-165.443103
2025-04-11T22:03:01Z,27.114372,-165.443108
2025-04-11T22:03:02Z,27.114368,-165.443114
2025-04-11T22:03:03Z,27.114364,-165.443120
2025-04-11T22:03:04Z,27.114360,-165.443125
2025-04-11T22:03:05Z,27.114356,-165.443131
2025-04-11T22:03:06Z,27.114352,-165.443137
2025-04-11T22:03:07Z,27.114348,-165.443143
2025-04-11T22:03:08Z,27.114344,-165.443148
2025-04-11T22:03:09Z,27.114344,-165.443143
2025-04-11T22:03:10Z,27.114346,-165.443133
2025-04-11T22:03:11Z,27.114348,-165.443123
2025-04-11T22:03:12Z,27.114349,-165.443113
2025-04-11T22:03:13Z,27.114351,-165.443103
2025-04-11T22:03:14Z,27.114353,-165.443093
2025-04-11T22:03:15Z,27.114354,-165.443083
2025-04-11T22:03:16Z,27.114356,-165.443073
2025-04-11T22:03:17Z,27.114359,-165.443083
2025-04-11T22:03:18Z,27.114362,-165.443095
2025-04-11T22:03:19Z,27.114365,-165.443107
2025-04-11T22:03:20Z,27.114369,-165.443118
2025-04-11T22:03:21Z,27.114372,-165.443130
2025-04-11T22:03:22Z,27.114375,-165.443142
2025-04-11T22:03:23Z,27.114379,-165.443154
2025-04-11T22:03:24Z,27.114379,-165.443163
2025-04-11T22:03:25Z,27.114369,-165.443164
2025-04-11T22:03:26Z,27.114360,-165.443165
2025-04-11T22:03:27Z,27.114350,-165.443166
2025-04-11T22:03:28Z,27.114341,-165.443167
2025-04-11T22:03:29Z,27.114332,-165.443168
2025-04-11T22:03:30Z,27.114322,-165.443169
2025-04-11T22:03:31Z,27.114313,-165.443170
2025-04-11T22:03:32Z,27.114307,-165.443170
2025-04-11T22:03:33Z,27.114310,-165.443167
2025-04-11T22:03:34Z,27.114313,-165.443164
2025-04-11T22:03:35Z,27.114316,-165.443160
2025-04-11T22:03:36Z,27.114319,-165.443157
2025-04-11T22:03:37Z,27.114321,-165.443154
2025-04-11T22:03:38Z,27.114324,-165.443151
2025-04-11T22:03:39Z,27.114327,-165.443147
2025-04-11T22:03:40Z,27.114330,-165.443144
2025-04-11T22:03:41Z,27.114333,-165.443141
2025-04-11T22:03:42Z,27.114336,-165.443138
2025-04-11T22:03:43Z,27.114339,-165.443134
2025-04-11T22:03:44Z,27.114342,-165.443131
2025-04-11T22:03:45Z,27.114345,-165.443128
2025-04-11T22:03:46Z,27.114348,-165.443125
2025-04-11T22:03:47Z,27.114351,-165.443121
2025-04-11T22:03:48Z,27.114354,-165.443118
2025-04-11T22:03:49Z,27.114357,-165.443115
2025-04-11T22:03:50Z,27.114359,-165.443112
2025-04-11T22:03:51Z,27.114362,-165.443108
2025-04-11T22:03:52Z,27.114365,-165.443105
2025-04-11T22:03:53Z,27.114368,-165.443102
2025-04-11T22:03:54Z,27.114364,-165.443097
2025-04-11T22:03:55Z,27.114358,-165.443092
2025-04-11T22:03:56Z,27.114351,-165.443087
2025-04-11T22:03:57Z,27.114345,-165.443082
2025-04-11T22:03:58Z,27.114339,-165.443077
2025-04-11T22:03:59Z,27.114332,-165.443072
2025-04-11T22:04:00Z,27.114326,-165.443067
2025-04-11T22:04:01Z,27.114320,-165.443062
2025-04-11T22:04:02Z,27.114323,-165.443065
2025-04-11T22:04:03Z,27.114326,-165.443069
2025-04-11T22:04:04Z,27.114328,-165.443072
2025-04-11T22:04:05Z,27.114331,-165.443075
2025-04-11T22:04:06Z,27.114334,-165.443078
2025-04-11T22:04:07Z,27.114336,-165.443081
2025-04-11T22:04:08Z,27.114339,-165.443085
2025-04-11T22:04:09Z,27.114342,-165.443088
2025-04-11T22:04:10Z,27.114344,-165.443091
2025-04-11T22:04:11Z,27.114347,-165.443094
2025-04-11T22:04:12Z,27.114350,-165.443097
2025-04-11T22:04:13Z,27.114352,-165.443101
2025-04-11T22:04:14Z,27.114355,-165.443104
2025-04-11T22:04:15Z,27.114358,-165.443107
2025-04-11T22:04:16Z,27.114361,-165.443110
2025-04-11T22:04:17Z,27.114363,-165.443113
2025-04-11T22:04:18Z,27.114366,-165.443117
2025-04-11T22:04:19Z,27.114369,-165.443120
2025-04-11T22:04:20Z,27.114371,-165.443123
2025-04-11T22:04:21Z,27.114374,-165.443126
2025-04-11T22:04:22Z,27.114377,-165.443129
2025-04-11T22:04:23Z,27.114378,-165.443133
2025-04-11T22:04:24Z,27.114379,-165.443137
2025-04-11T22:04:25Z,27.114380,-165.443142
2025-04-11T22:04:26Z,27.114381,-165.443146
2025-04-11T22:04:27Z,27.114382,-165.443150
2025-04-11T22:04:28Z,27.114383,-165.443154
2025-04-11T22:04:29Z,27.114384,-165.443159
2025-04-11T22:04:30Z,27.114385,-165.443163
2025-04-11T22:04:31Z,27.114383,-165.443166
2025-04-11T22:04:32Z,27.114381,-165.443169
2025-04-11T22:04:33Z,27.114378,-165.443172
2025-04-11T22:04:34Z,27.114376,-165.443175
2025-04-11T22:04:35Z,27.114373,-165.443177
2025-04-11T22:04:36Z,27.114371,-165.443180
2025-04-11T22:04:37Z,27.114368,-165.443183
2025-04-11T22:04:38Z,27.114366,-165.443186
2025-04-11T22:04:39Z,27.114366,-165.443180
2025-04-11T22:04:40Z,27.114368,-165.443170
2025-04-11T22:04:41Z,27.114370,-165.443159
2025-04-11T22:04:42Z,27.114372,-165.443149
2025-04-11T22:04:43Z,27.114374,-165.443138
2025-04-11T22:04:44Z,27.114376,-165.443127
2025-04-11T22:04:45Z,27.114378,-165.443117
2025-04-11T22:04:46Z,27.114380,-165.443107
2025-04-11T22:04:47Z,27.114379,-165.443102
2025-04-11T22:04:48Z,27.114378,-165.443098
2025-04-11T22:04:49Z,27.114376,-165.443094
2025-04-11T22:04:50Z,27.114375,-165.443090
2025-04-11T22:04:51Z,27.114374,-165.443086
2025-04-11T22:04:52Z,27.114373,-165.443081
2025-04-11T22:04:53Z,27.114372,-165.443077
2025-04-11T22:04:54Z,27.114371,-165.443075
2025-04-11T22:04:55Z,27.114374,-165.443082
2025-04-11T22:04:56Z,27.114376,-165.443089
2025-04-11T22:04:57Z,27.114378,-165.443096
2025-04-11T22:04:58Z,27.114381,-165.443103
2025-04-11T22:04:59Z,27.114383,-165.443110
2025-04-11T22:05:00Z,27.114385,-165.443117
2025-04-11T22:05:01Z,27.114388,-165.443124
2025-04-11T22:05:02Z,27.114386,-165.443123
2025-04-11T22:05:03Z,27.114378,-165.443104
2025-04-11T22:05:04Z,27.114371,-165.443086
2025-04-11T22:05:05Z,27.114363,-165.443068
2025-04-11T22:05:06Z,27.114355,-165.443050
2025-04-11T22:05:07Z,27.114347,-165.443031
2025-04-11T22:05:08Z,27.114339,-165.443013
2025-04-11T22:05:09Z,27.114331,-165.442995
2025-04-11T22:05:10Z,27.114329,-165.442991
2025-04-11T22:05:11Z,27.114330,-165.442997
2025-04-11T22:05:12Z,27.114331,-165.443004
2025-04-11T22:05:13Z,27.114332,-165.443010
2025-04-11T22:05:14Z,27.114333,-165.443017
2025-04-11T22:05:15Z,27.114334,-165.443023
2025-04-11T22:05:16Z,27.114335,-165.443030
2025-04-11T22:05:17Z,27.114336,-165.443036
2025-04-11T22:05:18Z,27.114337,-165.443043
2025-04-11T22:05:19Z,27.114338,-165.443049
2025-04-11T22:05:20Z,27.114339,-165.443056
2025-04-11T22:05:21Z,27.114340,-165.443062
2025-04-11T22:05:22Z,27.114341,-165.443069
2025-04-11T22:05:23Z,27.114342,-165.443075
2025-04-11T22:05:24Z,27.114343,-165.443082
2025-04-11T22:05:25Z,27.114344,-165.443088
2025-04-11T22:05:26Z,27.114345,-165.443095
2025-04-11T22:05:27Z,27.114346,-165.443101
2025-04-11T22:05:28Z,27.114347,-165.443108
2025-04-11T22:05:29Z,27.114348,-165.443114
2025-04-11T22:05:30Z,27.114349,-165.443121
2025-04-11T22:05:31Z,27.114352,-165.443126
2025-04-11T22:05:32Z,27.114359,-165.443127
2025-04-11T22:05:33Z,27.114366,-165.443128
2025-04-11T22:05:34Z,27.114373,-165.443129
2025-04-11T22:05:35Z,27.114381,-165.443130
2025-04-11T22:05:36Z,27.114388,-165.443131
2025-04-11T22:05:37Z,27.114395,-165.443132
2025-04-11T22:05:38Z,27.114402,-165.443132
2025-04-11T22:05:39Z,27.114404,-165.443130
2025-04-11T22:05:40Z,27.114397,-165.443123
2025-04-11T22:05:41Z,27.114389,-165.443116
2025-04-11T22:05:42Z,27.114382,-165.443109
2025-04-11T22:05:43Z,27.114374,-165.443102
2025-04-11T22:05:44Z,27.114366,-165.443094
2025-04-11T22:05:45Z,27.114359,-165.443087
2025-04-11T22:05:46Z,27.114351,-165.443080
2025-04-11T22:05:47Z,27.114340,-165.443080
2025-04-11T22:05:48Z,27.114327,-165.443086
2025-04-11T22:05:49Z,27.114314,-165.443092
2025-04-11T22:05:50Z,27.114301,-165.443097
2025-04-11T22:05:51Z,27.114288,-165.443103
2025-04-11T22:05:52Z,27.114275,-165.443109
2025-04-11T22:05:53Z,27.114261,-165.443114
2025-04-11T22:05:54Z,27.114248,-165.443120
2025-04-11T22:05:55Z,27.114249,-165.443119
2025-04-11T22:05:56Z,27.114252,-165.443118
2025-04-11T22:05:57Z,27.114255,-165.443116
2025-04-11T22:05:58Z,27.114258,-165.443114
2025-04-11T22:05:59Z,27.114261,-165.443112
2025-04-11T22:06:00Z,27.114265,-165.443110
2025-04-11T22:06:01Z,27.114268,-165.443108
2025-04-11T22:06:02Z,27.114271,-165.443106
2025-04-11T22:06:03Z,27.114274,-165.443104
2025-04-11T22:06:04Z,27.114277,-165.443102
2025-04-11T22:06:05Z,27.114281,-165.443100
2025-04-11T22:06:06Z,27.114284,-165.443099
2025-04-11T22:06:07Z,27.114287,-165.443097
2025-04-11T22:06:08Z,27.114290,-165.443095
2025-04-11T22:06:09Z,27.114293,-165.443093
2025-04-11T22:06:10Z,27.114297,-165.443091
2025-04-11T22:06:11Z,27.114300,-165.443089
2025-04-11T22:06:12Z,27.114303,-165.443087
2025-04-11T22:06:13Z,27.114306,-165.443085
2025-04-11T22:06:14Z,27.114309,-165.443083
2025-04-11T22:06:15Z,27.114313,-165.443081
2025-04-11T22:06:16Z,27.114315,-165.443080
2025-04-11T22:06:17Z,27.114314,-165.443080
2025-04-11T22:06:18Z,27.114314,-165.443081
2025-04-11T22:06:19Z,27.114313,-165.443081
2025-04-11T22:06:20Z,27.114313,-165.443082
2025-04-11T22:06:21Z,27.114312,-165.443082
2025-04-11T22:06:22Z,27.114312,-165.443082
2025-04-11T22:06:23Z,27.114311,-165.443083
2025-04-11T22:06:24Z,27.114311,-165.443082
2025-04-11T22:06:25Z,27.114312,-165.443079
2025-04-11T22:06:26Z,27.114313,-165.443077
2025-04-11T22:06:27Z,27.114314,-165.443074
2025-04-11T22:06:28Z,27.114316,-165.443071
2025-04-11T22:06:29Z,27.114317,-165.443068
2025-04-11T22:06:30Z,27.114318,-165.443066
2025-04-11T22:06:31Z,27.114319,-165.443063
2025-04-11T22:06:32Z,27.114320,-165.443061
2025-04-11T22:06:33Z,27.114322,-165.443059
2025-04-11T22:06:34Z,27.114323,-165.443057
2025-04-11T22:06:35Z,27.114325,-165.443055
2025-04-11T22:06:36Z,27.114327,-165.443053
2025-04-11T22:06:37Z,27.114328,-165.443051
2025-04-11T22:06:38Z,27.114330,-165.443049
2025-04-11T22:06:39Z,27.114332,-165.443047
2025-04-11T22:06:40Z,27.114337,-165.443048
2025-04-11T22:06:41Z,27.114343,-165.443050
2025-04-11T22:06:42Z,27.114350,-165.443052
2025-04-11T22:06:43Z,27.114356,-165.443053
2025-04-11T22:06:44Z,27.114362,-165.443055
2025-04-11T22:06:45Z,27.114368,-165.443057
2025-04-11T22:06:46Z,27.114375,-165.443058
2025-04-11T22:06:47Z,27.114381,-165.443060
2025-04-11T22:06:48Z,27.114370,-165.443047
2025-04-11T22:06:49Z,27.114359,-165.443034
2025-04-11T22:06:50Z,27.114347,-165.443021
2025-04-11T22:06:51Z,27.114336,-165.443008
2025-04-11T22:06:52Z,27.114325,-165.442994
2025-04-11T22:06:53Z,27.114314,-165.442981
2025-04-11T22:06:54Z,27.114303,-165.442968
2025-04-11T22:06:55Z,27.114292,-165.442957
2025-04-11T22:06:56Z,27.114287,-165.442960
2025-04-11T22:06:57Z,27.114282,-165.442963
2025-04-11T22:06:58Z,27.114276,-165.442966
2025-04-11T22:06:59Z,27.114271,-165.442969
2025-04-11T22:07:00Z,27.114266,-165.442972
2025-04-11T22:07:01Z,27.114260,-165.442975
2025-04-11T22:07:02Z,27.114255,-165.442978
2025-04-11T22:07:03Z,27.114249,-165.442981
2025-04-11T22:07:04Z,27.114244,-165.442984
2025-04-11T22:07:05Z,27.114239,-165.442987
2025-04-11T22:07:06Z,27.114233,-165.442990
2025-04-11T22:07:07Z,27.114228,-165.442993
2025-04-11T22:07:08Z,27.114223,-165.442996
2025-04-11T22:07:09Z,27.114217,-165.442999
2025-04-11T22:07:10Z,27.114212,-165.443002
2025-04-11T22:07:11Z,27.114207,-165.443005
2025-04-11T22:07:12Z,27.114201,-165.443008
2025-04-11T22:07:13Z,27.114196,-165.443011
2025-04-11T22:07:14Z,27.114191,-165.443014
2025-04-11T22:07:15Z,27.114185,-165.443017
2025-04-11T22:07:16Z,27.114180,-165.443020
2025-04-11T22:07:17Z,27.114173,-165.443025
2025-04-11T22:07:18Z,27.114164,-165.443030
2025-04-11T22:07:19Z,27.114155,-165.443035
2025-04-11T22:07:20Z,27.114146,-165.443040
2025-04-11T22:07:21Z,27.114137,-165.443046
2025-04-11T22:07:22Z,27.114128,-165.443051
2025-04-11T22:07:23Z,27.114119,-165.443056
2025-04-11T22:07:24Z,27.114110,-165.443062
2025-04-11T22:07:25Z,27.114129,-165.443057
2025-04-11T22:07:26Z,27.114148,-165.443052
2025-04-11T22:07:27Z,27.114168,-165.443047
2025-04-11T22:07:28Z,27.114188,-165.443043
2025-04-11T22:07:29Z,27.114207,-165.443038
2025-04-11T22:07:30Z,27.114227,-165.443033
2025-04-11T22:07:31Z,27.114247,-165.443028
2025-04-11T22:07:32Z,27.114266,-165.443023
2025-04-11T22:07:33Z,27.114259,-165.443024
2025-04-11T22:07:34Z,27.114253,-165.443025
2025-04-11T22:07:35Z,27.114247,-165.443026
2025-04-11T22:07:36Z,27.114240,-165.443027
2025-04-11T22:07:37Z,27.114234,-165.443028
2025-04-11T22:07:38Z,27.114227,-165.443029
2025-04-11T22:07:39Z,27.114221,-165.443030
2025-04-11T22:07:40Z,27.114215,-165.443030
2025-04-11T22:07:41Z,27.114210,-165.443019
2025-04-11T22:07:42Z,27.114205,-165.443009
2025-04-11T22:07:43Z,27.114200,-165.442998
2025-04-11T22:07:44Z,27.114195,-165.442987
2025-04-11T22:07:45Z,27.114190,-165.442977
2025-04-11T22:07:46Z,27.114185,-165.442966
2025-04-11T22:07:47Z,27.114180,-165.442955
2025-04-11T22:07:48Z,27.114175,-165.442945
2025-04-11T22:07:49Z,27.114178,-165.442947
2025-04-11T22:07:50Z,27.114182,-165.442949
2025-04-11T22:07:51Z,27.114186,-165.442952
2025-04-11T22:07:52Z,27.114189,-165.442955
2025-04-11T22:07:53Z,27.114193,-165.442957
2025-04-11T22:07:54Z,27.114197,-165.442960
2025-04-11T22:07:55Z,27.114200,-165.442963
2025-04-11T22:07:56Z,27.114205,-165.442967
2025-04-11T22:07:57Z,27.114216,-165.442974
2025-04-11T22:07:58Z,27.114226,-165.442981
2025-04-11T22:07:59Z,27.114236,-165.442987
2025-04-11T22:08:00Z,27.114246,-165.442994
2025-04-11T22:08:01Z,27.114256,-165.443001
2025-04-11T22:08:02Z,27.114266,-165.443008
2025-04-11T22:08:03Z,27.114276,-165.443015
2025-04-11T22:08:04Z,27.114275,-165.443026
2025-04-11T22:08:05Z,27.114261,-165.443041
2025-04-11T22:08:06Z,27.114246,-165.443056
2025-04-11T22:08:07Z,27.114231,-165.443071
2025-04-11T22:08:08Z,27.114216,-165.443086
2025-04-11T22:08:09Z,27.114202,-165.443101
2025-04-11T22:08:10Z,27.114187,-165.443117
2025-04-11T22:08:11Z,27.114172,-165.443132
2025-04-11T22:08:12Z,27.114172,-165.443129
2025-04-11T22:08:13Z,27.114183,-165.443113
2025-04-11T22:08:14Z,27.114194,-165.443097
2025-04-11T22:08:15Z,27.114205,-165.443081
2025-04-11T22:08:16Z,27.114216,-165.443065
2025-04-11T22:08:17Z,27.114227,-165.443049
2025-04-11T22:08:18Z,27.114239,-165.443033
2025-04-11T22:08:19Z,27.114250,-165.443017
2025-04-11T22:08:20Z,27.114254,-165.443019
2025-04-11T22:08:21Z,27.114257,-165.443024
2025-04-11T22:08:22Z,27.114260,-165.443030
2025-04-11T22:08:23Z,27.114264,-165.443035
2025-04-11T22:08:24Z,27.114267,-165.443040
2025-04-11T22:08:25Z,27.114270,-165.443045
2025-04-11T22:08:26Z,27.114273,-165.443050
2025-04-11T22:08:27Z,27.114276,-165.443052
2025-04-11T22:08:28Z,27.114278,-165.443044
2025-04-11T22:08:29Z,27.114279,-165.443035
2025-04-11T22:08:30Z,27.114280,-165.443026
2025-04-11T22:08:31Z,27.114282,-165.443018
2025-04-11T22:08:32Z,27.114283,-165.443009
2025-04-11T22:08:33Z,27.114285,-165.443000
2025-04-11T22:08:34Z,27.114286,-165.442992
2025-04-11T22:08:35Z,27.114287,-165.442986
2025-04-11T22:08:36Z,27.114289,-165.442994
2025-04-11T22:08:37Z,27.114291,-165.443001
2025-04-11T22:08:38Z,27.114293,-165.443008
2025-04-11T22:08:39Z,27.114295,-165.443015
2025-04-11T22:08:40Z,27.114296,-165.443022
2025-04-11T22:08:41Z,27.114298,-165.443029
2025-04-11T22:08:42Z,27.114300,-165.443037
2025-04-11T22:08:43Z,27.114301,-165.443038
2025-04-11T22:08:44Z,27.114301,-165.443031
2025-04-11T22:08:45Z,27.114301,-165.443024
2025-04-11T22:08:46Z,27.114301,-165.443017
2025-04-11T22:08:47Z,27.114301,-165.443010
2025-04-11T22:08:48Z,27.114301,-165.443003
2025-04-11T22:08:49Z,27.114301,-165.442996
2025-04-11T22:08:50Z,27.114301,-165.442989
2025-04-11T22:08:51Z,27.114301,-165.442984
2025-04-11T22:08:52Z,27.114302,-165.442980
2025-04-11T22:08:53Z,27.114302,-165.442976
2025-04-11T22:08:54Z,27.114303,-165.442972
2025-04-11T22:08:55Z,27.114303,-165.442968
2025-04-11T22:08:56Z,27.114304,-165.442964
2025-04-11T22:08:57Z,27.114304,-165.442960
2025-04-11T22:08:58Z,27.114305,-165.442956
2025-04-11T22:08:59Z,27.114304,-165.442963
2025-04-11T22:09:00Z,27.114303,-165.442975
2025-04-11T22:09:01Z,27.114302,-165.442987
2025-04-11T22:09:02Z,27.114301,-165.442999
2025-04-11T22:09:03Z,27.114300,-165.443012
2025-04-11T22:09:04Z,27.114299,-165.443024
2025-04-11T22:09:05Z,27.114298,-165.443036
2025-04-11T22:09:06Z,27.114297,-165.443048
2025-04-11T22:09:07Z,27.114293,-165.443046
2025-04-11T22:09:08Z,27.114289,-165.443040
2025-04-11T22:09:09Z,27.114285,-165.443035
2025-04-11T22:09:10Z,27.114280,-165.443030
2025-04-11T22:09:11Z,27.114276,-165.443025
2025-04-11T22:09:12Z,27.114272,-165.443020
2025-04-11T22:09:13Z,27.114268,-165.443015
2025-04-11T22:09:14Z,27.114263,-165.443009
2025-04-11T22:09:15Z,27.114270,-165.443017
2025-04-11T22:09:16Z,27.114278,-165.443025
2025-04-11T22:09:17Z,27.114285,-165.443034
2025-04-11T22:09:18Z,27.114293,-165.443042
2025-04-11T22:09:19Z,27.114301,-165.443050
2025-04-11T22:09:20Z,27.114308,-165.443059
2025-04-11T22:09:21Z,27.114316,-165.443067
2025-04-11T22:09:22Z,27.114324,-165.443076
2025-04-11T22:09:23Z,27.114323,-165.443075
2025-04-11T22:09:24Z,27.114321,-165.443074
2025-04-11T22:09:25Z,27.114320,-165.443073
2025-04-11T22:09:26Z,27.114319,-165.443071
2025-04-11T22:09:27Z,27.114318,-165.443070
2025-04-11T22:09:28Z,27.114316,-165.443069
2025-04-11T22:09:29Z,27.114315,-165.443068
2025-04-11T22:09:30Z,27.114312,-165.443068
2025-04-11T22:09:31Z,27.114304,-165.443070
2025-04-11T22:09:32Z,27.114296,-165.443073
2025-04-11T22:09:33Z,27.114287,-165.443076
2025-04-11T22:09:34Z,27.114279,-165.443078
2025-04-11T22:09:35Z,27.114271,-165.443081
2025-04-11T22:09:36Z,27.114263,-165.443083
2025-04-11T22:09:37Z,27.114255,-165.443086
2025-04-11T22:09:38Z,27.114250,-165.443088
2025-04-11T22:09:39Z,27.114254,-165.443090
2025-04-11T22:09:40Z,27.114258,-165.443091
2025-04-11T22:09:41Z,27.114263,-165.443092
2025-04-11T22:09:42Z,27.114267,-165.443093
2025-04-11T22:09:43Z,27.114271,-165.443094
2025-04-11T22:09:44Z,27.114275,-165.443095
2025-04-11T22:09:45Z,27.114279,-165.443096
2025-04-11T22:09:46Z,27.114282,-165.443095
2025-04-11T22:09:47Z,27.114285,-165.443090
2025-04-11T22:09:48Z,27.114288,-165.443086
2025-04-11T22:09:49Z,27.114290,-165.443081
2025-04-11T22:09:50Z,27.114293,-165.443077
2025-04-11T22:09:51Z,27.114295,-165.443072
2025-04-11T22:09:52Z,27.114298,-165.443068
2025-04-11T22:09:53Z,27.114301,-165.443063
2025-04-11T22:09:54Z,27.114299,-165.443057
2025-04-11T22:09:55Z,27.114297,-165.443051
2025-04-11T22:09:56Z,27.114295,-165.443044
2025-04-11T22:09:57Z,27.114293,-165.443037
2025-04-11T22:09:58Z,27.114291,-165.443031
2025-04-11T22:09:59Z,27.114289,-165.443024
2025-04-11T22:10:00Z,27.114287,-165.443018
2025-04-11T22:10:01Z,27.114285,-165.443011
2025-04-11T22:10:02Z,27.114283,-165.443009
2025-04-11T22:10:03Z,27.114281,-165.443007
2025-04-11T22:10:04Z,27.114279,-165.443005
2025-04-11T22:10:05Z,27.114276,-165.443003
2025-04-11T22:10:06Z,27.114274,-165.443001
2025-04-11T22:10:07Z,27.114272,-165.442999
2025-04-11T22:10:08Z,27.114270,-165.442997
2025-04-11T22:10:09Z,27.114268,-165.442995
2025-04-11T22:10:10Z,27.114268,-165.443001
2025-04-11T22:10:11Z,27.114267,-165.443008
2025-04-11T22:10:12Z,27.114267,-165.443014
2025-04-11T22:10:13Z,27.114266,-165.443020
2025-04-11T22:10:14Z,27.114266,-165.443026
2025-04-11T22:10:15Z,27.114266,-165.443032
2025-04-11T22:10:16Z,27.114265,-165.443038
2025-04-11T22:10:17Z,27.114265,-165.443043
2025-04-11T22:10:18Z,27.114269,-165.443040
2025-04-11T22:10:19Z,27.114273,-165.443036
2025-04-11T22:10:20Z,27.114276,-165.443033
2025-04-11T22:10:21Z,27.114280,-165.443030
2025-04-11T22:10:22Z,27.114284,-165.443027
2025-04-11T22:10:23Z,27.114287,-165.443024
2025-04-11T22:10:24Z,27.114291,-165.443021
2025-04-11T22:10:25Z,27.114293,-165.443021
2025-04-11T22:10:26Z,27.114294,-165.443025
2025-04-11T22:10:27Z,27.114295,-165.443028
2025-04-11T22:10:28Z,27.114295,-165.443032
2025-04-11T22:10:29Z,27.114296,-165.443036
2025-04-11T22:10:30Z,27.114296,-165.443040
2025-04-11T22:10:31Z,27.114297,-165.443044
2025-04-11T22:10:32Z,27.114298,-165.443048
2025-04-11T22:10:33Z,27.114299,-165.443052
2025-04-11T22:10:34Z,27.114300,-165.443058
2025-04-11T22:10:35Z,27.114301,-165.443063
2025-04-11T22:10:36Z,27.114302,-165.443069
2025-04-11T22:10:37Z,27.114304,-165.443075
2025-04-11T22:10:38Z,27.114305,-165.443080
2025-04-11T22:10:39Z,27.114306,-165.443086
2025-04-11T22:10:40Z,27.114308,-165.443091
2025-04-11T22:10:41Z,27.114307,-165.443095
2025-04-11T22:10:42Z,27.114306,-165.443098
2025-04-11T22:10:43Z,27.114306,-165.443100
2025-04-11T22:10:44Z,27.114305,-165.443103
2025-04-11T22:10:45Z,27.114304,-165.443105
2025-04-11T22:10:46Z,27.114303,-165.443108
2025-04-11T22:10:47Z,27.114302,-165.443111
2025-04-11T22:10:48Z,27.114301,-165.443113
2025-04-11T22:10:49Z,27.114300,-165.443106
2025-04-11T22:10:50Z,27.114300,-165.443097
2025-04-11T22:10:51Z,27.114299,-165.443087
2025-04-11T22:10:52Z,27.114299,-165.443077
2025-04-11T22:10:53Z,27.114298,-165.443068
2025-04-11T22:10:54Z,27.114297,-165.443058
2025-04-11T22:10:55Z,27.114297,-165.443048
2025-04-11T22:10:56Z,27.114296,-165.443039
2025-04-11T22:10:57Z,27.114297,-165.443034
2025-04-11T22:10:58Z,27.114297,-165.443028
2025-04-11T22:10:59Z,27.114298,-165.443023
2025-04-11T22:11:00Z,27.114298,-165.443017
2025-04-11T22:11:01Z,27.114299,-165.443012
2025-04-11T22:11:02Z,27.114299,-165.443006
2025-04-11T22:11:03Z,27.114300,-165.443001
2025-04-11T22:11:04Z,27.114300,-165.442996
2025-04-11T22:11:05Z,27.114301,-165.442995
2025-04-11T22:11:06Z,27.114302,-165.442995
2025-04-11T22:11:07Z,27.114304,-165.442994
2025-04-11T22:11:08Z,27.114305,-165.442993
2025-04-11T22:11:09Z,27.114306,-165.442993
2025-04-11T22:11:10Z,27.114307,-165.442992
2025-04-11T22:11:11Z,27.114308,-165.442991
2025-04-11T22:11:12Z,27.114309,-165.442993
2025-04-11T22:11:13Z,27.114308,-165.443001
2025-04-11T22:11:14Z,27.114307,-165.443008
2025-04-11T22:11:15Z,27.114306,-165.443016
2025-04-11T22:11:16Z,27.114305,-165.443024
2025-04-11T22:11:17Z,27.114304,-165.443031
2025-04-11T22:11:18Z,27.114303,-165.443039
2025-04-11T22:11:19Z,27.114302,-165.443047
2025-04-11T22:11:20Z,27.114300,-165.443052
2025-04-11T22:11:21Z,27.114296,-165.443054
2025-04-11T22:11:22Z,27.114293,-165.443056
2025-04-11T22:11:23Z,27.114290,-165.443058
2025-04-11T22:11:24Z,27.114287,-165.443060
2025-04-11T22:11:25Z,27.114284,-165.443061
2025-04-11T22:11:26Z,27.114280,-165.443063
2025-04-11T22:11:27Z,27.114277,-165.443065
2025-04-11T22:11:28Z,27.114275,-165.443064
2025-04-11T22:11:29Z,27.114275,-165.443060
2025-04-11T22:11:30Z,27.114274,-165.443056
2025-04-11T22:11:31Z,27.114273,-165.443052
2025-04-11T22:11:32Z,27.114272,-165.443049
2025-04-11T22:11:33Z,27.114271,-165.443045
2025-04-11T22:11:34Z,27.114270,-165.443041
2025-04-11T22:11:35Z,27.114269,-165.443037
2025-04-11T22:11:36Z,27.114267,-165.443031
2025-04-11T22:11:37Z,27.114264,-165.443024
2025-04-11T22:11:38Z,27.114262,-165.443016
2025-04-11T22:11:39Z,27.114259,-165.443009
2025-04-11T22:11:40Z,27.114257,-165.443002
2025-04-11T22:11:41Z,27.114255,-165.442995
2025-04-11T22:11:42Z,27.114252,-165.442988
2025-04-11T22:11:43Z,27.114252,-165.442982
2025-04-11T22:11:44Z,27.114261,-165.442983
2025-04-11T22:11:45Z,27.114271,-165.442983
2025-04-11T22:11:46Z,27.114281,-165.442984
2025-04-11T22:11:47Z,27.114290,-165.442985
2025-04-11T22:11:48Z,27.114300,-165.442985
2025-04-11T22:11:49Z,27.114310,-165.442986
2025-04-11T22:11:50Z,27.114320,-165.442987
2025-04-11T22:11:51Z,27.114327,-165.442989
2025-04-11T22:11:52Z,27.114329,-165.442996
2025-04-11T22:11:53Z,27.114331,-165.443003
2025-04-11T22:11:54Z,27.114333,-165.443011
2025-04-11T22:11:55Z,27.114335,-165.443018
2025-04-11T22:11:56Z,27.114337,-165.443025
2025-04-11T22:11:57Z,27.114339,-165.443032
2025-04-11T22:11:58Z,27.114341,-165.443040
2025-04-11T22:11:59Z,27.114342,-165.443046
2025-04-11T22:12:00Z,27.114336,-165.443049
2025-04-11T22:12:01Z,27.114330,-165.443051
2025-04-11T22:12:02Z,27.114324,-165.443053
2025-04-11T22:12:03Z,27.114318,-165.443055
2025-04-11T22:12:04Z,27.114312,-165.443058
2025-04-11T22:12:05Z,27.114306,-165.443060
2025-04-11T22:12:06Z,27.114300,-165.443062
2025-04-11T22:12:07Z,27.114295,-165.443061
2025-04-11T22:12:08Z,27.114292,-165.443058
2025-04-11T22:12:09Z,27.114290,-165.443055
2025-04-11T22:12:10Z,27.114287,-165.443052
2025-04-11T22:12:11Z,27.114284,-165.443049
2025-04-11T22:12:12Z,27.114281,-165.443045
2025-04-11T22:12:13Z,27.114278,-165.443042
2025-04-11T22:12:14Z,27.114275,-165.443039
2025-04-11T22:12:15Z,27.114270,-165.443038
2025-04-11T22:12:16Z,27.114265,-165.443037
2025-04-11T22:12:17Z,27.114260,-165.443037
2025-04-11T22:12:18Z,27.114254,-165.443036
2025-04-11T22:12:19Z,27.114249,-165.443036
2025-04-11T22:12:20Z,27.114244,-165.443035
2025-04-11T22:12:21Z,27.114239,-165.443035
2025-04-11T22:12:22Z,27.114233,-165.443034
2025-04-11T22:12:23Z,27.114232,-165.443040
2025-04-11T22:12:24Z,27.114231,-165.443047
2025-04-11T22:12:25Z,27.114230,-165.443053
2025-04-11T22:12:26Z,27.114229,-165.443060
2025-04-11T22:12:27Z,27.114228,-165.443066
2025-04-11T22:12:28Z,27.114227,-165.443073
2025-04-11T22:12:29Z,27.114226,-165.443079
2025-04-11T22:12:30Z,27.114227,-165.443084
2025-04-11T22:12:31Z,27.114238,-165.443078
2025-04-11T22:12:32Z,27.114249,-165.443072
2025-04-11T22:12:33Z,27.114260,-165.443066
2025-04-11T22:12:34Z,27.114271,-165.443060
2025-04-11T22:12:35Z,27.114283,-165.443054
2025-04-11T22:12:36Z,27.114294,-165.443048
2025-04-11T22:12:37Z,27.114305,-165.443042
2025-04-11T22:12:38Z,27.114313,-165.443039
2025-04-11T22:12:39Z,27.114313,-165.443041
2025-04-11T22:12:40Z,27.114314,-165.443043
2025-04-11T22:12:41Z,27.114314,-165.443046
2025-04-11T22:12:42Z,27.114315,-165.443048
2025-04-11T22:12:43Z,27.114315,-165.443050
2025-04-11T22:12:44Z,27.114315,-165.443052
2025-04-11T22:12:45Z,27.114316,-165.443055
2025-04-11T22:12:46Z,27.114316,-165.443057
2025-04-11T22:12:47Z,27.114311,-165.443065
2025-04-11T22:12:48Z,27.114307,-165.443073
2025-04-11T22:12:49Z,27.114302,-165.443081
2025-04-11T22:12:50Z,27.114298,-165.443089
2025-04-11T22:12:51Z,27.114294,-165.443097
2025-04-11T22:12:52Z,27.114289,-165.443105
2025-04-11T22:12:53Z,27.114285,-165.443113
2025-04-11T22:12:54Z,27.114283,-165.443113
2025-04-11T22:12:55Z,27.114283,-165.443109
2025-04-11T22:12:56Z,27.114283,-165.443105
2025-04-11T22:12:57Z,27.114284,-165.443101
2025-04-11T22:12:58Z,27.114284,-165.443097
2025-04-11T22:12:59Z,27.114284,-165.443093
2025-04-11T22:13:00Z,27.114284,-165.443089
2025-04-11T22:13:01Z,27.114284,-165.443085
2025-04-11T22:13:02Z,27.114284,-165.443081
2025-04-11T22:13:03Z,27.114284,-165.443077
2025-04-11T22:13:04Z,27.114284,-165.443073
2025-04-11T22:13:05Z,27.114285,-165.443069
2025-04-11T22:13:06Z,27.114285,-165.443065
2025-04-11T22:13:07Z,27.114285,-165.443061
2025-04-11T22:13:08Z,27.114285,-165.443057
2025-04-11T22:13:09Z,27.114285,-165.443053
2025-04-11T22:13:10Z,27.114285,-165.443049
2025-04-11T22:13:11Z,27.114285,-165.443045
2025-04-11T22:13:12Z,27.114286,-165.443041
2025-04-11T22:13:13Z,27.114286,-165.443037
2025-04-11T22:13:14Z,27.114286,-165.443033
2025-04-11T22:13:15Z,27.114286,-165.443029
2025-04-11T22:13:16Z,27.114287,-165.443024
2025-04-11T22:13:17Z,27.114287,-165.443019
2025-04-11T22:13:18Z,27.114288,-165.443014
2025-04-11T22:13:19Z,27.114288,-165.443009
2025-04-11T22:13:20Z,27.114289,-165.443004
2025-04-11T22:13:21Z,27.114289,-165.442999
2025-04-11T22:13:22Z,27.114290,-165.442994
2025-04-11T22:13:23Z,27.114290,-165.442989
2025-04-11T22:13:24Z,27.114288,-165.442985
2025-04-11T22:13:25Z,27.114287,-165.442981
2025-04-11T22:13:26Z,27.114285,-165.442978
2025-04-11T22:13:27Z,27.114284,-165.442974
2025-04-11T22:13:28Z,27.114283,-165.442970
2025-04-11T22:13:29Z,27.114281,-165.442966
2025-04-11T22:13:30Z,27.114280,-165.442962
2025-04-11T22:13:31Z,27.114279,-165.442960
2025-04-11T22:13:32Z,27.114279,-165.442959
2025-04-11T22:13:33Z,27.114280,-165.442959
2025-04-11T22:13:34Z,27.114280,-165.442959
2025-04-11T22:13:35Z,27.114280,-165.442958
2025-04-11T22:13:36Z,27.114280,-165.442958
2025-04-11T22:13:37Z,27.114281,-165.442958
2025-04-11T22:13:38Z,27.114281,-165.442957
2025-04-11T22:13:39Z,27.114282,-165.442957
2025-04-11T22:13:40Z,27.114283,-165.442957
2025-04-11T22:13:41Z,27.114284,-165.442957
2025-04-11T22:13:42Z,27.114285,-165.442957
2025-04-11T22:13:43Z,27.114286,-165.442957
2025-04-11T22:13:44Z,27.114287,-165.442957
2025-04-11T22:13:45Z,27.114288,-165.442957
2025-04-11T22:13:46Z,27.114289,-165.442957
2025-04-11T22:13:47Z,27.114291,-165.442956
2025-04-11T22:13:48Z,27.114293,-165.442956
2025-04-11T22:13:49Z,27.114295,-165.442955
2025-04-11T22:13:50Z,27.114297,-165.442954
2025-04-11T22:13:51Z,27.114299,-165.442954
2025-04-11T22:13:52Z,27.114301,-165.442953
2025-04-11T22:13:53Z,27.114303,-165.442953
2025-04-11T22:13:54Z,27.114305,-165.442953
2025-04-11T22:13:55Z,27.114305,-165.442961
2025-04-11T22:13:56Z,27.114305,-165.442970
2025-04-11T22:13:57Z,27.114304,-165.442978
2025-04-11T22:13:58Z,27.114304,-165.442987
2025-04-11T22:13:59Z,27.114304,-165.442995
2025-04-11T22:14:00Z,27.114304,-165.443004
2025-04-11T22:14:01Z,27.114303,-165.443013
2025-04-11T22:14:02Z,27.114303,-165.443021
2025-04-11T22:14:03Z,27.114303,-165.443030
2025-04-11T22:14:04Z,27.114303,-165.443038
2025-04-11T22:14:05Z,27.114302,-165.443047
2025-04-11T22:14:06Z,27.114302,-165.443055
2025-04-11T22:14:07Z,27.114302,-165.443064
2025-04-11T22:14:08Z,27.114302,-165.443073
2025-04-11T22:14:09Z,27.114301,-165.443081
2025-04-11T22:14:10Z,27.114301,-165.443090
2025-04-11T22:14:11Z,27.114301,-165.443098
2025-04-11T22:14:12Z,27.114301,-165.443107
2025-04-11T22:14:13Z,27.114301,-165.443116
2025-04-11T22:14:14Z,27.114300,-165.443124
2025-04-11T22:14:15Z,27.114300,-165.443133
2025-04-11T22:14:16Z,27.114299,-165.443130
2025-04-11T22:14:17Z,27.114298,-165.443123
2025-04-11T22:14:18Z,27.114296,-165.443116
2025-04-11T22:14:19Z,27.114295,-165.443109
2025-04-11T22:14:20Z,27.114294,-165.443102
2025-04-11T22:14:21Z,27.114293,-165.443095
2025-04-11T22:14:22Z,27.114291,-165.443088
2025-04-11T22:14:23Z,27.114290,-165.443081
2025-04-11T22:14:24Z,27.114292,-165.443077
2025-04-11T22:14:25Z,27.114294,-165.443073
2025-04-11T22:14:26Z,27.114296,-165.443070
2025-04-11T22:14:27Z,27.114298,-165.443066
2025-04-11T22:14:28Z,27.114300,-165.443062
2025-04-11T22:14:29Z,27.114302,-165.443058
2025-04-11T22:14:30Z,27.114304,-165.443054
2025-04-11T22:14:31Z,27.114306,-165.443051
2025-04-11T22:14:32Z,27.114306,-165.443051
2025-04-11T22:14:33Z,27.114306,-165.443052
2025-04-11T22:14:34Z,27.114306,-165.443052
2025-04-11T22:14:35Z,27.114306,-165.443052
2025-04-11T22:14:36Z,27.114306,-165.443052
2025-04-11T22:14:37Z,27.114306,-165.443053
2025-04-11T22:14:38Z,27.114306,-165.443053
2025-04-11T22:14:39Z,27.114306,-165.443053
2025-04-11T22:14:40Z,27.114306,-165.443054
2025-04-11T22:14:41Z,27.114306,-165.443054
2025-04-11T22:14:42Z,27.114306,-165.443055
2025-04-11T22:14:43Z,27.114305,-165.443055
2025-04-11T22:14:44Z,27.114305,-165.443056
2025-04-11T22:14:45Z,27.114305,-165.443056
2025-04-11T22:14:46Z,27.114305,-165.443057
2025-04-11T22:14:47Z,27.114305,-165.443057
2025-04-11T22:14:48Z,27.114305,-165.443058
2025-04-11T22:14:49Z,27.114305,-165.443058
2025-04-11T22:14:50Z,27.114304,-165.443059
2025-04-11T22:14:51Z,27.114304,-165.443059
2025-04-11T22:14:52Z,27.114304,-165.443060
2025-04-11T22:14:53Z,27.114304,-165.443060
2025-04-11T22:14:54Z,27.114304,-165.443061
2025-04-11T22:14:55Z,27.114304,-165.443061
2025-04-11T22:14:56Z,27.114304,-165.443062
2025-04-11T22:14:57Z,27.114303,-165.443062
2025-04-11T22:14:58Z,27.114303,-165.443063
2025-04-11T22:14:59Z,27.114303,-165.443063
2025-04-11T22:15:00Z,27.114303,-165.443064
2025-04-11T22:15:01Z,27.114302,-165.443063
2025-04-11T22:15:02Z,27.114301,-165.443062
2025-04-11T22:15:03Z,27.114300,-165.443061
2025-04-11T22:15:04Z,27.114299,-165.443060
2025-04-11T22:15:05Z,27.114297,-165.443059
2025-04-11T22:15:06Z,27.114296,-165.443058
2025-04-11T22:15:07Z,27.114295,-165.443057
2025-04-11T22:15:08Z,27.114294,-165.443056
2025-04-11T22:15:09Z,27.114293,-165.443055
2025-04-11T22:15:10Z,27.114292,-165.443054
2025-04-11T22:15:11Z,27.114291,-165.443053
2025-04-11T22:15:12Z,27.114289,-165.443052
2025-04-11T22:15:13Z,27.114288,-165.443051
2025-04-11T22:15:14Z,27.114287,-165.443050
2025-04-11T22:15:15Z,27.114286,-165.443049
2025-04-11T22:15:16Z,27.114285,-165.443048
2025-04-11T22:15:17Z,27.114284,-165.443047
2025-04-11T22:15:18Z,27.114283,-165.443046
2025-04-11T22:15:19Z,27.114282,-165.443044
2025-04-11T22:15:20Z,27.114280,-165.443043
2025-04-11T22:15:21Z,27.114279,-165.443042
2025-04-11T22:15:22Z,27.114278,-165.443041
2025-04-11T22:15:23Z,27.114277,-165.443040
2025-04-11T22:15:24Z,27.114276,-165.443039
2025-04-11T22:15:25Z,27.114275,-165.443038
2025-04-11T22:15:26Z,27.114274,-165.443037
2025-04-11T22:15:27Z,27.114272,-165.443036
2025-04-11T22:15:28Z,27.114271,-165.443035
2025-04-11T22:15:29Z,27.114270,-165.443034
2025-04-11T22:15:30Z,27.114269,-165.443034
2025-04-11T22:15:31Z,27.114268,-165.443034
2025-04-11T22:15:32Z,27.114267,-165.443033
2025-04-11T22:15:33Z,27.114266,-165.443033
2025-04-11T22:15:34Z,27.114265,-165.443033
2025-04-11T22:15:35Z,27.114265,-165.443033
2025-04-11T22:15:36Z,27.114264,-165.443032
2025-04-11T22:15:37Z,27.114263,-165.443032
2025-04-11T22:15:38Z,27.114262,-165.443032
2025-04-11T22:15:39Z,27.114261,-165.443032
2025-04-11T22:15:40Z,27.114260,-165.443031
2025-04-11T22:15:41Z,27.114259,-165.443031
2025-04-11T22:15:42Z,27.114258,-165.443031
2025-04-11T22:15:43Z,27.114257,-165.443031
2025-04-11T22:15:44Z,27.114256,-165.443031
2025-04-11T22:15:45Z,27.114255,-165.443030
2025-04-11T22:15:46Z,27.114254,-165.443030
2025-04-11T22:15:47Z,27.114253,-165.443030
2025-04-11T22:15:48Z,27.114252,-165.443030
2025-04-11T22:15:49Z,27.114251,-165.443029
2025-04-11T22:15:50Z,27.114250,-165.443029
2025-04-11T22:15:51Z,27.114248,-165.443031
2025-04-11T22:15:52Z,27.114245,-165.443035
2025-04-11T22:15:53Z,27.114241,-165.443040
2025-04-11T22:15:54Z,27.114238,-165.443044
2025-04-11T22:15:55Z,27.114235,-165.443048
2025-04-11T22:15:56Z,27.114231,-165.443052
2025-04-11T22:15:57Z,27.114228,-165.443056
2025-04-11T22:15:58Z,27.114225,-165.443060
2025-04-11T22:15:59Z,27.114228,-165.443060
2025-04-11T22:16:00Z,27.114234,-165.443059
2025-04-11T22:16:01Z,27.114239,-165.443058
2025-04-11T22:16:02Z,27.114244,-165.443057
2025-04-11T22:16:03Z,27.114250,-165.443056
2025-04-11T22:16:04Z,27.114255,-165.443055
2025-04-11T22:16:05Z,27.114260,-165.443054
2025-04-11T22:16:06Z,27.114266,-165.443053
2025-04-11T22:16:07Z,27.114271,-165.443052
2025-04-11T22:16:08Z,27.114276,-165.443051
2025-04-11T22:16:09Z,27.114282,-165.443049
2025-04-11T22:16:10Z,27.114287,-165.443048
2025-04-11T22:16:11Z,27.114292,-165.443047
2025-04-11T22:16:12Z,27.114298,-165.443046
2025-04-11T22:16:13Z,27.114303,-165.443045
2025-04-11T22:16:14Z,27.114308,-165.443044
2025-04-11T22:16:15Z,27.114314,-165.443043
2025-04-11T22:16:16Z,27.114319,-165.443042
2025-04-11T22:16:17Z,27.114324,-165.443041
2025-04-11T22:16:18Z,27.114330,-165.443040
2025-04-11T22:16:19Z,27.114335,-165.443039
2025-04-11T22:16:20Z,27.114338,-165.443040
2025-04-11T22:16:21Z,27.114335,-165.443046
2025-04-11T22:16:22Z,27.114332,-165.443053
2025-04-11T22:16:23Z,27.114329,-165.443060
2025-04-11T22:16:24Z,27.114326,-165.443067
2025-04-11T22:16:25Z,27.114323,-165.443074
2025-04-11T22:16:26Z,27.114320,-165.443081
2025-04-11T22:16:27Z,27.114316,-165.443088
2025-04-11T22:16:28Z,27.114307,-165.443090
2025-04-11T22:16:29Z,27.114293,-165.443088
2025-04-11T22:16:30Z,27.114278,-165.443086
2025-04-11T22:16:31Z,27.114263,-165.443084
2025-04-11T22:16:32Z,27.114249,-165.443082
2025-04-11T22:16:33Z,27.114234,-165.443080
2025-04-11T22:16:34Z,27.114220,-165.443078
2025-04-11T22:16:35Z,27.114205,-165.443076
2025-04-11T22:16:36Z,27.114202,-165.443074
2025-04-11T22:16:37Z,27.114203,-165.443072
2025-04-11T22:16:38Z,27.114203,-165.443071
2025-04-11T22:16:39Z,27.114204,-165.443069
2025-04-11T22:16:40Z,27.114205,-165.443067
2025-04-11T22:16:41Z,27.114206,-165.443066
2025-04-11T22:16:42Z,27.114207,-165.443064
2025-04-11T22:16:43Z,27.114208,-165.443062
2025-04-11T22:16:44Z,27.114209,-165.443061
2025-04-11T22:16:45Z,27.114210,-165.443059
2025-04-11T22:16:46Z,27.114210,-165.443058
2025-04-11T22:16:47Z,27.114211,-165.443056
2025-04-11T22:16:48Z,27.114212,-165.443054
2025-04-11T22:16:49Z,27.114213,-165.443053
2025-04-11T22:16:50Z,27.114214,-165.443051
2025-04-11T22:16:51Z,27.114215,-165.443049
2025-04-11T22:16:52Z,27.114216,-165.443048
2025-04-11T22:16:53Z,27.114217,-165.443046
2025-04-11T22:16:54Z,27.114218,-165.443045
2025-04-11T22:16:55Z,27.114218,-165.443043
2025-04-11T22:16:56Z,27.114219,-165.443041
2025-04-11T22:16:57Z,27.114220,-165.443040
2025-04-11T22:16:58Z,27.114219,-165.443039
2025-04-11T22:16:59Z,27.114218,-165.443038
2025-04-11T22:17:00Z,27.114217,-165.443037
2025-04-11T22:17:01Z,27.114216,-165.443036
2025-04-11T22:17:02Z,27.114215,-165.443036
2025-04-11T22:17:03Z,27.114214,-165.443035
2025-04-11T22:17:04Z,27.114213,-165.443034
2025-04-11T22:17:05Z,27.114212,-165.443033
2025-04-11T22:17:06Z,27.114211,-165.443032
2025-04-11T22:17:07Z,27.114210,-165.443031
2025-04-11T22:17:08Z,27.114210,-165.443031
2025-04-11T22:17:09Z,27.114209,-165.443030
2025-04-11T22:17:10Z,27.114208,-165.443029
2025-04-11T22:17:11Z,27.114207,-165.443028
2025-04-11T22:17:12Z,27.114206,-165.443027
2025-04-11T22:17:13Z,27.114205,-165.443026
2025-04-11T22:17:14Z,27.114204,-165.443026
2025-04-11T22:17:15Z,27.114203,-165.443025
2025-04-11T22:17:16Z,27.114202,-165.443024
2025-04-11T22:17:17Z,27.114201,-165.443023
2025-04-11T22:17:18Z,27.114200,-165.443022
2025-04-11T22:17:19Z,27.114201,-165.443021
2025-04-11T22:17:20Z,27.114202,-165.443020
2025-04-11T22:17:21Z,27.114203,-165.443019
2025-04-11T22:17:22Z,27.114204,-165.443018
2025-04-11T22:17:23Z,27.114204,-165.443018
2025-04-11T22:17:24Z,27.114205,-165.443017
2025-04-11T22:17:25Z,27.114206,-165.443016
2025-04-11T22:17:26Z,27.114207,-165.443013
2025-04-11T22:17:27Z,27.114206,-165.443005
2025-04-11T22:17:28Z,27.114205,-165.442997
2025-04-11T22:17:29Z,27.114204,-165.442989
2025-04-11T22:17:30Z,27.114203,-165.442981
2025-04-11T22:17:31Z,27.114202,-165.442973
2025-04-11T22:17:32Z,27.114201,-165.442964
2025-04-11T22:17:33Z,27.114200,-165.442956
2025-04-11T22:17:34Z,27.114200,-165.442954
2025-04-11T22:17:35Z,27.114207,-165.442971
2025-04-11T22:17:36Z,27.114213,-165.442988
2025-04-11T22:17:37Z,27.114219,-165.443005
2025-04-11T22:17:38Z,27.114225,-165.443022
2025-04-11T22:17:39Z,27.114231,-165.443038
2025-04-11T22:17:40Z,27.114237,-165.443055
2025-04-11T22:17:41Z,27.114243,-165.443072
2025-04-11T22:17:42Z,27.114247,-165.443082
2025-04-11T22:17:43Z,27.114246,-165.443080
2025-04-11T22:17:44Z,27.114246,-165.443077
2025-04-11T22:17:45Z,27.114245,-165.443075
2025-04-11T22:17:46Z,27.114245,-165.443073
2025-04-11T22:17:47Z,27.114244,-165.443070
2025-04-11T22:17:48Z,27.114244,-165.443068
2025-04-11T22:17:49Z,27.114244,-165.443065
2025-04-11T22:17:50Z,27.114243,-165.443063
2025-04-11T22:17:51Z,27.114243,-165.443061
2025-04-11T22:17:52Z,27.114242,-165.443058
2025-04-11T22:17:53Z,27.114242,-165.443056
2025-04-11T22:17:54Z,27.114241,-165.443054
2025-04-11T22:17:55Z,27.114241,-165.443051
2025-04-11T22:17:56Z,27.114240,-165.443049
2025-04-11T22:17:57Z,27.114240,-165.443046
2025-04-11T22:17:58Z,27.114239,-165.443044
2025-04-11T22:17:59Z,27.114239,-165.443042
2025-04-11T22:18:00Z,27.114238,-165.443039
2025-04-11T22:18:01Z,27.114238,-165.443037
2025-04-11T22:18:02Z,27.114237,-165.443034
2025-04-11T22:18:03Z,27.114237,-165.443032
2025-04-11T22:18:04Z,27.114238,-165.443035
2025-04-11T22:18:05Z,27.114239,-165.443038
2025-04-11T22:18:06Z,27.114240,-165.443040
2025-04-11T22:18:07Z,27.114241,-165.443043
2025-04-11T22:18:08Z,27.114241,-165.443046
2025-04-11T22:18:09Z,27.114242,-165.443049
2025-04-11T22:18:10Z,27.114243,-165.443052
2025-04-11T22:18:11Z,27.114245,-165.443054
2025-04-11T22:18:12Z,27.114250,-165.443057
2025-04-11T22:18:13Z,27.114255,-165.443059
2025-04-11T22:18:14Z,27.114261,-165.443062
2025-04-11T22:18:15Z,27.114266,-165.443064
2025-04-11T22:18:16Z,27.114271,-165.443066
2025-04-11T22:18:17Z,27.114276,-165.443069
2025-04-11T22:18:18Z,27.114281,-165.443071
2025-04-11T22:18:19Z,27.114285,-165.443074
2025-04-11T22:18:20Z,27.114287,-165.443078
2025-04-11T22:18:21Z,27.114288,-165.443083
2025-04-11T22:18:22Z,27.114289,-165.443087
2025-04-11T22:18:23Z,27.114291,-165.443091
2025-04-11T22:18:24Z,27.114292,-165.443095
2025-04-11T22:18:25Z,27.114293,-165.443100
2025-04-11T22:18:26Z,27.114294,-165.443104
2025-04-11T22:18:27Z,27.114297,-165.443099
2025-04-11T22:18:28Z,27.114301,-165.443084
2025-04-11T22:18:29Z,27.114305,-165.443069
2025-04-11T22:18:30Z,27.114309,-165.443054
2025-04-11T22:18:31Z,27.114312,-165.443039
2025-04-11T22:18:32Z,27.114316,-165.443025
2025-04-11T22:18:33Z,27.114320,-165.443010
2025-04-11T22:18:34Z,27.114324,-165.442995
2025-04-11T22:18:35Z,27.114324,-165.442996
2025-04-11T22:18:36Z,27.114322,-165.443002
2025-04-11T22:18:37Z,27.114321,-165.443008
2025-04-11T22:18:38Z,27.114320,-165.443014
2025-04-11T22:18:39Z,27.114318,-165.443021
2025-04-11T22:18:40Z,27.114317,-165.443027
2025-04-11T22:18:41Z,27.114315,-165.443033
2025-04-11T22:18:42Z,27.114314,-165.443040
2025-04-11T22:18:43Z,27.114312,-165.443046
2025-04-11T22:18:44Z,27.114311,-165.443052
2025-04-11T22:18:45Z,27.114309,-165.443058
2025-04-11T22:18:46Z,27.114308,-165.443065
2025-04-11T22:18:47Z,27.114307,-165.443071
2025-04-11T22:18:48Z,27.114305,-165.443077
2025-04-11T22:18:49Z,27.114304,-165.443083
2025-04-11T22:18:50Z,27.114302,-165.443090
2025-04-11T22:18:51Z,27.114301,-165.443096
2025-04-11T22:18:52Z,27.114299,-165.443102
2025-04-11T22:18:53Z,27.114298,-165.443109
2025-04-11T22:18:54Z,27.114296,-165.443115
2025-04-11T22:18:55Z,27.114295,-165.443121
2025-04-11T22:18:56Z,27.114294,-165.443123
2025-04-11T22:18:57Z,27.114294,-165.443117
2025-04-11T22:18:58Z,27.114293,-165.443111
2025-04-11T22:18:59Z,27.114293,-165.443105
2025-04-11T22:19:00Z,27.114293,-165.443099
2025-04-11T22:19:01Z,27.114293,-165.443093
2025-04-11T22:19:02Z,27.114292,-165.443087
2025-04-11T22:19:03Z,27.114292,-165.443080
2025-04-11T22:19:04Z,27.114288,-165.443078
2025-04-11T22:19:05Z,27.114280,-165.443079
2025-04-11T22:19:06Z,27.114272,-165.443079
2025-04-11T22:19:07Z,27.114265,-165.443080
2025-04-11T22:19:08Z,27.114257,-165.443080
2025-04-11T22:19:09Z,27.114250,-165.443081
2025-04-11T22:19:10Z,27.114242,-165.443081
2025-04-11T22:19:11Z,27.114234,-165.443082
2025-04-11T22:19:12Z,27.114236,-165.443083
2025-04-11T22:19:13Z,27.114242,-165.443083
2025-04-11T22:19:14Z,27.114248,-165.443084
2025-04-11T22:19:15Z,27.114254,-165.443085
2025-04-11T22:19:16Z,27.114260,-165.443086
2025-04-11T22:19:17Z,27.114266,-165.443086
2025-04-11T22:19:18Z,27.114272,-165.443087
2025-04-11T22:19:19Z,27.114278,-165.443088
2025-04-11T22:19:20Z,27.114279,-165.443076
2025-04-11T22:19:21Z,27.114280,-165.443064
2025-04-11T22:19:22Z,27.114281,-165.443052
2025-04-11T22:19:23Z,27.114282,-165.443040
2025-04-11T22:19:24Z,27.114283,-165.443028
2025-04-11T22:19:25Z,27.114284,-165.443016
2025-04-11T22:19:26Z,27.114285,-165.443004
2025-04-11T22:19:27Z,27.114289,-165.442996
2025-04-11T22:19:28Z,27.114299,-165.442997
2025-04-11T22:19:29Z,27.114309,-165.442997
2025-04-11T22:19:30Z,27.114319,-165.442998
2025-04-11T22:19:31Z,27.114329,-165.442998
2025-04-11T22:19:32Z,27.114339,-165.442999
2025-04-11T22:19:33Z,27.114349,-165.442999
2025-04-11T22:19:34Z,27.114359,-165.443000
2025-04-11T22:19:35Z,27.114366,-165.443000
2025-04-11T22:19:36Z,27.114364,-165.442999
2025-04-11T22:19:37Z,27.114361,-165.442999
2025-04-11T22:19:38Z,27.114358,-165.442998
2025-04-11T22:19:39Z,27.114356,-165.442997
2025-04-11T22:19:40Z,27.114353,-165.442997
2025-04-11T22:19:41Z,27.114350,-165.442996
2025-04-11T22:19:42Z,27.114347,-165.442995
2025-04-11T22:19:43Z,27.114347,-165.442999
2025-04-11T22:19:44Z,27.114348,-165.443006
2025-04-11T22:19:45Z,27.114350,-165.443014
2025-04-11T22:19:46Z,27.114352,-165.443022
2025-04-11T22:19:47Z,27.114353,-165.443030
2025-04-11T22:19:48Z,27.114355,-165.443038
2025-04-11T22:19:49Z,27.114357,-165.443046
2025-04-11T22:19:50Z,27.114358,-165.443053
2025-04-11T22:19:51Z,27.114356,-165.443059
2025-04-11T22:19:52Z,27.114353,-165.443063
2025-04-11T22:19:53Z,27.114349,-165.443067
2025-04-11T22:19:54Z,27.114345,-165.443072
2025-04-11T22:19:55Z,27.114341,-165.443076
2025-04-11T22:19:56Z,27.114338,-165.443080
2025-04-11T22:19:57Z,27.114334,-165.443084
2025-04-11T22:19:58Z,27.114330,-165.443089
2025-04-11T22:19:59Z,27.114332,-165.443084
2025-04-11T22:20:00Z,27.114334,-165.443079
2025-04-11T22:20:01Z,27.114336,-165.443073
2025-04-11T22:20:02Z,27.114338,-165.443068
2025-04-11T22:20:03Z,27.114340,-165.443063
2025-04-11T22:20:04Z,27.114342,-165.443057
2025-04-11T22:20:05Z,27.114344,-165.443052
2025-04-11T22:20:06Z,27.114346,-165.443046
2025-04-11T22:20:07Z,27.114350,-165.443034
2025-04-11T22:20:08Z,27.114354,-165.443022
2025-04-11T22:20:09Z,27.114357,-165.443010
2025-04-11T22:20:10Z,27.114361,-165.442998
2025-04-11T22:20:11Z,27.114365,-165.442986
2025-04-11T22:20:12Z,27.114369,-165.442974
2025-04-11T22:20:13Z,27.114373,-165.442962
2025-04-11T22:20:14Z,27.114376,-165.442951
2025-04-11T22:20:15Z,27.114374,-165.442947
2025-04-11T22:20:16Z,27.114372,-165.442943
2025-04-11T22:20:17Z,27.114370,-165.442939
2025-04-11T22:20:18Z,27.114368,-165.442935
2025-04-11T22:20:19Z,27.114365,-165.442931
2025-04-11T22:20:20Z,27.114363,-165.442927
2025-04-11T22:20:21Z,27.114361,-165.442923
2025-04-11T22:20:22Z,27.114361,-165.442922
2025-04-11T22:20:23Z,27.114364,-165.442924
2025-04-11T22:20:24Z,27.114367,-165.442926
2025-04-11T22:20:25Z,27.114370,-165.442928
2025-04-11T22:20:26Z,27.114373,-165.442930
2025-04-11T22:20:27Z,27.114376,-165.442932
2025-04-11T22:20:28Z,27.114379,-165.442934
2025-04-11T22:20:29Z,27.114382,-165.442936
2025-04-11T22:20:30Z,27.114382,-165.442929
2025-04-11T22:20:31Z,27.114381,-165.442918
2025-04-11T22:20:32Z,27.114379,-165.442906
2025-04-11T22:20:33Z,27.114378,-165.442895
2025-04-11T22:20:34Z,27.114377,-165.442883
2025-04-11T22:20:35Z,27.114375,-165.442872
2025-04-11T22:20:36Z,27.114374,-165.442860
2025-04-11T22:20:37Z,27.114372,-165.442849
2025-04-11T22:20:38Z,27.114370,-165.442850
2025-04-11T22:20:39Z,27.114367,-165.442855
2025-04-11T22:20:40Z,27.114364,-165.442861
2025-04-11T22:20:41Z,27.114361,-165.442866
2025-04-11T22:20:42Z,27.114358,-165.442871
2025-04-11T22:20:43Z,27.114355,-165.442876
2025-04-11T22:20:44Z,27.114352,-165.442882
2025-04-11T22:20:45Z,27.114350,-165.442887
2025-04-11T22:20:46Z,27.114349,-165.442892
2025-04-11T22:20:47Z,27.114348,-165.442896
2025-04-11T22:20:48Z,27.114348,-165.442901
2025-04-11T22:20:49Z,27.114347,-165.442905
2025-04-11T22:20:50Z,27.114347,-165.442910
2025-04-11T22:20:51Z,27.114347,-165.442914
2025-04-11T22:20:52Z,27.114346,-165.442918
2025-04-11T22:20:53Z,27.114345,-165.442922
2025-04-11T22:20:54Z,27.114339,-165.442919
2025-04-11T22:20:55Z,27.114334,-165.442917
2025-04-11T22:20:56Z,27.114328,-165.442915
2025-04-11T22:20:57Z,27.114323,-165.442913
2025-04-11T22:20:58Z,27.114317,-165.442911
2025-04-11T22:20:59Z,27.114311,-165.442908
2025-04-11T22:21:00Z,27.114306,-165.442906
2025-04-11T22:21:01Z,27.114304,-165.442900
2025-04-11T22:21:02Z,27.114305,-165.442889
2025-04-11T22:21:03Z,27.114306,-165.442879
2025-04-11T22:21:04Z,27.114307,-165.442868
2025-04-11T22:21:05Z,27.114308,-165.442857
2025-04-11T22:21:06Z,27.114309,-165.442846
2025-04-11T22:21:07Z,27.114310,-165.442836
2025-04-11T22:21:08Z,27.114311,-165.442825
2025-04-11T22:21:09Z,27.114315,-165.442822
2025-04-11T22:21:10Z,27.114322,-165.442825
2025-04-11T22:21:11Z,27.114328,-165.442828
2025-04-11T22:21:12Z,27.114334,-165.442832
2025-04-11T22:21:13Z,27.114341,-165.442835
2025-04-11T22:21:14Z,27.114347,-165.442838
2025-04-11T22:21:15Z,27.114353,-165.442841
2025-04-11T22:21:16Z,27.114360,-165.442845
2025-04-11T22:21:17Z,27.114362,-165.442843
2025-04-11T22:21:18Z,27.114362,-165.442837
2025-04-11T22:21:19Z,27.114361,-165.442831
2025-04-11T22:21:20Z,27.114361,-165.442826
2025-04-11T22:21:21Z,27.114361,-165.442820
2025-04-11T22:21:22Z,27.114361,-165.442815
2025-04-11T22:21:23Z,27.114360,-165.442809
2025-04-11T22:21:24Z,27.114360,-165.442804
2025-04-11T22:21:25Z,27.114356,-165.442808
2025-04-11T22:21:26Z,27.114351,-165.442814
2025-04-11T22:21:27Z,27.114347,-165.442819
2025-04-11T22:21:28Z,27.114342,-165.442825
2025-04-11T22:21:29Z,27.114337,-165.442831
2025-04-11T22:21:30Z,27.114333,-165.442836
2025-04-11T22:21:31Z,27.114328,-165.442842
2025-04-11T22:21:32Z,27.114324,-165.442847
2025-04-11T22:21:33Z,27.114329,-165.442849
2025-04-11T22:21:34Z,27.114333,-165.442850
2025-04-11T22:21:35Z,27.114337,-165.442852
2025-04-11T22:21:36Z,27.114341,-165.442853
2025-04-11T22:21:37Z,27.114345,-165.442855
2025-04-11T22:21:38Z,27.114349,-165.442856
2025-04-11T22:21:39Z,27.114353,-165.442858
2025-04-11T22:21:40Z,27.114357,-165.442859
2025-04-11T22:21:41Z,27.114359,-165.442860
2025-04-11T22:21:42Z,27.114362,-165.442861
2025-04-11T22:21:43Z,27.114365,-165.442862
2025-04-11T22:21:44Z,27.114367,-165.442862
2025-04-11T22:21:45Z,27.114370,-165.442863
2025-04-11T22:21:46Z,27.114373,-165.442864
2025-04-11T22:21:47Z,27.114376,-165.442865
2025-04-11T22:21:48Z,27.114373,-165.442862
2025-04-11T22:21:49Z,27.114365,-165.442855
2025-04-11T22:21:50Z,27.114356,-165.442848
2025-04-11T22:21:51Z,27.114348,-165.442841
2025-04-11T22:21:52Z,27.114340,-165.442834
2025-04-11T22:21:53Z,27.114332,-165.442827
2025-04-11T22:21:54Z,27.114324,-165.442821
2025-04-11T22:21:55Z,27.114315,-165.442814
2025-04-11T22:21:56Z,27.114318,-165.442810
2025-04-11T22:21:57Z,27.114328,-165.442808
2025-04-11T22:21:58Z,27.114339,-165.442806
2025-04-11T22:21:59Z,27.114349,-165.442804
2025-04-11T22:22:00Z,27.114359,-165.442802
2025-04-11T22:22:01Z,27.114370,-165.442799
2025-04-11T22:22:02Z,27.114380,-165.442797
2025-04-11T22:22:03Z,27.114390,-165.442795
2025-04-11T22:22:04Z,27.114386,-165.442799
2025-04-11T22:22:05Z,27.114378,-165.442805
2025-04-11T22:22:06Z,27.114370,-165.442810
2025-04-11T22:22:07Z,27.114362,-165.442816
2025-04-11T22:22:08Z,27.114355,-165.442821
2025-04-11T22:22:09Z,27.114347,-165.442827
2025-04-11T22:22:10Z,27.114339,-165.442832
2025-04-11T22:22:11Z,27.114331,-165.442838
2025-04-11T22:22:12Z,27.114325,-165.442841
2025-04-11T22:22:13Z,27.114318,-165.442845
2025-04-11T22:22:14Z,27.114312,-165.442848
2025-04-11T22:22:15Z,27.114305,-165.442852
2025-04-11T22:22:16Z,27.114299,-165.442855
2025-04-11T22:22:17Z,27.114292,-165.442859
2025-04-11T22:22:18Z,27.114286,-165.442862
2025-04-11T22:22:19Z,27.114281,-165.442864
2025-04-11T22:22:20Z,27.114280,-165.442862
2025-04-11T22:22:21Z,27.114280,-165.442860
2025-04-11T22:22:22Z,27.114279,-165.442858
2025-04-11T22:22:23Z,27.114279,-165.442856
2025-04-11T22:22:24Z,27.114278,-165.442854
2025-04-11T22:22:25Z,27.114278,-165.442852
2025-04-11T22:22:26Z,27.114277,-165.442850
2025-04-11T22:22:27Z,27.114277,-165.442847
2025-04-11T22:22:28Z,27.114275,-165.442844
2025-04-11T22:22:29Z,27.114273,-165.442840
2025-04-11T22:22:30Z,27.114272,-165.442837
2025-04-11T22:22:31Z,27.114270,-165.442834
2025-04-11T22:22:32Z,27.114268,-165.442830
2025-04-11T22:22:33Z,27.114267,-165.442827
2025-04-11T22:22:34Z,27.114265,-165.442824
2025-04-11T22:22:35Z,27.114266,-165.442818
2025-04-11T22:22:36Z,27.114269,-165.442810
2025-04-11T22:22:37Z,27.114272,-165.442802
2025-04-11T22:22:38Z,27.114275,-165.442793
2025-04-11T22:22:39Z,27.114279,-165.442785
2025-04-11T22:22:40Z,27.114282,-165.442777
2025-04-11T22:22:41Z,27.114285,-165.442769
2025-04-11T22:22:42Z,27.114288,-165.442760
2025-04-11T22:22:43Z,27.114292,-165.442752
2025-04-11T22:22:44Z,27.114295,-165.442746
2025-04-11T22:22:45Z,27.114299,-165.442745
2025-04-11T22:22:46Z,27.114304,-165.442744
2025-04-11T22:22:47Z,27.114308,-165.442743
2025-04-11T22:22:48Z,27.114312,-165.442742
2025-04-11T22:22:49Z,27.114316,-165.442741
2025-04-11T22:22:50Z,27.114321,-165.442740
2025-04-11T22:22:51Z,27.114317,-165.442743
2025-04-11T22:22:52Z,27.114313,-165.442746
2025-04-11T22:22:53Z,27.114309,-165.442748
2025-04-11T22:22:54Z,27.114305,-165.442751
2025-04-11T22:22:55Z,27.114301,-165.442754
2025-04-11T22:22:56Z,27.114296,-165.442757
2025-04-11T22:22:57Z,27.114292,-165.442760
2025-04-11T22:22:58Z,27.114289,-165.442762
2025-04-11T22:22:59Z,27.114289,-165.442764
2025-04-11T22:23:00Z,27.114289,-165.442765
2025-04-11T22:23:01Z,27.114289,-165.442766
2025-04-11T22:23:02Z,27.114289,-165.442768
2025-04-11T22:23:03Z,27.114289,-165.442769
2025-04-11T22:23:04Z,27.114289,-165.442771
2025-04-11T22:23:05Z,27.114289,-165.442772
2025-04-11T22:23:06Z,27.114290,-165.442773
2025-04-11T22:23:07Z,27.114293,-165.442775
2025-04-11T22:23:08Z,27.114297,-165.442776
2025-04-11T22:23:09Z,27.114300,-165.442777
2025-04-11T22:23:10Z,27.114303,-165.442779
2025-04-11T22:23:11Z,27.114307,-165.442780
2025-04-11T22:23:12Z,27.114310,-165.442782
2025-04-11T22:23:13Z,27.114313,-165.442783
2025-04-11T22:23:14Z,27.114316,-165.442784
2025-04-11T22:23:15Z,27.114320,-165.442786
2025-04-11T22:23:16Z,27.114323,-165.442787
2025-04-11T22:23:17Z,27.114326,-165.442788
2025-04-11T22:23:18Z,27.114330,-165.442790
2025-04-11T22:23:19Z,27.114333,-165.442791
2025-04-11T22:23:20Z,27.114336,-165.442792
2025-04-11T22:23:21Z,27.114340,-165.442794
2025-04-11T22:23:22Z,27.114343,-165.442795
2025-04-11T22:23:23Z,27.114346,-165.442796
2025-04-11T22:23:24Z,27.114350,-165.442798
2025-04-11T22:23:25Z,27.114353,-165.442799
2025-04-11T22:23:26Z,27.114356,-165.442801
2025-04-11T22:23:27Z,27.114360,-165.442802
2025-04-11T22:23:28Z,27.114356,-165.442797
2025-04-11T22:23:29Z,27.114351,-165.442791
2025-04-11T22:23:30Z,27.114347,-165.442786
2025-04-11T22:23:31Z,27.114342,-165.442780
2025-04-11T22:23:32Z,27.114337,-165.442774
2025-04-11T22:23:33Z,27.114333,-165.442769
2025-04-11T22:23:34Z,27.114328,-165.442763
2025-04-11T22:23:35Z,27.114326,-165.442759
2025-04-11T22:23:36Z,27.114329,-165.442761
2025-04-11T22:23:37Z,27.114333,-165.442762
2025-04-11T22:23:38Z,27.114336,-165.442763
2025-04-11T22:23:39Z,27.114339,-165.442765
2025-04-11T22:23:40Z,27.114343,-165.442766
2025-04-11T22:23:41Z,27.114346,-165.442768
2025-04-11T22:23:42Z,27.114349,-165.442769
2025-04-11T22:23:43Z,27.114352,-165.442770
2025-04-11T22:23:44Z,27.114355,-165.442769
2025-04-11T22:23:45Z,27.114357,-165.442768
2025-04-11T22:23:46Z,27.114359,-165.442767
2025-04-11T22:23:47Z,27.114361,-165.442767
2025-04-11T22:23:48Z,27.114363,-165.442766
2025-04-11T22:23:49Z,27.114365,-165.442765
2025-04-11T22:23:50Z,27.114367,-165.442764
2025-04-11T22:23:51Z,27.114368,-165.442765
2025-04-11T22:23:52Z,27.114369,-165.442766
2025-04-11T22:23:53Z,27.114370,-165.442768
2025-04-11T22:23:54Z,27.114371,-165.442769
2025-04-11T22:23:55Z,27.114371,-165.442771
2025-04-11T22:23:56Z,27.114372,-165.442772
2025-04-11T22:23:57Z,27.114373,-165.442774
2025-04-11T22:23:58Z,27.114374,-165.442775
2025-04-11T22:23:59Z,27.114373,-165.442777
2025-04-11T22:24:00Z,27.114371,-165.442779
2025-04-11T22:24:01Z,27.114370,-165.442780
2025-04-11T22:24:02Z,27.114368,-165.442782
2025-04-11T22:24:03Z,27.114366,-165.442784
2025-04-11T22:24:04Z,27.114365,-165.442785
2025-04-11T22:24:05Z,27.114363,-165.442787
2025-04-11T22:24:06Z,27.114361,-165.442789
2025-04-11T22:24:07Z,27.114358,-165.442796
2025-04-11T22:24:08Z,27.114354,-165.442804
2025-04-11T22:24:09Z,27.114351,-165.442812
2025-04-11T22:24:10Z,27.114347,-165.442820
2025-04-11T22:24:11Z,27.114344,-165.442828
2025-04-11T22:24:12Z,27.114340,-165.442836
2025-04-11T22:24:13Z,27.114337,-165.442843
2025-04-11T22:24:14Z,27.114333,-165.442851
2025-04-11T22:24:15Z,27.114325,-165.442847
2025-04-11T22:24:16Z,27.114316,-165.442841
2025-04-11T22:24:17Z,27.114307,-165.442836
2025-04-11T22:24:18Z,27.114298,-165.442830
2025-04-11T22:24:19Z,27.114290,-165.442825
2025-04-11T22:24:20Z,27.114281,-165.442819
2025-04-11T22:24:21Z,27.114272,-165.442814
2025-04-11T22:24:22Z,27.114269,-165.442809
2025-04-11T22:24:23Z,27.114278,-165.442806
2025-04-11T22:24:24Z,27.114287,-165.442803
2025-04-11T22:24:25Z,27.114296,-165.442800
2025-04-11T22:24:26Z,27.114304,-165.442798
2025-04-11T22:24:27Z,27.114313,-165.442795
2025-04-11T22:24:28Z,27.114322,-165.442792
2025-04-11T22:24:29Z,27.114331,-165.442789
2025-04-11T22:24:30Z,27.114336,-165.442786
2025-04-11T22:24:31Z,27.114332,-165.442784
2025-04-11T22:24:32Z,27.114329,-165.442782
2025-04-11T22:24:33Z,27.114326,-165.442780
2025-04-11T22:24:34Z,27.114322,-165.442778
2025-04-11T22:24:35Z,27.114319,-165.442777
2025-04-11T22:24:36Z,27.114316,-165.442775
2025-04-11T22:24:37Z,27.114312,-165.442773
2025-04-11T22:24:38Z,27.114309,-165.442771
2025-04-11T22:24:39Z,27.114306,-165.442769
2025-04-11T22:24:40Z,27.114302,-165.442767
2025-04-11T22:24:41Z,27.114299,-165.442765
2025-04-11T22:24:42Z,27.114295,-165.442763
2025-04-11T22:24:43Z,27.114292,-165.442761
2025-04-11T22:24:44Z,27.114289,-165.442759
2025-04-11T22:24:45Z,27.114285,-165.442757
2025-04-11T22:24:46Z,27.114282,-165.442755
2025-04-11T22:24:47Z,27.114279,-165.442753
2025-04-11T22:24:48Z,27.114275,-165.442751
2025-04-11T22:24:49Z,27.114272,-165.442749
2025-04-11T22:24:50Z,27.114269,-165.442747
2025-04-11T22:24:51Z,27.114265,-165.442745
2025-04-11T22:24:52Z,27.114268,-165.442748
2025-04-11T22:24:53Z,27.114270,-165.442751
2025-04-11T22:24:54Z,27.114273,-165.442754
2025-04-11T22:24:55Z,27.114276,-165.442758
2025-04-11T22:24:56Z,27.114279,-165.442761
2025-04-11T22:24:57Z,27.114282,-165.442764
2025-04-11T22:24:58Z,27.114284,-165.442767
2025-04-11T22:24:59Z,27.114287,-165.442770
2025-04-11T22:25:00Z,27.114290,-165.442773
2025-04-11T22:25:01Z,27.114293,-165.442777
2025-04-11T22:25:02Z,27.114296,-165.442780
2025-04-11T22:25:03Z,27.114298,-165.442783
2025-04-11T22:25:04Z,27.114301,-165.442786
2025-04-11T22:25:05Z,27.114304,-165.442789
2025-04-11T22:25:06Z,27.114307,-165.442792
2025-04-11T22:25:07Z,27.114310,-165.442796
2025-04-11T22:25:08Z,27.114312,-165.442799
2025-04-11T22:25:09Z,27.114315,-165.442802
2025-04-11T22:25:10Z,27.114318,-165.442805
2025-04-11T22:25:11Z,27.114321,-165.442808
2025-04-11T22:25:12Z,27.114324,-165.442811
2025-04-11T22:25:13Z,27.114326,-165.442812
2025-04-11T22:25:14Z,27.114327,-165.442809
2025-04-11T22:25:15Z,27.114328,-165.442806
2025-04-11T22:25:16Z,27.114330,-165.442803
2025-04-11T22:25:17Z,27.114331,-165.442801
2025-04-11T22:25:18Z,27.114332,-165.442798
2025-04-11T22:25:19Z,27.114334,-165.442795
2025-04-11T22:25:20Z,27.114335,-165.442792
2025-04-11T22:25:21Z,27.114333,-165.442794
2025-04-11T22:25:22Z,27.114331,-165.442797
2025-04-11T22:25:23Z,27.114329,-165.442799
2025-04-11T22:25:24Z,27.114327,-165.442802
2025-04-11T22:25:25Z,27.114324,-165.442804
2025-04-11T22:25:26Z,27.114322,-165.442807
2025-04-11T22:25:27Z,27.114320,-165.442810
2025-04-11T22:25:28Z,27.114318,-165.442812
2025-04-11T22:25:29Z,27.114313,-165.442811
2025-04-11T22:25:30Z,27.114309,-165.442809
2025-04-11T22:25:31Z,27.114304,-165.442808
2025-04-11T22:25:32Z,27.114299,-165.442807
2025-04-11T22:25:33Z,27.114295,-165.442806
2025-04-11T22:25:34Z,27.114290,-165.442804
2025-04-11T22:25:35Z,27.114285,-165.442803
2025-04-11T22:25:36Z,27.114281,-165.442802
2025-04-11T22:25:37Z,27.114277,-165.442799
2025-04-11T22:25:38Z,27.114273,-165.442796
2025-04-11T22:25:39Z,27.114269,-165.442792
2025-04-11T22:25:40Z,27.114265,-165.442789
2025-04-11T22:25:41Z,27.114261,-165.442786
2025-04-11T22:25:42Z,27.114257,-165.442783
2025-04-11T22:25:43Z,27.114254,-165.442780
2025-04-11T22:25:44Z,27.114253,-165.442777
2025-04-11T22:25:45Z,27.114258,-165.442773
2025-04-11T22:25:46Z,27.114263,-165.442770
2025-04-11T22:25:47Z,27.114269,-165.442767
2025-04-11T22:25:48Z,27.114274,-165.442763
2025-04-11T22:25:49Z,27.114279,-165.442760
2025-04-11T22:25:50Z,27.114285,-165.442757
2025-04-11T22:25:51Z,27.114290,-165.442753
2025-04-11T22:25:52Z,27.114293,-165.442754
2025-04-11T22:25:53Z,27.114295,-165.442758
2025-04-11T22:25:54Z,27.114298,-165.442761
2025-04-11T22:25:55Z,27.114300,-165.442765
2025-04-11T22:25:56Z,27.114302,-165.442768
2025-04-11T22:25:57Z,27.114304,-165.442772
2025-04-11T22:25:58Z,27.114306,-165.442775
2025-04-11T22:25:59Z,27.114308,-165.442779
2025-04-11T22:26:00Z,27.114313,-165.442775
2025-04-11T22:26:01Z,27.114319,-165.442767
2025-04-11T22:26:02Z,27.114325,-165.442759
2025-04-11T22:26:03Z,27.114331,-165.442751
2025-04-11T22:26:04Z,27.114337,-165.442743
2025-04-11T22:26:05Z,27.114343,-165.442735
2025-04-11T22:26:06Z,27.114349,-165.442727
2025-04-11T22:26:07Z,27.114355,-165.442721
2025-04-11T22:26:08Z,27.114355,-165.442730
2025-04-11T22:26:09Z,27.114356,-165.442740
2025-04-11T22:26:10Z,27.114356,-165.442750
2025-04-11T22:26:11Z,27.114356,-165.442760
2025-04-11T22:26:12Z,27.114356,-165.442770
2025-04-11T22:26:13Z,27.114357,-165.442780
2025-04-11T22:26:14Z,27.114357,-165.442790
2025-04-11T22:26:15Z,27.114355,-165.442798
2025-04-11T22:26:16Z,27.114348,-165.442798
2025-04-11T22:26:17Z,27.114340,-165.442799
2025-04-11T22:26:18Z,27.114333,-165.442799
2025-04-11T22:26:19Z,27.114326,-165.442800
2025-04-11T22:26:20Z,27.114318,-165.442800
2025-04-11T22:26:21Z,27.114311,-165.442800
2025-04-11T22:26:22Z,27.114303,-165.442801
2025-04-11T22:26:23Z,27.114299,-165.442799
2025-04-11T22:26:24Z,27.114300,-165.442792
2025-04-11T22:26:25Z,27.114302,-165.442785
2025-04-11T22:26:26Z,27.114304,-165.442777
2025-04-11T22:26:27Z,27.114306,-165.442770
2025-04-11T22:26:28Z,27.114308,-165.442763
2025-04-11T22:26:29Z,27.114310,-165.442756
2025-04-11T22:26:30Z,27.114312,-165.442749
2025-04-11T22:26:31Z,27.114310,-165.442757
2025-04-11T22:26:32Z,27.114299,-165.442797
2025-04-11T22:26:33Z,27.114289,-165.442837
2025-04-11T22:26:34Z,27.114279,-165.442877
2025-04-11T22:26:35Z,27.114269,-165.442917
2025-04-11T22:26:36Z,27.114258,-165.442957
2025-04-11T22:26:37Z,27.114248,-165.442998
2025-04-11T22:26:38Z,27.114238,-165.443038
2025-04-11T22:26:39Z,27.114243,-165.443025
2025-04-11T22:26:40Z,27.114253,-165.442992
2025-04-11T22:26:41Z,27.114264,-165.442958
2025-04-11T22:26:42Z,27.114274,-165.442925
2025-04-11T22:26:43Z,27.114285,-165.442892
2025-04-11T22:26:44Z,27.114296,-165.442858
2025-04-11T22:26:45Z,27.114306,-165.442825
2025-04-11T22:26:46Z,27.114317,-165.442792
2025-04-11T22:26:47Z,27.114321,-165.442784
2025-04-11T22:26:48Z,27.114323,-165.442786
2025-04-11T22:26:49Z,27.114324,-165.442789
2025-04-11T22:26:50Z,27.114326,-165.442792
2025-04-11T22:26:51Z,27.114327,-165.442794
2025-04-11T22:26:52Z,27.114329,-165.442797
2025-04-11T22:26:53Z,27.114331,-165.442800
2025-04-11T22:26:54Z,27.114332,-165.442802
2025-04-11T22:26:55Z,27.114335,-165.442802
2025-04-11T22:26:56Z,27.114337,-165.442801
2025-04-11T22:26:57Z,27.114340,-165.442801
2025-04-11T22:26:58Z,27.114342,-165.442801
2025-04-11T22:26:59Z,27.114344,-165.442801
2025-04-11T22:27:00Z,27.114347,-165.442800
2025-04-11T22:27:01Z,27.114349,-165.442800
2025-04-11T22:27:02Z,27.114351,-165.442799
2025-04-11T22:27:03Z,27.114353,-165.442794
2025-04-11T22:27:04Z,27.114354,-165.442790
2025-04-11T22:27:05Z,27.114355,-165.442785
2025-04-11T22:27:06Z,27.114357,-165.442781
2025-04-11T22:27:07Z,27.114358,-165.442777
2025-04-11T22:27:08Z,27.114360,-165.442772
2025-04-11T22:27:09Z,27.114361,-165.442768
2025-04-11T22:27:10Z,27.114362,-165.442766
2025-04-11T22:27:11Z,27.114359,-165.442780
2025-04-11T22:27:12Z,27.114357,-165.442794
2025-04-11T22:27:13Z,27.114355,-165.442808
2025-04-11T22:27:14Z,27.114353,-165.442822
2025-04-11T22:27:15Z,27.114351,-165.442836
2025-04-11T22:27:16Z,27.114348,-165.442850
2025-04-11T22:27:17Z,27.114346,-165.442864
2025-04-11T22:27:18Z,27.114345,-165.442864
2025-04-11T22:27:19Z,27.114344,-165.442851
2025-04-11T22:27:20Z,27.114343,-165.442838
2025-04-11T22:27:21Z,27.114342,-165.442825
2025-04-11T22:27:22Z,27.114341,-165.442812
2025-04-11T22:27:23Z,27.114340,-165.442799
2025-04-11T22:27:24Z,27.114339,-165.442786
2025-04-11T22:27:25Z,27.114338,-165.442773
2025-04-11T22:27:26Z,27.114346,-165.442777
2025-04-11T22:27:27Z,27.114358,-165.442789
2025-04-11T22:27:28Z,27.114369,-165.442801
2025-04-11T22:27:29Z,27.114381,-165.442813
2025-04-11T22:27:30Z,27.114392,-165.442825
2025-04-11T22:27:31Z,27.114404,-165.442837
2025-04-11T22:27:32Z,27.114416,-165.442849
2025-04-11T22:27:33Z,27.114427,-165.442861
2025-04-11T22:27:34Z,27.114417,-165.442854
2025-04-11T22:27:35Z,27.114405,-165.442846
2025-04-11T22:27:36Z,27.114394,-165.442838
2025-04-11T22:27:37Z,27.114382,-165.442830
2025-04-11T22:27:38Z,27.114370,-165.442822
2025-04-11T22:27:39Z,27.114358,-165.442813
2025-04-11T22:27:40Z,27.114346,-165.442805
2025-04-11T22:27:41Z,27.114337,-165.442799
2025-04-11T22:27:42Z,27.114343,-165.442808
2025-04-11T22:27:43Z,27.114350,-165.442817
2025-04-11T22:27:44Z,27.114356,-165.442826
2025-04-11T22:27:45Z,27.114363,-165.442835
2025-04-11T22:27:46Z,27.114370,-165.442844
2025-04-11T22:27:47Z,27.114376,-165.442853
2025-04-11T22:27:48Z,27.114383,-165.442862
2025-04-11T22:27:49Z,27.114387,-165.442866
2025-04-11T22:27:50Z,27.114389,-165.442862
2025-04-11T22:27:51Z,27.114390,-165.442857
2025-04-11T22:27:52Z,27.114392,-165.442853
2025-04-11T22:27:53Z,27.114393,-165.442848
2025-04-11T22:27:54Z,27.114394,-165.442844
2025-04-11T22:27:55Z,27.114396,-165.442839
2025-04-11T22:27:56Z,27.114397,-165.442834
2025-04-11T22:27:57Z,27.114396,-165.442830
2025-04-11T22:27:58Z,27.114391,-165.442825
2025-04-11T22:27:59Z,27.114387,-165.442820
2025-04-11T22:28:00Z,27.114383,-165.442815
2025-04-11T22:28:01Z,27.114378,-165.442810
2025-04-11T22:28:02Z,27.114374,-165.442805
2025-04-11T22:28:03Z,27.114369,-165.442800
2025-04-11T22:28:04Z,27.114365,-165.442795
2025-04-11T22:28:05Z,27.114361,-165.442796
2025-04-11T22:28:06Z,27.114359,-165.442802
2025-04-11T22:28:07Z,27.114356,-165.442807
2025-04-11T22:28:08Z,27.114353,-165.442812
2025-04-11T22:28:09Z,27.114350,-165.442818
2025-04-11T22:28:10Z,27.114348,-165.442823
2025-04-11T22:28:11Z,27.114345,-165.442828
2025-04-11T22:28:12Z,27.114342,-165.442834
2025-04-11T22:28:13Z,27.114340,-165.442836
2025-04-11T22:28:14Z,27.114337,-165.442839
2025-04-11T22:28:15Z,27.114335,-165.442841
2025-04-11T22:28:16Z,27.114333,-165.442843
2025-04-11T22:28:17Z,27.114330,-165.442846
2025-04-11T22:28:18Z,27.114328,-165.442848
2025-04-11T22:28:19Z,27.114325,-165.442851
2025-04-11T22:28:20Z,27.114323,-165.442853
2025-04-11T22:28:21Z,27.114323,-165.442860
2025-04-11T22:28:22Z,27.114323,-165.442867
2025-04-11T22:28:23Z,27.114323,-165.442875
2025-04-11T22:28:24Z,27.114323,-165.442882
2025-04-11T22:28:25Z,27.114323,-165.442889
2025-04-11T22:28:26Z,27.114323,-165.442896
2025-04-11T22:28:27Z,27.114323,-165.442903
2025-04-11T22:28:28Z,27.114325,-165.442906
2025-04-11T22:28:29Z,27.114329,-165.442899
2025-04-11T22:28:30Z,27.114334,-165.442892
2025-04-11T22:28:31Z,27.114339,-165.442885
2025-04-11T22:28:32Z,27.114343,-165.442878
2025-04-11T22:28:33Z,27.114348,-165.442871
2025-04-11T22:28:34Z,27.114353,-165.442864
2025-04-11T22:28:35Z,27.114357,-165.442857
2025-04-11T22:28:36Z,27.114360,-165.442854
2025-04-11T22:28:37Z,27.114359,-165.442856
2025-04-11T22:28:38Z,27.114358,-165.442857
2025-04-11T22:28:39Z,27.114356,-165.442859
2025-04-11T22:28:40Z,27.114355,-165.442861
2025-04-11T22:28:41Z,27.114354,-165.442863
2025-04-11T22:28:42Z,27.114353,-165.442865
2025-04-11T22:28:43Z,27.114352,-165.442866
2025-04-11T22:28:44Z,27.114350,-165.442866
2025-04-11T22:28:45Z,27.114347,-165.442865
2025-04-11T22:28:46Z,27.114345,-165.442864
2025-04-11T22:28:47Z,27.114342,-165.442862
2025-04-11T22:28:48Z,27.114339,-165.442861
2025-04-11T22:28:49Z,27.114337,-165.442860
2025-04-11T22:28:50Z,27.114334,-165.442858
2025-04-11T22:28:51Z,27.114331,-165.442857
2025-04-11T22:28:52Z,27.114337,-165.442859
2025-04-11T22:28:53Z,27.114344,-165.442861
2025-04-11T22:28:54Z,27.114350,-165.442864
2025-04-11T22:28:55Z,27.114357,-165.442866
2025-04-11T22:28:56Z,27.114364,-165.442868
2025-04-11T22:28:57Z,27.114371,-165.442871
2025-04-11T22:28:58Z,27.114377,-165.442873
2025-04-11T22:28:59Z,27.114383,-165.442875
2025-04-11T22:29:00Z,27.114381,-165.442872
2025-04-11T22:29:01Z,27.114379,-165.442869
2025-04-11T22:29:02Z,27.114377,-165.442867
2025-04-11T22:29:03Z,27.114375,-165.442864
2025-04-11T22:29:04Z,27.114373,-165.442861
2025-04-11T22:29:05Z,27.114371,-165.442859
2025-04-11T22:29:06Z,27.114369,-165.442856
2025-04-11T22:29:07Z,27.114368,-165.442855
2025-04-11T22:29:08Z,27.114366,-165.442860
2025-04-11T22:29:09Z,27.114364,-165.442865
2025-04-11T22:29:10Z,27.114362,-165.442869
2025-04-11T22:29:11Z,27.114360,-165.442874
2025-04-11T22:29:12Z,27.114358,-165.442879
2025-04-11T22:29:13Z,27.114356,-165.442883
2025-04-11T22:29:14Z,27.114354,-165.442888
2025-04-11T22:29:15Z,27.114355,-165.442888
2025-04-11T22:29:16Z,27.114358,-165.442885
2025-04-11T22:29:17Z,27.114362,-165.442883
2025-04-11T22:29:18Z,27.114366,-165.442880
2025-04-11T22:29:19Z,27.114369,-165.442877
2025-04-11T22:29:20Z,27.114373,-165.442874
2025-04-11T22:29:21Z,27.114376,-165.442871
2025-04-11T22:29:22Z,27.114380,-165.442868
2025-04-11T22:29:23Z,27.114376,-165.442866
2025-04-11T22:29:24Z,27.114369,-165.442865
2025-04-11T22:29:25Z,27.114361,-165.442864
2025-04-11T22:29:26Z,27.114353,-165.442863
2025-04-11T22:29:27Z,27.114346,-165.442862
2025-04-11T22:29:28Z,27.114338,-165.442861
2025-04-11T22:29:29Z,27.114330,-165.442860
2025-04-11T22:29:30Z,27.114323,-165.442859
2025-04-11T22:29:31Z,27.114323,-165.442857
2025-04-11T22:29:32Z,27.114324,-165.442855
2025-04-11T22:29:33Z,27.114325,-165.442853
2025-04-11T22:29:34Z,27.114326,-165.442851
2025-04-11T22:29:35Z,27.114326,-165.442849
2025-04-11T22:29:36Z,27.114327,-165.442848
2025-04-11T22:29:37Z,27.114328,-165.442846
2025-04-11T22:29:38Z,27.114329,-165.442843
2025-04-11T22:29:39Z,27.114329,-165.442839
2025-04-11T22:29:40Z,27.114330,-165.442835
2025-04-11T22:29:41Z,27.114330,-165.442831
2025-04-11T22:29:42Z,27.114331,-165.442827
2025-04-11T22:29:43Z,27.114331,-165.442823
2025-04-11T22:29:44Z,27.114331,-165.442819
2025-04-11T22:29:45Z,27.114332,-165.442815
2025-04-11T22:29:46Z,27.114330,-165.442810
2025-04-11T22:29:47Z,27.114324,-165.442802
2025-04-11T22:29:48Z,27.114318,-165.442795
2025-04-11T22:29:49Z,27.114313,-165.442787
2025-04-11T22:29:50Z,27.114307,-165.442779
2025-04-11T22:29:51Z,27.114301,-165.442772
2025-04-11T22:29:52Z,27.114295,-165.442764
2025-04-11T22:29:53Z,27.114289,-165.442757
2025-04-11T22:29:54Z,27.114287,-165.442755
2025-04-11T22:29:55Z,27.114288,-165.442760
2025-04-11T22:29:56Z,27.114289,-165.442764
2025-04-11T22:29:57Z,27.114290,-165.442769
2025-04-11T22:29:58Z,27.114291,-165.442773
2025-04-11T22:29:59Z,27.114292,-165.442778
2025-04-11T22:30:00Z,27.114293,-165.442782
2025-04-11T22:30:01Z,27.114294,-165.442786
2025-04-11T22:30:02Z,27.114296,-165.442784
2025-04-11T22:30:03Z,27.114300,-165.442777
2025-04-11T22:30:04Z,27.114303,-165.442771
2025-04-11T22:30:05Z,27.114307,-165.442764
2025-04-11T22:30:06Z,27.114310,-165.442758
2025-04-11T22:30:07Z,27.114313,-165.442751
2025-04-11T22:30:08Z,27.114317,-165.442745
2025-04-11T22:30:09Z,27.114320,-165.442738
2025-04-11T22:30:10Z,27.114318,-165.442741
2025-04-11T22:30:11Z,27.114315,-165.442745
2025-04-11T22:30:12Z,27.114312,-165.442750
2025-04-11T22:30:13Z,27.114309,-165.442755
2025-04-11T22:30:14Z,27.114306,-165.442759
2025-04-11T22:30:15Z,27.114303,-165.442764
2025-04-11T22:30:16Z,27.114300,-165.442768
2025-04-11T22:30:17Z,27.114298,-165.442773
2025-04-11T22:30:18Z,27.114304,-165.442777
2025-04-11T22:30:19Z,27.114311,-165.442781
2025-04-11T22:30:20Z,27.114317,-165.442785
2025-04-11T22:30:21Z,27.114323,-165.442789
2025-04-11T22:30:22Z,27.114329,-165.442793
2025-04-11T22:30:23Z,27.114335,-165.442797
2025-04-11T22:30:24Z,27.114341,-165.442801
2025-04-11T22:30:25Z,27.114347,-165.442805
2025-04-11T22:30:26Z,27.114348,-165.442810
2025-04-11T22:30:27Z,27.114349,-165.442814
2025-04-11T22:30:28Z,27.114351,-165.442818
2025-04-11T22:30:29Z,27.114352,-165.442823
2025-04-11T22:30:30Z,27.114353,-165.442827
2025-04-11T22:30:31Z,27.114354,-165.442832
2025-04-11T22:30:32Z,27.114355,-165.442836
2025-04-11T22:30:33Z,27.114352,-165.442840
2025-04-11T22:30:34Z,27.114345,-165.442843
2025-04-11T22:30:35Z,27.114337,-165.442847
2025-04-11T22:30:36Z,27.114330,-165.442850
2025-04-11T22:30:37Z,27.114323,-165.442854
2025-04-11T22:30:38Z,27.114315,-165.442857
2025-04-11T22:30:39Z,27.114308,-165.442861
2025-04-11T22:30:40Z,27.114300,-165.442864
2025-04-11T22:30:41Z,27.114295,-165.442864
2025-04-11T22:30:42Z,27.114292,-165.442860
2025-04-11T22:30:43Z,27.114289,-165.442856
2025-04-11T22:30:44Z,27.114285,-165.442853
2025-04-11T22:30:45Z,27.114282,-165.442849
2025-04-11T22:30:46Z,27.114279,-165.442845
2025-04-11T22:30:47Z,27.114276,-165.442841
2025-04-11T22:30:48Z,27.114272,-165.442838
2025-04-11T22:30:49Z,27.114281,-165.442837
2025-04-11T22:30:50Z,27.114291,-165.442837
2025-04-11T22:30:51Z,27.114301,-165.442837
2025-04-11T22:30:52Z,27.114311,-165.442837
2025-04-11T22:30:53Z,27.114321,-165.442838
2025-04-11T22:30:54Z,27.114331,-165.442838
2025-04-11T22:30:55Z,27.114341,-165.442838
2025-04-11T22:30:56Z,27.114350,-165.442838
2025-04-11T22:30:57Z,27.114348,-165.442838
2025-04-11T22:30:58Z,27.114347,-165.442837
2025-04-11T22:30:59Z,27.114345,-165.442837
2025-04-11T22:31:00Z,27.114344,-165.442837
2025-04-11T22:31:01Z,27.114342,-165.442837
2025-04-11T22:31:02Z,27.114341,-165.442836
2025-04-11T22:31:03Z,27.114339,-165.442836
2025-04-11T22:31:04Z,27.114338,-165.442836
2025-04-11T22:31:05Z,27.114340,-165.442835
2025-04-11T22:31:06Z,27.114342,-165.442834
2025-04-11T22:31:07Z,27.114343,-165.442833
2025-04-11T22:31:08Z,27.114345,-165.442832
2025-04-11T22:31:09Z,27.114347,-165.442831
2025-04-11T22:31:10Z,27.114348,-165.442830
2025-04-11T22:31:11Z,27.114350,-165.442830
2025-04-11T22:31:12Z,27.114350,-165.442828
2025-04-11T22:31:13Z,27.114346,-165.442826
2025-04-11T22:31:14Z,27.114342,-165.442824
2025-04-11T22:31:15Z,27.114338,-165.442822
2025-04-11T22:31:16Z,27.114334,-165.442820
2025-04-11T22:31:17Z,27.114331,-165.442817
2025-04-11T22:31:18Z,27.114327,-165.442815
2025-04-11T22:31:19Z,27.114323,-165.442813
2025-04-11T22:31:20Z,27.114321,-165.442807
2025-04-11T22:31:21Z,27.114323,-165.442798
2025-04-11T22:31:22Z,27.114324,-165.442788
2025-04-11T22:31:23Z,27.114325,-165.442778
2025-04-11T22:31:24Z,27.114326,-165.442768
2025-04-11T22:31:25Z,27.114327,-165.442758
2025-04-11T22:31:26Z,27.114328,-165.442748
2025-04-11T22:31:27Z,27.114329,-165.442738
2025-04-11T22:31:28Z,27.114326,-165.442740
2025-04-11T22:31:29Z,27.114322,-165.442744
2025-04-11T22:31:30Z,27.114318,-165.442749
2025-04-11T22:31:31Z,27.114314,-165.442753
2025-04-11T22:31:32Z,27.114310,-165.442758
2025-04-11T22:31:33Z,27.114306,-165.442762
2025-04-11T22:31:34Z,27.114302,-165.442767
2025-04-11T22:31:35Z,27.114298,-165.442771
2025-04-11T22:31:36Z,27.114297,-165.442781
2025-04-11T22:31:37Z,27.114296,-165.442792
2025-04-11T22:31:38Z,27.114296,-165.442803
2025-04-11T22:31:39Z,27.114295,-165.442814
2025-04-11T22:31:40Z,27.114294,-165.442825
2025-04-11T22:31:41Z,27.114294,-165.442836
2025-04-11T22:31:42Z,27.114293,-165.442847
2025-04-11T22:31:43Z,27.114295,-165.442856
2025-04-11T22:31:44Z,27.114305,-165.442854
2025-04-11T22:31:45Z,27.114315,-165.442851
2025-04-11T22:31:46Z,27.114326,-165.442849
2025-04-11T22:31:47Z,27.114336,-165.442847
2025-04-11T22:31:48Z,27.114346,-165.442845
2025-04-11T22:31:49Z,27.114356,-165.442843
2025-04-11T22:31:50Z,27.114366,-165.442841
2025-04-11T22:31:51Z,27.114373,-165.442838
2025-04-11T22:31:52Z,27.114377,-165.442832
2025-04-11T22:31:53Z,27.114380,-165.442826
2025-04-11T22:31:54Z,27.114384,-165.442821
2025-04-11T22:31:55Z,27.114387,-165.442815
2025-04-11T22:31:56Z,27.114390,-165.442809
2025-04-11T22:31:57Z,27.114394,-165.442804
2025-04-11T22:31:58Z,27.114397,-165.442798
2025-04-11T22:31:59Z,27.114396,-165.442799
2025-04-11T22:32:00Z,27.114390,-165.442806
2025-04-11T22:32:01Z,27.114384,-165.442813
2025-04-11T22:32:02Z,27.114379,-165.442820
2025-04-11T22:32:03Z,27.114373,-165.442828
2025-04-11T22:32:04Z,27.114367,-165.442835
2025-04-11T22:32:05Z,27.114361,-165.442842
2025-04-11T22:32:06Z,27.114355,-165.442849
2025-04-11T22:32:07Z,27.114345,-165.442849
2025-04-11T22:32:08Z,27.114333,-165.442844
2025-04-11T22:32:09Z,27.114321,-165.442839
2025-04-11T22:32:10Z,27.114308,-165.442834
2025-04-11T22:32:11Z,27.114296,-165.442829
2025-04-11T22:32:12Z,27.114284,-165.442824
2025-04-11T22:32:13Z,27.114271,-165.442819
2025-04-11T22:32:14Z,27.114259,-165.442814
2025-04-11T22:32:15Z,27.114266,-165.442806
2025-04-11T22:32:16Z,27.114279,-165.442795
2025-04-11T22:32:17Z,27.114293,-165.442785
2025-04-11T22:32:18Z,27.114306,-165.442775
2025-04-11T22:32:19Z,27.114319,-165.442765
2025-04-11T22:32:20Z,27.114333,-165.442755
2025-04-11T22:32:21Z,27.114346,-165.442745
2025-04-11T22:32:22Z,27.114356,-165.442737
2025-04-11T22:32:23Z,27.114351,-165.442738
2025-04-11T22:32:24Z,27.114345,-165.442739
2025-04-11T22:32:25Z,27.114340,-165.442740
2025-04-11T22:32:26Z,27.114335,-165.442741
2025-04-11T22:32:27Z,27.114329,-165.442741
2025-04-11T22:32:28Z,27.114324,-165.442742
2025-04-11T22:32:29Z,27.114319,-165.442743
2025-04-11T22:32:30Z,27.114313,-165.442744
2025-04-11T22:32:31Z,27.114313,-165.442749
2025-04-11T22:32:32Z,27.114312,-165.442755
2025-04-11T22:32:33Z,27.114311,-165.442761
2025-04-11T22:32:34Z,27.114311,-165.442766
2025-04-11T22:32:35Z,27.114310,-165.442772
2025-04-11T22:32:36Z,27.114310,-165.442778
2025-04-11T22:32:37Z,27.114309,-165.442783
2025-04-11T22:32:38Z,27.114308,-165.442789
2025-04-11T22:32:39Z,27.114307,-165.442793
2025-04-11T22:32:40Z,27.114305,-165.442798
2025-04-11T22:32:41Z,27.114304,-165.442803
2025-04-11T22:32:42Z,27.114303,-165.442808
2025-04-11T22:32:43Z,27.114301,-165.442812
2025-04-11T22:32:44Z,27.114300,-165.442817
2025-04-11T22:32:45Z,27.114298,-165.442822
2025-04-11T22:32:46Z,27.114301,-165.442821
2025-04-11T22:32:47Z,27.114306,-165.442819
2025-04-11T22:32:48Z,27.114310,-165.442816
2025-04-11T22:32:49Z,27.114315,-165.442814
2025-04-11T22:32:50Z,27.114320,-165.442811
2025-04-11T22:32:51Z,27.114324,-165.442809
2025-04-11T22:32:52Z,27.114329,-165.442806
2025-04-11T22:32:53Z,27.114333,-165.442803
2025-04-11T22:32:54Z,27.114334,-165.442801
2025-04-11T22:32:55Z,27.114334,-165.442798
2025-04-11T22:32:56Z,27.114334,-165.442795
2025-04-11T22:32:57Z,27.114334,-165.442792
2025-04-11T22:32:58Z,27.114333,-165.442789
2025-04-11T22:32:59Z,27.114333,-165.442787
2025-04-11T22:33:00Z,27.114333,-165.442784
2025-04-11T22:33:01Z,27.114333,-165.442781
2025-04-11T22:33:02Z,27.114327,-165.442784
2025-04-11T22:33:03Z,27.114321,-165.442787
2025-04-11T22:33:04Z,27.114315,-165.442791
2025-04-11T22:33:05Z,27.114309,-165.442794
2025-04-11T22:33:06Z,27.114303,-165.442797
2025-04-11T22:33:07Z,27.114297,-165.442800
2025-04-11T22:33:08Z,27.114291,-165.442804
2025-04-11T22:33:09Z,27.114288,-165.442806
2025-04-11T22:33:10Z,27.114290,-165.442805
2025-04-11T22:33:11Z,27.114293,-165.442805
2025-04-11T22:33:12Z,27.114296,-165.442804
2025-04-11T22:33:13Z,27.114298,-165.442803
2025-04-11T22:33:14Z,27.114301,-165.442803
2025-04-11T22:33:15Z,27.114303,-165.442802
2025-04-11T22:33:16Z,27.114306,-165.442801
2025-04-11T22:33:17Z,27.114310,-165.442800
2025-04-11T22:33:18Z,27.114316,-165.442798
2025-04-11T22:33:19Z,27.114322,-165.442795
2025-04-11T22:33:20Z,27.114328,-165.442792
2025-04-11T22:33:21Z,27.114334,-165.442790
2025-04-11T22:33:22Z,27.114341,-165.442787
2025-04-11T22:33:23Z,27.114347,-165.442784
2025-04-11T22:33:24Z,27.114353,-165.442782
2025-04-11T22:33:25Z,27.114357,-165.442782
2025-04-11T22:33:26Z,27.114360,-165.442784
2025-04-11T22:33:27Z,27.114363,-165.442785
2025-04-11T22:33:28Z,27.114366,-165.442787
2025-04-11T22:33:29Z,27.114369,-165.442788
2025-04-11T22:33:30Z,27.114372,-165.442790
2025-04-11T22:33:31Z,27.114375,-165.442791
2025-04-11T22:33:32Z,27.114378,-165.442793
2025-04-11T22:33:33Z,27.114378,-165.442784
2025-04-11T22:33:34Z,27.114378,-165.442773
2025-04-11T22:33:35Z,27.114378,-165.442762
2025-04-11T22:33:36Z,27.114378,-165.442752
2025-04-11T22:33:37Z,27.114377,-165.442741
2025-04-11T22:33:38Z,27.114377,-165.442730
2025-04-11T22:33:39Z,27.114377,-165.442719
2025-04-11T22:33:40Z,27.114377,-165.442709
2025-04-11T22:33:41Z,27.114374,-165.442709
2025-04-11T22:33:42Z,27.114370,-165.442709
2025-04-11T22:33:43Z,27.114367,-165.442709
2025-04-11T22:33:44Z,27.114364,-165.442709
2025-04-11T22:33:45Z,27.114361,-165.442709
2025-04-11T22:33:46Z,27.114357,-165.442709
2025-04-11T22:33:47Z,27.114354,-165.442709
2025-04-11T22:33:48Z,27.114353,-165.442712
2025-04-11T22:33:49Z,27.114354,-165.442719
2025-04-11T22:33:50Z,27.114356,-165.442726
2025-04-11T22:33:51Z,27.114358,-165.442733
2025-04-11T22:33:52Z,27.114359,-165.442741
2025-04-11T22:33:53Z,27.114361,-165.442748
2025-04-11T22:33:54Z,27.114362,-165.442755
2025-04-11T22:33:55Z,27.114364,-165.442762
2025-04-11T22:33:56Z,27.114365,-165.442768
2025-04-11T22:33:57Z,27.114364,-165.442771
2025-04-11T22:33:58Z,27.114363,-165.442774
2025-04-11T22:33:59Z,27.114362,-165.442778
2025-04-11T22:34:00Z,27.114361,-165.442781
2025-04-11T22:34:01Z,27.114360,-165.442784
2025-04-11T22:34:02Z,27.114360,-165.442787
2025-04-11T22:34:03Z,27.114359,-165.442791
2025-04-11T22:34:04Z,27.114358,-165.442794
2025-04-11T22:34:05Z,27.114357,-165.442797
2025-04-11T22:34:06Z,27.114356,-165.442801
2025-04-11T22:34:07Z,27.114355,-165.442804
2025-04-11T22:34:08Z,27.114355,-165.442807
2025-04-11T22:34:09Z,27.114354,-165.442811
2025-04-11T22:34:10Z,27.114353,-165.442814
2025-04-11T22:34:11Z,27.114352,-165.442817
2025-04-11T22:34:12Z,27.114351,-165.442821
2025-04-11T22:34:13Z,27.114350,-165.442824
2025-04-11T22:34:14Z,27.114349,-165.442827
2025-04-11T22:34:15Z,27.114349,-165.442830
2025-04-11T22:34:16Z,27.114348,-165.442834
2025-04-11T22:34:17Z,27.114347,-165.442837
2025-04-11T22:34:18Z,27.114350,-165.442833
2025-04-11T22:34:19Z,27.114354,-165.442830
2025-04-11T22:34:20Z,27.114357,-165.442826
2025-04-11T22:34:21Z,27.114360,-165.442822
2025-04-11T22:34:22Z,27.114363,-165.442819
2025-04-11T22:34:23Z,27.114367,-165.442815
2025-04-11T22:34:24Z,27.114370,-165.442811
2025-04-11T22:34:25Z,27.114372,-165.442809
2025-04-11T22:34:26Z,27.114373,-165.442810
2025-04-11T22:34:27Z,27.114374,-165.442811
2025-04-11T22:34:28Z,27.114375,-165.442811
2025-04-11T22:34:29Z,27.114375,-165.442812
2025-04-11T22:34:30Z,27.114376,-165.442812
2025-04-11T22:34:31Z,27.114377,-165.442813
2025-04-11T22:34:32Z,27.114378,-165.442814
2025-04-11T22:34:33Z,27.114380,-165.442812
2025-04-11T22:34:34Z,27.114383,-165.442808
2025-04-11T22:34:35Z,27.114387,-165.442804
2025-04-11T22:34:36Z,27.114390,-165.442800
2025-04-11T22:34:37Z,27.114394,-165.442796
2025-04-11T22:34:38Z,27.114397,-165.442792
2025-04-11T22:34:39Z,27.114401,-165.442788
2025-04-11T22:34:40Z,27.114404,-165.442784
2025-04-11T22:34:41Z,27.114405,-165.442785
2025-04-11T22:34:42Z,27.114404,-165.442789
2025-04-11T22:34:43Z,27.114404,-165.442792
2025-04-11T22:34:44Z,27.114404,-165.442795
2025-04-11T22:34:45Z,27.114403,-165.442799
2025-04-11T22:34:46Z,27.114403,-165.442802
2025-04-11T22:34:47Z,27.114402,-165.442806
2025-04-11T22:34:48Z,27.114402,-165.442809
2025-04-11T22:34:49Z,27.114394,-165.442808
2025-04-11T22:34:50Z,27.114385,-165.442807
2025-04-11T22:34:51Z,27.114376,-165.442806
2025-04-11T22:34:52Z,27.114367,-165.442805
2025-04-11T22:34:53Z,27.114358,-165.442803
2025-04-11T22:34:54Z,27.114349,-165.442802
2025-04-11T22:34:55Z,27.114341,-165.442801
2025-04-11T22:34:56Z,27.114332,-165.442800
2025-04-11T22:34:57Z,27.114334,-165.442807
2025-04-11T22:34:58Z,27.114336,-165.442813
2025-04-11T22:34:59Z,27.114339,-165.442819
2025-04-11T22:35:00Z,27.114341,-165.442826
2025-04-11T22:35:01Z,27.114343,-165.442832
2025-04-11T22:35:02Z,27.114345,-165.442838
2025-04-11T22:35:03Z,27.114347,-165.442844
2025-04-11T22:35:04Z,27.114351,-165.442847
2025-04-11T22:35:05Z,27.114357,-165.442842
2025-04-11T22:35:06Z,27.114363,-165.442837
2025-04-11T22:35:07Z,27.114369,-165.442831
2025-04-11T22:35:08Z,27.114375,-165.442826
2025-04-11T22:35:09Z,27.114381,-165.442821
2025-04-11T22:35:10Z,27.114387,-165.442816
2025-04-11T22:35:11Z,27.114393,-165.442810
2025-04-11T22:35:12Z,27.114396,-165.442806
2025-04-11T22:35:13Z,27.114394,-165.442804
2025-04-11T22:35:14Z,27.114392,-165.442802
2025-04-11T22:35:15Z,27.114390,-165.442799
2025-04-11T22:35:16Z,27.114389,-165.442797
2025-04-11T22:35:17Z,27.114387,-165.442795
2025-04-11T22:35:18Z,27.114385,-165.442793
2025-04-11T22:35:19Z,27.114383,-165.442790
2025-04-11T22:35:20Z,27.114381,-165.442788
2025-04-11T22:35:21Z,27.114379,-165.442786
2025-04-11T22:35:22Z,27.114377,-165.442784
2025-04-11T22:35:23Z,27.114375,-165.442781
2025-04-11T22:35:24Z,27.114373,-165.442779
2025-04-11T22:35:25Z,27.114371,-165.442777
2025-04-11T22:35:26Z,27.114369,-165.442775
2025-04-11T22:35:27Z,27.114368,-165.442773
2025-04-11T22:35:28Z,27.114366,-165.442770
2025-04-11T22:35:29Z,27.114364,-165.442768
2025-04-11T22:35:30Z,27.114362,-165.442766
2025-04-11T22:35:31Z,27.114360,-165.442764
2025-04-11T22:35:32Z,27.114358,-165.442761
2025-04-11T22:35:33Z,27.114356,-165.442759
2025-04-11T22:35:34Z,27.114353,-165.442765
2025-04-11T22:35:35Z,27.114351,-165.442770
2025-04-11T22:35:36Z,27.114348,-165.442776
2025-04-11T22:35:37Z,27.114345,-165.442782
2025-04-11T22:35:38Z,27.114343,-165.442788
2025-04-11T22:35:39Z,27.114340,-165.442794
2025-04-11T22:35:40Z,27.114337,-165.442800
2025-04-11T22:35:41Z,27.114334,-165.442805
2025-04-11T22:35:42Z,27.114330,-165.442806
2025-04-11T22:35:43Z,27.114326,-165.442806
2025-04-11T22:35:44Z,27.114322,-165.442807
2025-04-11T22:35:45Z,27.114318,-165.442807
2025-04-11T22:35:46Z,27.114314,-165.442808
2025-04-11T22:35:47Z,27.114310,-165.442808
2025-04-11T22:35:48Z,27.114305,-165.442809
2025-04-11T22:35:49Z,27.114304,-165.442810
2025-04-11T22:35:50Z,27.114307,-165.442812
2025-04-11T22:35:51Z,27.114310,-165.442815
2025-04-11T22:35:52Z,27.114313,-165.442817
2025-04-11T22:35:53Z,27.114316,-165.442820
2025-04-11T22:35:54Z,27.114319,-165.442822
2025-04-11T22:35:55Z,27.114322,-165.442825
2025-04-11T22:35:56Z,27.114325,-165.442827
2025-04-11T22:35:57Z,27.114328,-165.442829
2025-04-11T22:35:58Z,27.114331,-165.442832
2025-04-11T22:35:59Z,27.114334,-165.442834
2025-04-11T22:36:00Z,27.114337,-165.442837
2025-04-11T22:36:01Z,27.114340,-165.442839
2025-04-11T22:36:02Z,27.114343,-165.442842
2025-04-11T22:36:03Z,27.114346,-165.442844
2025-04-11T22:36:04Z,27.114349,-165.442846
2025-04-11T22:36:05Z,27.114350,-165.442842
2025-04-11T22:36:06Z,27.114350,-165.442835
2025-04-11T22:36:07Z,27.114350,-165.442829
2025-04-11T22:36:08Z,27.114350,-165.442822
2025-04-11T22:36:09Z,27.114351,-165.442815
2025-04-11T22:36:10Z,27.114351,-165.442809
2025-04-11T22:36:11Z,27.114351,-165.442802
2025-04-11T22:36:12Z,27.114351,-165.442796
2025-04-11T22:36:13Z,27.114349,-165.442794
2025-04-11T22:36:14Z,27.114348,-165.442792
2025-04-11T22:36:15Z,27.114346,-165.442791
2025-04-11T22:36:16Z,27.114345,-165.442789
2025-04-11T22:36:17Z,27.114343,-165.442787
2025-04-11T22:36:18Z,27.114342,-165.442785
2025-04-11T22:36:19Z,27.114340,-165.442783
2025-04-11T22:36:20Z,27.114339,-165.442782
2025-04-11T22:36:21Z,27.114337,-165.442780
2025-04-11T22:36:22Z,27.114336,-165.442778
2025-04-11T22:36:23Z,27.114334,-165.442776
2025-04-11T22:36:24Z,27.114333,-165.442775
2025-04-11T22:36:25Z,27.114331,-165.442773
2025-04-11T22:36:26Z,27.114330,-165.442771
2025-04-11T22:36:27Z,27.114328,-165.442769
2025-04-11T22:36:28Z,27.114327,-165.442767
2025-04-11T22:36:29Z,27.114325,-165.442766
2025-04-11T22:36:30Z,27.114324,-165.442764
2025-04-11T22:36:31Z,27.114322,-165.442762
2025-04-11T22:36:32Z,27.114321,-165.442760
2025-04-11T22:36:33Z,27.114319,-165.442759
2025-04-11T22:36:34Z,27.114325,-165.442763
2025-04-11T22:36:35Z,27.114334,-165.442771
2025-04-11T22:36:36Z,27.114342,-165.442778
2025-04-11T22:36:37Z,27.114351,-165.442786
2025-04-11T22:36:38Z,27.114359,-165.442794
2025-04-11T22:36:39Z,27.114368,-165.442801
2025-04-11T22:36:40Z,27.114377,-165.442809
2025-04-11T22:36:41Z,27.114385,-165.442817
2025-04-11T22:36:42Z,27.114384,-165.442823
2025-04-11T22:36:43Z,27.114380,-165.442829
2025-04-11T22:36:44Z,27.114376,-165.442835
2025-04-11T22:36:45Z,27.114372,-165.442841
2025-04-11T22:36:46Z,27.114369,-165.442847
2025-04-11T22:36:47Z,27.114365,-165.442854
2025-04-11T22:36:48Z,27.114361,-165.442860
2025-04-11T22:36:49Z,27.114357,-165.442866
2025-04-11T22:36:50Z,27.114350,-165.442873
2025-04-11T22:36:51Z,27.114343,-165.442880
2025-04-11T22:36:52Z,27.114336,-165.442888
2025-04-11T22:36:53Z,27.114329,-165.442895
2025-04-11T22:36:54Z,27.114322,-165.442902
2025-04-11T22:36:55Z,27.114315,-165.442909
2025-04-11T22:36:56Z,27.114308,-165.442916
2025-04-11T22:36:57Z,27.114302,-165.442922
2025-04-11T22:36:58Z,27.114298,-165.442910
2025-04-11T22:36:59Z,27.114295,-165.442899
2025-04-11T22:37:00Z,27.114292,-165.442887
2025-04-11T22:37:01Z,27.114288,-165.442875
2025-04-11T22:37:02Z,27.114285,-165.442864
2025-04-11T22:37:03Z,27.114282,-165.442852
2025-04-11T22:37:04Z,27.114278,-165.442840
2025-04-11T22:37:05Z,27.114278,-165.442830
2025-04-11T22:37:06Z,27.114286,-165.442825
2025-04-11T22:37:07Z,27.114294,-165.442820
2025-04-11T22:37:08Z,27.114302,-165.442815
2025-04-11T22:37:09Z,27.114310,-165.442810
2025-04-11T22:37:10Z,27.114317,-165.442804
2025-04-11T22:37:11Z,27.114325,-165.442799
2025-04-11T22:37:12Z,27.114333,-165.442794
2025-04-11T22:37:13Z,27.114337,-165.442790
2025-04-11T22:37:14Z,27.114340,-165.442786
2025-04-11T22:37:15Z,27.114342,-165.442783
2025-04-11T22:37:16Z,27.114344,-165.442779
2025-04-11T22:37:17Z,27.114346,-165.442775
2025-04-11T22:37:18Z,27.114348,-165.442772
2025-04-11T22:37:19Z,27.114350,-165.442768
2025-04-11T22:37:20Z,27.114353,-165.442765
2025-04-11T22:37:21Z,27.114358,-165.442768
2025-04-11T22:37:22Z,27.114364,-165.442773
2025-04-11T22:37:23Z,27.114369,-165.442778
2025-04-11T22:37:24Z,27.114375,-165.442782
2025-04-11T22:37:25Z,27.114381,-165.442787
2025-04-11T22:37:26Z,27.114387,-165.442792
2025-04-11T22:37:27Z,27.114393,-165.442797
2025-04-11T22:37:28Z,27.114399,-165.442802
2025-04-11T22:37:29Z,27.114383,-165.442807
2025-04-11T22:37:30Z,27.114367,-165.442813
2025-04-11T22:37:31Z,27.114350,-165.442819
2025-04-11T22:37:32Z,27.114333,-165.442824
2025-04-11T22:37:33Z,27.114317,-165.442830
2025-04-11T22:37:34Z,27.114300,-165.442836
2025-04-11T22:37:35Z,27.114284,-165.442841
2025-04-11T22:37:36Z,27.114271,-165.442846
2025-04-11T22:37:37Z,27.114274,-165.442846
2025-04-11T22:37:38Z,27.114278,-165.442847
2025-04-11T22:37:39Z,27.114282,-165.442847
2025-04-11T22:37:40Z,27.114286,-165.442848
2025-04-11T22:37:41Z,27.114290,-165.442848
2025-04-11T22:37:42Z,27.114293,-165.442848
2025-04-11T22:37:43Z,27.114297,-165.442849
2025-04-11T22:37:44Z,27.114301,-165.442847
2025-04-11T22:37:45Z,27.114304,-165.442842
2025-04-11T22:37:46Z,27.114308,-165.442837
2025-04-11T22:37:47Z,27.114311,-165.442833
2025-04-11T22:37:48Z,27.114315,-165.442828
2025-04-11T22:37:49Z,27.114318,-165.442823
2025-04-11T22:37:50Z,27.114322,-165.442819
2025-04-11T22:37:51Z,27.114326,-165.442814
2025-04-11T22:37:52Z,27.114326,-165.442813
2025-04-11T22:37:53Z,27.114325,-165.442814
2025-04-11T22:37:54Z,27.114323,-165.442815
2025-04-11T22:37:55Z,27.114322,-165.442816
2025-04-11T22:37:56Z,27.114321,-165.442817
2025-04-11T22:37:57Z,27.114319,-165.442818
2025-04-11T22:37:58Z,27.114318,-165.442820
2025-04-11T22:37:59Z,27.114316,-165.442821
2025-04-11T22:38:00Z,27.114321,-165.442817
2025-04-11T22:38:01Z,27.114328,-165.442812
2025-04-11T22:38:02Z,27.114334,-165.442808
2025-04-11T22:38:03Z,27.114341,-165.442803
2025-04-11T22:38:04Z,27.114348,-165.442798
2025-04-11T22:38:05Z,27.114354,-165.442793
2025-04-11T22:38:06Z,27.114361,-165.442788
2025-04-11T22:38:07Z,27.114367,-165.442783
2025-04-11T22:38:08Z,27.114371,-165.442779
2025-04-11T22:38:09Z,27.114375,-165.442775
2025-04-11T22:38:10Z,27.114378,-165.442771
2025-04-11T22:38:11Z,27.114382,-165.442767
2025-04-11T22:38:12Z,27.114386,-165.442764
2025-04-11T22:38:13Z,27.114389,-165.442760
2025-04-11T22:38:14Z,27.114393,-165.442756
2025-04-11T22:38:15Z,27.114396,-165.442752
2025-04-11T22:38:16Z,27.114394,-165.442756
2025-04-11T22:38:17Z,27.114392,-165.442760
2025-04-11T22:38:18Z,27.114390,-165.442763
2025-04-11T22:38:19Z,27.114388,-165.442767
2025-04-11T22:38:20Z,27.114386,-165.442771
2025-04-11T22:38:21Z,27.114384,-165.442774
2025-04-11T22:38:22Z,27.114382,-165.442778
2025-04-11T22:38:23Z,27.114382,-165.442779
2025-04-11T22:38:24Z,27.114383,-165.442776
2025-04-11T22:38:25Z,27.114384,-165.442773
2025-04-11T22:38:26Z,27.114386,-165.442771
2025-04-11T22:38:27Z,27.114387,-165.442768
2025-04-11T22:38:28Z,27.114389,-165.442765
2025-04-11T22:38:29Z,27.114390,-165.442762
2025-04-11T22:38:30Z,27.114392,-165.442760
2025-04-11T22:38:31Z,27.114393,-165.442757
2025-04-11T22:38:32Z,27.114395,-165.442754
2025-04-11T22:38:33Z,27.114396,-165.442752
2025-04-11T22:38:34Z,27.114397,-165.442749
2025-04-11T22:38:35Z,27.114399,-165.442746
2025-04-11T22:38:36Z,27.114400,-165.442743
2025-04-11T22:38:37Z,27.114402,-165.442741
2025-04-11T22:38:38Z,27.114403,-165.442738
2025-04-11T22:38:39Z,27.114405,-165.442735
2025-04-11T22:38:40Z,27.114406,-165.442732
2025-04-11T22:38:41Z,27.114407,-165.442730
2025-04-11T22:38:42Z,27.114409,-165.442727
2025-04-11T22:38:43Z,27.114410,-165.442724
2025-04-11T22:38:44Z,27.114412,-165.442721
2025-04-11T22:38:45Z,27.114406,-165.442729
2025-04-11T22:38:46Z,27.114400,-165.442739
2025-04-11T22:38:47Z,27.114393,-165.442749
2025-04-11T22:38:48Z,27.114386,-165.442759
2025-04-11T22:38:49Z,27.114379,-165.442769
2025-04-11T22:38:50Z,27.114372,-165.442778
2025-04-11T22:38:51Z,27.114365,-165.442788
2025-04-11T22:38:52Z,27.114360,-165.442796
2025-04-11T22:38:53Z,27.114361,-165.442796
2025-04-11T22:38:54Z,27.114363,-165.442796
2025-04-11T22:38:55Z,27.114364,-165.442796
2025-04-11T22:38:56Z,27.114365,-165.442796
2025-04-11T22:38:57Z,27.114366,-165.442796
2025-04-11T22:38:58Z,27.114368,-165.442797
2025-04-11T22:38:59Z,27.114369,-165.442797
2025-04-11T22:39:00Z,27.114370,-165.442797
2025-04-11T22:39:01Z,27.114371,-165.442797
2025-04-11T22:39:02Z,27.114372,-165.442797
2025-04-11T22:39:03Z,27.114374,-165.442797
2025-04-11T22:39:04Z,27.114375,-165.442797
2025-04-11T22:39:05Z,27.114376,-165.442797
2025-04-11T22:39:06Z,27.114377,-165.442797
2025-04-11T22:39:07Z,27.114378,-165.442797
2025-04-11T22:39:08Z,27.114380,-165.442798
2025-04-11T22:39:09Z,27.114381,-165.442798
2025-04-11T22:39:10Z,27.114382,-165.442798
2025-04-11T22:39:11Z,27.114383,-165.442798
2025-04-11T22:39:12Z,27.114384,-165.442798
2025-04-11T22:39:13Z,27.114386,-165.442798
2025-04-11T22:39:14Z,27.114387,-165.442795
2025-04-11T22:39:15Z,27.114388,-165.442791
2025-04-11T22:39:16Z,27.114388,-165.442786
2025-04-11T22:39:17Z,27.114389,-165.442782
2025-04-11T22:39:18Z,27.114390,-165.442778
2025-04-11T22:39:19Z,27.114391,-165.442774
2025-04-11T22:39:20Z,27.114392,-165.442770
2025-04-11T22:39:21Z,27.114393,-165.442765
2025-04-11T22:39:22Z,27.114385,-165.442756
2025-04-11T22:39:23Z,27.114377,-165.442747
2025-04-11T22:39:24Z,27.114368,-165.442738
2025-04-11T22:39:25Z,27.114360,-165.442728
2025-04-11T22:39:26Z,27.114351,-165.442719
2025-04-11T22:39:27Z,27.114342,-165.442709
2025-04-11T22:39:28Z,27.114334,-165.442700
2025-04-11T22:39:29Z,27.114327,-165.442692
2025-04-11T22:39:30Z,27.114329,-165.442693
2025-04-11T22:39:31Z,27.114330,-165.442694
2025-04-11T22:39:32Z,27.114331,-165.442695
2025-04-11T22:39:33Z,27.114332,-165.442696
2025-04-11T22:39:34Z,27.114334,-165.442697
2025-04-11T22:39:35Z,27.114335,-165.442698
2025-04-11T22:39:36Z,27.114336,-165.442699
2025-04-11T22:39:37Z,27.114337,-165.442700
2025-04-11T22:39:38Z,27.114339,-165.442701
2025-04-11T22:39:39Z,27.114340,-165.442702
2025-04-11T22:39:40Z,27.114341,-165.442703
2025-04-11T22:39:41Z,27.114342,-165.442704
2025-04-11T22:39:42Z,27.114344,-165.442705
2025-04-11T22:39:43Z,27.114345,-165.442706
2025-04-11T22:39:44Z,27.114346,-165.442707
2025-04-11T22:39:45Z,27.114347,-165.442708
2025-04-11T22:39:46Z,27.114349,-165.442709
2025-04-11T22:39:47Z,27.114350,-165.442710
2025-04-11T22:39:48Z,27.114351,-165.442711
2025-04-11T22:39:49Z,27.114352,-165.442712
2025-04-11T22:39:50Z,27.114354,-165.442713
2025-04-11T22:39:51Z,27.114351,-165.442716
2025-04-11T22:39:52Z,27.114347,-165.442720
2025-04-11T22:39:53Z,27.114344,-165.442723
2025-04-11T22:39:54Z,27.114340,-165.442727
2025-04-11T22:39:55Z,27.114337,-165.442730
2025-04-11T22:39:56Z,27.114333,-165.442734
2025-04-11T22:39:57Z,27.114329,-165.442738
2025-04-11T22:39:58Z,27.114326,-165.442741
2025-04-11T22:39:59Z,27.114321,-165.442736
2025-04-11T22:40:00Z,27.114317,-165.442730
2025-04-11T22:40:01Z,27.114312,-165.442723
2025-04-11T22:40:02Z,27.114308,-165.442716
2025-04-11T22:40:03Z,27.114303,-165.442709
2025-04-11T22:40:04Z,27.114299,-165.442703
2025-04-11T22:40:05Z,27.114294,-165.442696
2025-04-11T22:40:06Z,27.114291,-165.442691
2025-04-11T22:40:07Z,27.114295,-165.442695
2025-04-11T22:40:08Z,27.114300,-165.442699
2025-04-11T22:40:09Z,27.114305,-165.442704
2025-04-11T22:40:10Z,27.114310,-165.442708
2025-04-11T22:40:11Z,27.114315,-165.442712
2025-04-11T22:40:12Z,27.114320,-165.442717
2025-04-11T22:40:13Z,27.114325,-165.442721
2025-04-11T22:40:14Z,27.114328,-165.442724
2025-04-11T22:40:15Z,27.114327,-165.442726
2025-04-11T22:40:16Z,27.114327,-165.442727
2025-04-11T22:40:17Z,27.114326,-165.442728
2025-04-11T22:40:18Z,27.114326,-165.442730
2025-04-11T22:40:19Z,27.114325,-165.442731
2025-04-11T22:40:20Z,27.114325,-165.442732
2025-04-11T22:40:21Z,27.114324,-165.442733
2025-04-11T22:40:22Z,27.114326,-165.442735
2025-04-11T22:40:23Z,27.114330,-165.442738
2025-04-11T22:40:24Z,27.114334,-165.442741
2025-04-11T22:40:25Z,27.114339,-165.442743
2025-04-11T22:40:26Z,27.114343,-165.442746
2025-04-11T22:40:27Z,27.114347,-165.442748
2025-04-11T22:40:28Z,27.114351,-165.442751
2025-04-11T22:40:29Z,27.114355,-165.442754
2025-04-11T22:40:30Z,27.114355,-165.442752
2025-04-11T22:40:31Z,27.114354,-165.442749
2025-04-11T22:40:32Z,27.114352,-165.442746
2025-04-11T22:40:33Z,27.114351,-165.442743
2025-04-11T22:40:34Z,27.114350,-165.442740
2025-04-11T22:40:35Z,27.114349,-165.442737
2025-04-11T22:40:36Z,27.114347,-165.442734
2025-04-11T22:40:37Z,27.114346,-165.442731
2025-04-11T22:40:38Z,27.114346,-165.442737
2025-04-11T22:40:39Z,27.114346,-165.442742
2025-04-11T22:40:40Z,27.114346,-165.442747
2025-04-11T22:40:41Z,27.114347,-165.442753
2025-04-11T22:40:42Z,27.114347,-165.442758
2025-04-11T22:40:43Z,27.114347,-165.442763
2025-04-11T22:40:44Z,27.114347,-165.442768
2025-04-11T22:40:45Z,27.114346,-165.442772
2025-04-11T22:40:46Z,27.114341,-165.442769
2025-04-11T22:40:47Z,27.114336,-165.442765
2025-04-11T22:40:48Z,27.114331,-165.442762
2025-04-11T22:40:49Z,27.114325,-165.442758
2025-04-11T22:40:50Z,27.114320,-165.442754
2025-04-11T22:40:51Z,27.114315,-165.442751
2025-04-11T22:40:52Z,27.114310,-165.442747
2025-04-11T22:40:53Z,27.114308,-165.442742
2025-04-11T22:40:54Z,27.114312,-165.442735
2025-04-11T22:40:55Z,27.114315,-165.442728
2025-04-11T22:40:56Z,27.114318,-165.442721
2025-04-11T22:40:57Z,27.114321,-165.442714
2025-04-11T22:40:58Z,27.114324,-165.442707
2025-04-11T22:40:59Z,27.114328,-165.442700
2025-04-11T22:41:00Z,27.114331,-165.442693
2025-04-11T22:41:01Z,27.114333,-165.442688
2025-04-11T22:41:02Z,27.114335,-165.442686
2025-04-11T22:41:03Z,27.114337,-165.442683
2025-04-11T22:41:04Z,27.114339,-165.442681
2025-04-11T22:41:05Z,27.114341,-165.442678
2025-04-11T22:41:06Z,27.114343,-165.442676
2025-04-11T22:41:07Z,27.114346,-165.442673
2025-04-11T22:41:08Z,27.114348,-165.442671
2025-04-11T22:41:09Z,27.114346,-165.442669
2025-04-11T22:41:10Z,27.114344,-165.442668
2025-04-11T22:41:11Z,27.114341,-165.442666
2025-04-11T22:41:12Z,27.114339,-165.442665
2025-04-11T22:41:13Z,27.114337,-165.442663
2025-04-11T22:41:14Z,27.114334,-165.442662
2025-04-11T22:41:15Z,27.114332,-165.442661
2025-04-11T22:41:16Z,27.114329,-165.442659
2025-04-11T22:41:17Z,27.114331,-165.442666
2025-04-11T22:41:18Z,27.114334,-165.442674
2025-04-11T22:41:19Z,27.114336,-165.442682
2025-04-11T22:41:20Z,27.114339,-165.442690
2025-04-11T22:41:21Z,27.114341,-165.442697
2025-04-11T22:41:22Z,27.114343,-165.442705
2025-04-11T22:41:23Z,27.114346,-165.442713
2025-04-11T22:41:24Z,27.114348,-165.442721
2025-04-11T22:41:25Z,27.114349,-165.442725
2025-04-11T22:41:26Z,27.114351,-165.442729
2025-04-11T22:41:27Z,27.114352,-165.442733
2025-04-11T22:41:28Z,27.114353,-165.442737
2025-04-11T22:41:29Z,27.114355,-165.442742
2025-04-11T22:41:30Z,27.114356,-165.442746
2025-04-11T22:41:31Z,27.114357,-165.442750
2025-04-11T22:41:32Z,27.114356,-165.442752
2025-04-11T22:41:33Z,27.114351,-165.442748
2025-04-11T22:41:34Z,27.114346,-165.442745
2025-04-11T22:41:35Z,27.114340,-165.442741
2025-04-11T22:41:36Z,27.114335,-165.442738
2025-04-11T22:41:37Z,27.114330,-165.442734
2025-04-11T22:41:38Z,27.114325,-165.442731
2025-04-11T22:41:39Z,27.114319,-165.442727
2025-04-11T22:41:40Z,27.114316,-165.442728
2025-04-11T22:41:41Z,27.114314,-165.442731
2025-04-11T22:41:42Z,27.114311,-165.442734
2025-04-11T22:41:43Z,27.114309,-165.442736
2025-04-11T22:41:44Z,27.114307,-165.442739
2025-04-11T22:41:45Z,27.114305,-165.442742
2025-04-11T22:41:46Z,27.114303,-165.442745
2025-04-11T22:41:47Z,27.114301,-165.442748
2025-04-11T22:41:48Z,27.114313,-165.442744
2025-04-11T22:41:49Z,27.114331,-165.442737
2025-04-11T22:41:50Z,27.114349,-165.442730
2025-04-11T22:41:51Z,27.114367,-165.442723
2025-04-11T22:41:52Z,27.114385,-165.442717
2025-04-11T22:41:53Z,27.114403,-165.442710
2025-04-11T22:41:54Z,27.114421,-165.442703
2025-04-11T22:41:55Z,27.114439,-165.442696
2025-04-11T22:41:56Z,27.114441,-165.442699
2025-04-11T22:41:57Z,27.114443,-165.442702
2025-04-11T22:41:58Z,27.114445,-165.442705
2025-04-11T22:41:59Z,27.114447,-165.442708
2025-04-11T22:42:00Z,27.114449,-165.442711
2025-04-11T22:42:01Z,27.114451,-165.442714
2025-04-11T22:42:02Z,27.114453,-165.442718
2025-04-11T22:42:03Z,27.114455,-165.442720
2025-04-11T22:42:04Z,27.114454,-165.442722
2025-04-11T22:42:05Z,27.114453,-165.442724
2025-04-11T22:42:06Z,27.114452,-165.442726
2025-04-11T22:42:07Z,27.114451,-165.442728
2025-04-11T22:42:08Z,27.114450,-165.442729
2025-04-11T22:42:09Z,27.114449,-165.442731
2025-04-11T22:42:10Z,27.114449,-165.442733
2025-04-11T22:42:11Z,27.114446,-165.442735
2025-04-11T22:42:12Z,27.114442,-165.442736
2025-04-11T22:42:13Z,27.114438,-165.442738
2025-04-11T22:42:14Z,27.114433,-165.442740
2025-04-11T22:42:15Z,27.114429,-165.442741
2025-04-11T22:42:16Z,27.114425,-165.442743
2025-04-11T22:42:17Z,27.114420,-165.442745
2025-04-11T22:42:18Z,27.114416,-165.442746
2025-04-11T22:42:19Z,27.114411,-165.442747
2025-04-11T22:42:20Z,27.114405,-165.442747
2025-04-11T22:42:21Z,27.114400,-165.442748
2025-04-11T22:42:22Z,27.114394,-165.442748
2025-04-11T22:42:23Z,27.114389,-165.442748
2025-04-11T22:42:24Z,27.114383,-165.442748
2025-04-11T22:42:25Z,27.114378,-165.442749
2025-04-11T22:42:26Z,27.114372,-165.442749
2025-04-11T22:42:27Z,27.114370,-165.442743
2025-04-11T22:42:28Z,27.114367,-165.442737
2025-04-11T22:42:29Z,27.114365,-165.442731
2025-04-11T22:42:30Z,27.114362,-165.442725
2025-04-11T22:42:31Z,27.114360,-165.442719
2025-04-11T22:42:32Z,27.114357,-165.442713
2025-04-11T22:42:33Z,27.114355,-165.442707
2025-04-11T22:42:34Z,27.114352,-165.442700
2025-04-11T22:42:35Z,27.114363,-165.442702
2025-04-11T22:42:36Z,27.114374,-165.442705
2025-04-11T22:42:37Z,27.114385,-165.442708
2025-04-11T22:42:38Z,27.114397,-165.442710
2025-04-11T22:42:39Z,27.114408,-165.442713
2025-04-11T22:42:40Z,27.114420,-165.442716
2025-04-11T22:42:41Z,27.114431,-165.442718
2025-04-11T22:42:42Z,27.114439,-165.442719
2025-04-11T22:42:43Z,27.114439,-165.442717
2025-04-11T22:42:44Z,27.114438,-165.442715
2025-04-11T22:42:45Z,27.114438,-165.442713
2025-04-11T22:42:46Z,27.114438,-165.442711
2025-04-11T22:42:47Z,27.114438,-165.442709
2025-04-11T22:42:48Z,27.114437,-165.442707
2025-04-11T22:42:49Z,27.114437,-165.442705
2025-04-11T22:42:50Z,27.114439,-165.442702
2025-04-11T22:42:51Z,27.114445,-165.442697
2025-04-11T22:42:52Z,27.114451,-165.442691
2025-04-11T22:42:53Z,27.114458,-165.442686
2025-04-11T22:42:54Z,27.114464,-165.442680
2025-04-11T22:42:55Z,27.114470,-165.442675
2025-04-11T22:42:56Z,27.114476,-165.442669
2025-04-11T22:42:57Z,27.114483,-165.442664
2025-04-11T22:42:58Z,27.114485,-165.442661
2025-04-11T22:42:59Z,27.114483,-165.442661
2025-04-11T22:43:00Z,27.114482,-165.442661
2025-04-11T22:43:01Z,27.114480,-165.442661
2025-04-11T22:43:02Z,27.114478,-165.442662
2025-04-11T22:43:03Z,27.114477,-165.442662
2025-04-11T22:43:04Z,27.114475,-165.442662
2025-04-11T22:43:05Z,27.114473,-165.442662
2025-04-11T22:43:06Z,27.114471,-165.442671
2025-04-11T22:43:07Z,27.114469,-165.442683
2025-04-11T22:43:08Z,27.114466,-165.442694
2025-04-11T22:43:09Z,27.114464,-165.442705
2025-04-11T22:43:10Z,27.114462,-165.442716
2025-04-11T22:43:11Z,27.114459,-165.442727
2025-04-11T22:43:12Z,27.114457,-165.442738
2025-04-11T22:43:13Z,27.114455,-165.442749
2025-04-11T22:43:14Z,27.114452,-165.442750
2025-04-11T22:43:15Z,27.114448,-165.442746
2025-04-11T22:43:16Z,27.114445,-165.442743
2025-04-11T22:43:17Z,27.114441,-165.442739
2025-04-11T22:43:18Z,27.114438,-165.442736
2025-04-11T22:43:19Z,27.114434,-165.442732
2025-04-11T22:43:20Z,27.114431,-165.442729
2025-04-11T22:43:21Z,27.114428,-165.442726
2025-04-11T22:43:22Z,27.114425,-165.442726
2025-04-11T22:43:23Z,27.114422,-165.442726
2025-04-11T22:43:24Z,27.114420,-165.442727
2025-04-11T22:43:25Z,27.114417,-165.442727
2025-04-11T22:43:26Z,27.114415,-165.442727
2025-04-11T22:43:27Z,27.114412,-165.442727
2025-04-11T22:43:28Z,27.114410,-165.442727
2025-04-11T22:43:29Z,27.114407,-165.442728
2025-04-11T22:43:30Z,27.114404,-165.442728
2025-04-11T22:43:31Z,27.114402,-165.442728
2025-04-11T22:43:32Z,27.114399,-165.442728
2025-04-11T22:43:33Z,27.114397,-165.442728
2025-04-11T22:43:34Z,27.114394,-165.442728
2025-04-11T22:43:35Z,27.114391,-165.442729
2025-04-11T22:43:36Z,27.114389,-165.442729
2025-04-11T22:43:37Z,27.114386,-165.442729
2025-04-11T22:43:38Z,27.114384,-165.442729
2025-04-11T22:43:39Z,27.114381,-165.442729
2025-04-11T22:43:40Z,27.114379,-165.442730
2025-04-11T22:43:41Z,27.114376,-165.442730
2025-04-11T22:43:42Z,27.114373,-165.442730
2025-04-11T22:43:43Z,27.114373,-165.442735
2025-04-11T22:43:44Z,27.114373,-165.442740
2025-04-11T22:43:45Z,27.114374,-165.442745
2025-04-11T22:43:46Z,27.114374,-165.442751
2025-04-11T22:43:47Z,27.114374,-165.442756
2025-04-11T22:43:48Z,27.114374,-165.442762
2025-04-11T22:43:49Z,27.114375,-165.442767
2025-04-11T22:43:50Z,27.114375,-165.442773
2025-04-11T22:43:51Z,27.114376,-165.442770
2025-04-11T22:43:52Z,27.114376,-165.442766
2025-04-11T22:43:53Z,27.114377,-165.442763
2025-04-11T22:43:54Z,27.114378,-165.442759
2025-04-11T22:43:55Z,27.114378,-165.442755
2025-04-11T22:43:56Z,27.114379,-165.442752
2025-04-11T22:43:57Z,27.114380,-165.442748
2025-04-11T22:43:58Z,27.114380,-165.442745
2025-04-11T22:43:59Z,27.114381,-165.442741
2025-04-11T22:44:00Z,27.114382,-165.442738
2025-04-11T22:44:01Z,27.114383,-165.442734
2025-04-11T22:44:02Z,27.114383,-165.442731
2025-04-11T22:44:03Z,27.114384,-165.442727
2025-04-11T22:44:04Z,27.114385,-165.442723
2025-04-11T22:44:05Z,27.114385,-165.442720
2025-04-11T22:44:06Z,27.114386,-165.442716
2025-04-11T22:44:07Z,27.114387,-165.442713
2025-04-11T22:44:08Z,27.114387,-165.442709
2025-04-11T22:44:09Z,27.114388,-165.442706
2025-04-11T22:44:10Z,27.114389,-165.442702
2025-04-11T22:44:11Z,27.114389,-165.442699
2025-04-11T22:44:12Z,27.114389,-165.442693
2025-04-11T22:44:13Z,27.114384,-165.442683
2025-04-11T22:44:14Z,27.114380,-165.442673
2025-04-11T22:44:15Z,27.114376,-165.442662
2025-04-11T22:44:16Z,27.114371,-165.442652
2025-04-11T22:44:17Z,27.114367,-165.442642
2025-04-11T22:44:18Z,27.114363,-165.442631
2025-04-11T22:44:19Z,27.114358,-165.442621
2025-04-11T22:44:20Z,27.114355,-165.442619
2025-04-11T22:44:21Z,27.114353,-165.442621
2025-04-11T22:44:22Z,27.114351,-165.442623
2025-04-11T22:44:23Z,27.114348,-165.442624
2025-04-11T22:44:24Z,27.114346,-165.442626
2025-04-11T22:44:25Z,27.114344,-165.442628
2025-04-11T22:44:26Z,27.114341,-165.442629
2025-04-11T22:44:27Z,27.114339,-165.442631
2025-04-11T22:44:28Z,27.114335,-165.442630
2025-04-11T22:44:29Z,27.114331,-165.442630
2025-04-11T22:44:30Z,27.114326,-165.442629
2025-04-11T22:44:31Z,27.114322,-165.442629
2025-04-11T22:44:32Z,27.114318,-165.442628
2025-04-11T22:44:33Z,27.114314,-165.442628
2025-04-11T22:44:34Z,27.114309,-165.442627
2025-04-11T22:44:35Z,27.114307,-165.442628
2025-04-11T22:44:36Z,27.114311,-165.442630
2025-04-11T22:44:37Z,27.114315,-165.442633
2025-04-11T22:44:38Z,27.114319,-165.442636
2025-04-11T22:44:39Z,27.114323,-165.442639
2025-04-11T22:44:40Z,27.114327,-165.442642
2025-04-11T22:44:41Z,27.114331,-165.442644
2025-04-11T22:44:42Z,27.114335,-165.442647
2025-04-11T22:44:43Z,27.114339,-165.442650
2025-04-11T22:44:44Z,27.114343,-165.442653
2025-04-11T22:44:45Z,27.114347,-165.442656
2025-04-11T22:44:46Z,27.114351,-165.442659
2025-04-11T22:44:47Z,27.114355,-165.442661
2025-04-11T22:44:48Z,27.114359,-165.442664
2025-04-11T22:44:49Z,27.114363,-165.442667
2025-04-11T22:44:50Z,27.114367,-165.442670
2025-04-11T22:44:51Z,27.114371,-165.442673
2025-04-11T22:44:52Z,27.114375,-165.442675
2025-04-11T22:44:53Z,27.114379,-165.442678
2025-04-11T22:44:54Z,27.114383,-165.442681
2025-04-11T22:44:55Z,27.114387,-165.442684
2025-04-11T22:44:56Z,27.114391,-165.442687
2025-04-11T22:44:57Z,27.114390,-165.442685
2025-04-11T22:44:58Z,27.114389,-165.442683
2025-04-11T22:44:59Z,27.114388,-165.442682
2025-04-11T22:45:00Z,27.114387,-165.442680
2025-04-11T22:45:01Z,27.114386,-165.442678
2025-04-11T22:45:02Z,27.114385,-165.442676
2025-04-11T22:45:03Z,27.114384,-165.442674
2025-04-11T22:45:04Z,27.114383,-165.442672
2025-04-11T22:45:05Z,27.114379,-165.442674
2025-04-11T22:45:06Z,27.114375,-165.442677
2025-04-11T22:45:07Z,27.114370,-165.442680
2025-04-11T22:45:08Z,27.114366,-165.442683
2025-04-11T22:45:09Z,27.114361,-165.442685
2025-04-11T22:45:10Z,27.114357,-165.442688
2025-04-11T22:45:11Z,27.114352,-165.442691
2025-04-11T22:45:12Z,27.114348,-165.442694
2025-04-11T22:45:13Z,27.114344,-165.442696
2025-04-11T22:45:14Z,27.114341,-165.442698
2025-04-11T22:45:15Z,27.114337,-165.442700
2025-04-11T22:45:16Z,27.114333,-165.442702
2025-04-11T22:45:17Z,27.114329,-165.442704
2025-04-11T22:45:18Z,27.114326,-165.442706
2025-04-11T22:45:19Z,27.114322,-165.442708
2025-04-11T22:45:20Z,27.114318,-165.442710
2025-04-11T22:45:21Z,27.114314,-165.442712
2025-04-11T22:45:22Z,27.114311,-165.442714
2025-04-11T22:45:23Z,27.114307,-165.442716
2025-04-11T22:45:24Z,27.114303,-165.442718
2025-04-11T22:45:25Z,27.114299,-165.442720
2025-04-11T22:45:26Z,27.114296,-165.442722
2025-04-11T22:45:27Z,27.114292,-165.442724
2025-04-11T22:45:28Z,27.114288,-165.442726
2025-04-11T22:45:29Z,27.114284,-165.442729
2025-04-11T22:45:30Z,27.114281,-165.442731
2025-04-11T22:45:31Z,27.114277,-165.442733
2025-04-11T22:45:32Z,27.114273,-165.442735
2025-04-11T22:45:33Z,27.114269,-165.442737
2025-04-11T22:45:34Z,27.114271,-165.442739
2025-04-11T22:45:35Z,27.114273,-165.442742
2025-04-11T22:45:36Z,27.114275,-165.442744
2025-04-11T22:45:37Z,27.114277,-165.442747
2025-04-11T22:45:38Z,27.114279,-165.442749
2025-04-11T22:45:39Z,27.114282,-165.442752
2025-04-11T22:45:40Z,27.114284,-165.442754
2025-04-11T22:45:41Z,27.114286,-165.442757
2025-04-11T22:45:42Z,27.114289,-165.442734
2025-04-11T22:45:43Z,27.114292,-165.442709
2025-04-11T22:45:44Z,27.114295,-165.442684
2025-04-11T22:45:45Z,27.114298,-165.442659
2025-04-11T22:45:46Z,27.114301,-165.442634
2025-04-11T22:45:47Z,27.114304,-165.442609
2025-04-11T22:45:48Z,27.114307,-165.442585
2025-04-11T22:45:49Z,27.114309,-165.442567
2025-04-11T22:45:50Z,27.114311,-165.442573
2025-04-11T22:45:51Z,27.114313,-165.442579
2025-04-11T22:45:52Z,27.114315,-165.442585
2025-04-11T22:45:53Z,27.114316,-165.442590
2025-04-11T22:45:54Z,27.114318,-165.442596
2025-04-11T22:45:55Z,27.114320,-165.442602
2025-04-11T22:45:56Z,27.114322,-165.442608
2025-04-11T22:45:57Z,27.114322,-165.442613
2025-04-11T22:45:58Z,27.114319,-165.442615
2025-04-11T22:45:59Z,27.114316,-165.442618
2025-04-11T22:46:00Z,27.114313,-165.442620
2025-04-11T22:46:01Z,27.114310,-165.442623
2025-04-11T22:46:02Z,27.114308,-165.442625
2025-04-11T22:46:03Z,27.114305,-165.442628
2025-04-11T22:46:04Z,27.114302,-165.442631
2025-04-11T22:46:05Z,27.114301,-165.442635
2025-04-11T22:46:06Z,27.114304,-165.442641
2025-04-11T22:46:07Z,27.114307,-165.442647
2025-04-11T22:46:08Z,27.114310,-165.442654
2025-04-11T22:46:09Z,27.114312,-165.442660
2025-04-11T22:46:10Z,27.114315,-165.442666
2025-04-11T22:46:11Z,27.114318,-165.442672
2025-04-11T22:46:12Z,27.114321,-165.442679
2025-04-11T22:46:13Z,27.114324,-165.442685
2025-04-11T22:46:14Z,27.114327,-165.442691
2025-04-11T22:46:15Z,27.114329,-165.442697
2025-04-11T22:46:16Z,27.114332,-165.442704
2025-04-11T22:46:17Z,27.114335,-165.442710
2025-04-11T22:46:18Z,27.114338,-165.442716
2025-04-11T22:46:19Z,27.114341,-165.442723
2025-04-11T22:46:20Z,27.114343,-165.442729
2025-04-11T22:46:21Z,27.114346,-165.442735
2025-04-11T22:46:22Z,27.114349,-165.442741
2025-04-11T22:46:23Z,27.114352,-165.442748
2025-04-11T22:46:24Z,27.114355,-165.442754
2025-04-11T22:46:25Z,27.114357,-165.442760
2025-04-11T22:46:26Z,27.114360,-165.442765
2025-04-11T22:46:27Z,27.114353,-165.442752
2025-04-11T22:46:28Z,27.114346,-165.442738
2025-04-11T22:46:29Z,27.114339,-165.442725
2025-04-11T22:46:30Z,27.114333,-165.442712
2025-04-11T22:46:31Z,27.114326,-165.442698
2025-04-11T22:46:32Z,27.114319,-165.442685
2025-04-11T22:46:33Z,27.114312,-165.442672
2025-04-11T22:46:34Z,27.114302,-165.442655
2025-04-11T22:46:35Z,27.114287,-165.442636
2025-04-11T22:46:36Z,27.114272,-165.442617
2025-04-11T22:46:37Z,27.114258,-165.442598
2025-04-11T22:46:38Z,27.114243,-165.442579
2025-04-11T22:46:39Z,27.114228,-165.442560
2025-04-11T22:46:40Z,27.114214,-165.442541
2025-04-11T22:46:41Z,27.114199,-165.442522
2025-04-11T22:46:42Z,27.114206,-165.442524
2025-04-11T22:46:43Z,27.114220,-165.442534
2025-04-11T22:46:44Z,27.114235,-165.442544
2025-04-11T22:46:45Z,27.114250,-165.442554
2025-04-11T22:46:46Z,27.114265,-165.442565
2025-04-11T22:46:47Z,27.114279,-165.442575
2025-04-11T22:46:48Z,27.114294,-165.442585
2025-04-11T22:46:49Z,27.114309,-165.442595
2025-04-11T22:46:50Z,27.114310,-165.442597
2025-04-11T22:46:51Z,27.114307,-165.442596
2025-04-11T22:46:52Z,27.114304,-165.442596
2025-04-11T22:46:53Z,27.114301,-165.442595
2025-04-11T22:46:54Z,27.114298,-165.442595
2025-04-11T22:46:55Z,27.114295,-165.442594
2025-04-11T22:46:56Z,27.114293,-165.442593
2025-04-11T22:46:57Z,27.114290,-165.442594
2025-04-11T22:46:58Z,27.114292,-165.442603
2025-04-11T22:46:59Z,27.114294,-165.442613
2025-04-11T22:47:00Z,27.114295,-165.442623
2025-04-11T22:47:01Z,27.114297,-165.442632
2025-04-11T22:47:02Z,27.114299,-165.442642
2025-04-11T22:47:03Z,27.114300,-165.442652
2025-04-11T22:47:04Z,27.114302,-165.442661
2025-04-11T22:47:05Z,27.114300,-165.442667
2025-04-11T22:47:06Z,27.114295,-165.442668
2025-04-11T22:47:07Z,27.114289,-165.442669
2025-04-11T22:47:08Z,27.114283,-165.442670
2025-04-11T22:47:09Z,27.114277,-165.442671
2025-04-11T22:47:10Z,27.114271,-165.442672
2025-04-11T22:47:11Z,27.114265,-165.442673
2025-04-11T22:47:12Z,27.114259,-165.442674
2025-04-11T22:47:13Z,27.114257,-165.442677
2025-04-11T22:47:14Z,27.114260,-165.442682
2025-04-11T22:47:15Z,27.114263,-165.442688
2025-04-11T22:47:16Z,27.114266,-165.442694
2025-04-11T22:47:17Z,27.114269,-165.442699
2025-04-11T22:47:18Z,27.114271,-165.442705
2025-04-11T22:47:19Z,27.114274,-165.442711
2025-04-11T22:47:20Z,27.114277,-165.442716
2025-04-11T22:47:21Z,27.114280,-165.442715
2025-04-11T22:47:22Z,27.114282,-165.442710
2025-04-11T22:47:23Z,27.114284,-165.442706
2025-04-11T22:47:24Z,27.114286,-165.442701
2025-04-11T22:47:25Z,27.114289,-165.442696
2025-04-11T22:47:26Z,27.114291,-165.442692
2025-04-11T22:47:27Z,27.114293,-165.442687
2025-04-11T22:47:28Z,27.114295,-165.442683
2025-04-11T22:47:29Z,27.114298,-165.442678
2025-04-11T22:47:30Z,27.114300,-165.442674
2025-04-11T22:47:31Z,27.114302,-165.442669
2025-04-11T22:47:32Z,27.114304,-165.442664
2025-04-11T22:47:33Z,27.114307,-165.442660
2025-04-11T22:47:34Z,27.114309,-165.442655
2025-04-11T22:47:35Z,27.114311,-165.442651
2025-04-11T22:47:36Z,27.114313,-165.442646
2025-04-11T22:47:37Z,27.114316,-165.442641
2025-04-11T22:47:38Z,27.114318,-165.442637
2025-04-11T22:47:39Z,27.114320,-165.442632
2025-04-11T22:47:40Z,27.114322,-165.442628
2025-04-11T22:47:41Z,27.114325,-165.442623
2025-04-11T22:47:42Z,27.114328,-165.442626
2025-04-11T22:47:43Z,27.114335,-165.442644
2025-04-11T22:47:44Z,27.114342,-165.442662
2025-04-11T22:47:45Z,27.114349,-165.442680
2025-04-11T22:47:46Z,27.114356,-165.442698
2025-04-11T22:47:47Z,27.114362,-165.442716
2025-04-11T22:47:48Z,27.114369,-165.442734
2025-04-11T22:47:49Z,27.114376,-165.442752
2025-04-11T22:47:50Z,27.114381,-165.442754
2025-04-11T22:47:51Z,27.114383,-165.442734
2025-04-11T22:47:52Z,27.114385,-165.442714
2025-04-11T22:47:53Z,27.114387,-165.442694
2025-04-11T22:47:54Z,27.114390,-165.442675
2025-04-11T22:47:55Z,27.114392,-165.442655
2025-04-11T22:47:56Z,27.114394,-165.442635
2025-04-11T22:47:57Z,27.114396,-165.442616
2025-04-11T22:47:58Z,27.114396,-165.442607
2025-04-11T22:47:59Z,27.114394,-165.442607
2025-04-11T22:48:00Z,27.114392,-165.442606
2025-04-11T22:48:01Z,27.114390,-165.442605
2025-04-11T22:48:02Z,27.114388,-165.442604
2025-04-11T22:48:03Z,27.114386,-165.442603
2025-04-11T22:48:04Z,27.114384,-165.442602
2025-04-11T22:48:05Z,27.114382,-165.442601
2025-04-11T22:48:06Z,27.114380,-165.442609
2025-04-11T22:48:07Z,27.114378,-165.442619
2025-04-11T22:48:08Z,27.114375,-165.442629
2025-04-11T22:48:09Z,27.114373,-165.442638
2025-04-11T22:48:10Z,27.114370,-165.442648
2025-04-11T22:48:11Z,27.114368,-165.442658
2025-04-11T22:48:12Z,27.114365,-165.442667
2025-04-11T22:48:13Z,27.114363,-165.442677
2025-04-11T22:48:14Z,27.114362,-165.442676
2025-04-11T22:48:15Z,27.114361,-165.442675
2025-04-11T22:48:16Z,27.114360,-165.442674
2025-04-11T22:48:17Z,27.114359,-165.442673
2025-04-11T22:48:18Z,27.114358,-165.442672
2025-04-11T22:48:19Z,27.114357,-165.442671
2025-04-11T22:48:20Z,27.114356,-165.442670
2025-04-11T22:48:21Z,27.114356,-165.442669
2025-04-11T22:48:22Z,27.114360,-165.442671
2025-04-11T22:48:23Z,27.114365,-165.442673
2025-04-11T22:48:24Z,27.114369,-165.442675
2025-04-11T22:48:25Z,27.114374,-165.442677
2025-04-11T22:48:26Z,27.114378,-165.442679
2025-04-11T22:48:27Z,27.114383,-165.442681
2025-04-11T22:48:28Z,27.114387,-165.442683
2025-04-11T22:48:29Z,27.114388,-165.442684
2025-04-11T22:48:30Z,27.114386,-165.442683
2025-04-11T22:48:31Z,27.114385,-165.442682
2025-04-11T22:48:32Z,27.114383,-165.442681
2025-04-11T22:48:33Z,27.114381,-165.442680
2025-04-11T22:48:34Z,27.114379,-165.442680
2025-04-11T22:48:35Z,27.114377,-165.442679
2025-04-11T22:48:36Z,27.114376,-165.442678
2025-04-11T22:48:37Z,27.114374,-165.442677
2025-04-11T22:48:38Z,27.114372,-165.442676
2025-04-11T22:48:39Z,27.114370,-165.442676
2025-04-11T22:48:40Z,27.114369,-165.442675
2025-04-11T22:48:41Z,27.114367,-165.442674
2025-04-11T22:48:42Z,27.114365,-165.442673
2025-04-11T22:48:43Z,27.114363,-165.442673
2025-04-11T22:48:44Z,27.114362,-165.442672
2025-04-11T22:48:45Z,27.114360,-165.442671
2025-04-11T22:48:46Z,27.114358,-165.442670
2025-04-11T22:48:47Z,27.114356,-165.442669
2025-04-11T22:48:48Z,27.114355,-165.442669
2025-04-11T22:48:49Z,27.114353,-165.442668
2025-04-11T22:48:50Z,27.114351,-165.442667
2025-04-11T22:48:51Z,27.114343,-165.442670
2025-04-11T22:48:52Z,27.114334,-165.442673
2025-04-11T22:48:53Z,27.114325,-165.442677
2025-04-11T22:48:54Z,27.114316,-165.442680
2025-04-11T22:48:55Z,27.114307,-165.442684
2025-04-11T22:48:56Z,27.114298,-165.442687
2025-04-11T22:48:57Z,27.114289,-165.442690
2025-04-11T22:48:58Z,27.114284,-165.442693
2025-04-11T22:48:59Z,27.114294,-165.442691
2025-04-11T22:49:00Z,27.114303,-165.442690
2025-04-11T22:49:01Z,27.114312,-165.442688
2025-04-11T22:49:02Z,27.114322,-165.442687
2025-04-11T22:49:03Z,27.114331,-165.442685
2025-04-11T22:49:04Z,27.114341,-165.442684
2025-04-11T22:49:05Z,27.114350,-165.442683
2025-04-11T22:49:06Z,27.114356,-165.442680
2025-04-11T22:49:07Z,27.114361,-165.442677
2025-04-11T22:49:08Z,27.114365,-165.442674
2025-04-11T22:49:09Z,27.114370,-165.442670
2025-04-11T22:49:10Z,27.114374,-165.442667
2025-04-11T22:49:11Z,27.114378,-165.442664
2025-04-11T22:49:12Z,27.114383,-165.442661
2025-04-11T22:49:13Z,27.114387,-165.442657
2025-04-11T22:49:14Z,27.114392,-165.442660
2025-04-11T22:49:15Z,27.114398,-165.442667
2025-04-11T22:49:16Z,27.114403,-165.442674
2025-04-11T22:49:17Z,27.114409,-165.442681
2025-04-11T22:49:18Z,27.114414,-165.442688
2025-04-11T22:49:19Z,27.114420,-165.442695
2025-04-11T22:49:20Z,27.114426,-165.442702
2025-04-11T22:49:21Z,27.114431,-165.442709
2025-04-11T22:49:22Z,27.114434,-165.442702
2025-04-11T22:49:23Z,27.114437,-165.442693
2025-04-11T22:49:24Z,27.114440,-165.442683
2025-04-11T22:49:25Z,27.114443,-165.442674
2025-04-11T22:49:26Z,27.114446,-165.442665
2025-04-11T22:49:27Z,27.114448,-165.442656
2025-04-11T22:49:28Z,27.114451,-165.442646
2025-04-11T22:49:29Z,27.114454,-165.442637
2025-04-11T22:49:30Z,27.114436,-165.442654
2025-04-11T22:49:31Z,27.114418,-165.442670
2025-04-11T22:49:32Z,27.114401,-165.442687
2025-04-11T22:49:33Z,27.114383,-165.442703
2025-04-11T22:49:34Z,27.114365,-165.442720
2025-04-11T22:49:35Z,27.114348,-165.442736
2025-04-11T22:49:36Z,27.114330,-165.442753
2025-04-11T22:49:37Z,27.114316,-165.442765
2025-04-11T22:49:38Z,27.114317,-165.442760
2025-04-11T22:49:39Z,27.114318,-165.442756
2025-04-11T22:49:40Z,27.114318,-165.442751
2025-04-11T22:49:41Z,27.114319,-165.442746
2025-04-11T22:49:42Z,27.114320,-165.442742
2025-04-11T22:49:43Z,27.114321,-165.442737
2025-04-11T22:49:44Z,27.114322,-165.442733
2025-04-11T22:49:45Z,27.114324,-165.442728
2025-04-11T22:49:46Z,27.114328,-165.442724
2025-04-11T22:49:47Z,27.114331,-165.442721
2025-04-11T22:49:48Z,27.114335,-165.442717
2025-04-11T22:49:49Z,27.114339,-165.442713
2025-04-11T22:49:50Z,27.114343,-165.442709
2025-04-11T22:49:51Z,27.114346,-165.442706
2025-04-11T22:49:52Z,27.114350,-165.442702
2025-04-11T22:49:53Z,27.114349,-165.442698
2025-04-11T22:49:54Z,27.114348,-165.442695
2025-04-11T22:49:55Z,27.114346,-165.442691
2025-04-11T22:49:56Z,27.114344,-165.442688
2025-04-11T22:49:57Z,27.114342,-165.442684
2025-04-11T22:49:58Z,27.114340,-165.442681
2025-04-11T22:49:59Z,27.114338,-165.442677
2025-04-11T22:50:00Z,27.114336,-165.442674
2025-04-11T22:50:01Z,27.114332,-165.442675
2025-04-11T22:50:02Z,27.114327,-165.442677
2025-04-11T22:50:03Z,27.114323,-165.442680
2025-04-11T22:50:04Z,27.114318,-165.442682
2025-04-11T22:50:05Z,27.114313,-165.442684
2025-04-11T22:50:06Z,27.114308,-165.442687
2025-04-11T22:50:07Z,27.114303,-165.442689
2025-04-11T22:50:08Z,27.114299,-165.442692
2025-04-11T22:50:09Z,27.114300,-165.442699
2025-04-11T22:50:10Z,27.114301,-165.442705
2025-04-11T22:50:11Z,27.114303,-165.442712
2025-04-11T22:50:12Z,27.114304,-165.442719
2025-04-11T22:50:13Z,27.114305,-165.442725
2025-04-11T22:50:14Z,27.114306,-165.442732
2025-04-11T22:50:15Z,27.114307,-165.442739
2025-04-11T22:50:16Z,27.114309,-165.442744
2025-04-11T22:50:17Z,27.114310,-165.442745
2025-04-11T22:50:18Z,27.114311,-165.442746
2025-04-11T22:50:19Z,27.114313,-165.442748
2025-04-11T22:50:20Z,27.114314,-165.442749
2025-04-11T22:50:21Z,27.114315,-165.442750
2025-04-11T22:50:22Z,27.114317,-165.442752
2025-04-11T22:50:23Z,27.114318,-165.442753
2025-04-11T22:50:24Z,27.114322,-165.442753
2025-04-11T22:50:25Z,27.114327,-165.442752
2025-04-11T22:50:26Z,27.114333,-165.442750
2025-04-11T22:50:27Z,27.114338,-165.442749
2025-04-11T22:50:28Z,27.114344,-165.442748
2025-04-11T22:50:29Z,27.114349,-165.442746
2025-04-11T22:50:30Z,27.114355,-165.442745
2025-04-11T22:50:31Z,27.114360,-165.442743
2025-04-11T22:50:32Z,27.114361,-165.442741
2025-04-11T22:50:33Z,27.114360,-165.442738
2025-04-11T22:50:34Z,27.114359,-165.442736
2025-04-11T22:50:35Z,27.114358,-165.442733
2025-04-11T22:50:36Z,27.114357,-165.442730
2025-04-11T22:50:37Z,27.114356,-165.442727
2025-04-11T22:50:38Z,27.114355,-165.442725
2025-04-11T22:50:39Z,27.114354,-165.442722
2025-04-11T22:50:40Z,27.114351,-165.442717
2025-04-11T22:50:41Z,27.114348,-165.442713
2025-04-11T22:50:42Z,27.114344,-165.442709
2025-04-11T22:50:43Z,27.114341,-165.442704
2025-04-11T22:50:44Z,27.114338,-165.442700
2025-04-11T22:50:45Z,27.114335,-165.442696
2025-04-11T22:50:46Z,27.114332,-165.442691
2025-04-11T22:50:47Z,27.114329,-165.442687
2025-04-11T22:50:48Z,27.114329,-165.442679
2025-04-11T22:50:49Z,27.114328,-165.442672
2025-04-11T22:50:50Z,27.114328,-165.442665
2025-04-11T22:50:51Z,27.114328,-165.442658
2025-04-11T22:50:52Z,27.114328,-165.442651
2025-04-11T22:50:53Z,27.114327,-165.442644
2025-04-11T22:50:54Z,27.114327,-165.442637
2025-04-11T22:50:55Z,27.114328,-165.442635
2025-04-11T22:50:56Z,27.114332,-165.442647
2025-04-11T22:50:57Z,27.114337,-165.442659
2025-04-11T22:50:58Z,27.114341,-165.442671
2025-04-11T22:50:59Z,27.114345,-165.442683
2025-04-11T22:51:00Z,27.114349,-165.442695
2025-04-11T22:51:01Z,27.114353,-165.442707
2025-04-11T22:51:02Z,27.114357,-165.442719
2025-04-11T22:51:03Z,27.114358,-165.442727
2025-04-11T22:51:04Z,27.114354,-165.442730
2025-04-11T22:51:05Z,27.114350,-165.442732
2025-04-11T22:51:06Z,27.114345,-165.442735
2025-04-11T22:51:07Z,27.114341,-165.442738
2025-04-11T22:51:08Z,27.114336,-165.442741
2025-04-11T22:51:09Z,27.114332,-165.442743
2025-04-11T22:51:10Z,27.114328,-165.442746
2025-04-11T22:51:11Z,27.114330,-165.442744
2025-04-11T22:51:12Z,27.114336,-165.442740
2025-04-11T22:51:13Z,27.114342,-165.442736
2025-04-11T22:51:14Z,27.114348,-165.442732
2025-04-11T22:51:15Z,27.114354,-165.442728
2025-04-11T22:51:16Z,27.114360,-165.442724
2025-04-11T22:51:17Z,27.114366,-165.442720
2025-04-11T22:51:18Z,27.114372,-165.442716
2025-04-11T22:51:19Z,27.114369,-165.442717
2025-04-11T22:51:20Z,27.114366,-165.442719
2025-04-11T22:51:21Z,27.114363,-165.442720
2025-04-11T22:51:22Z,27.114361,-165.442722
2025-04-11T22:51:23Z,27.114358,-165.442723
2025-04-11T22:51:24Z,27.114355,-165.442725
2025-04-11T22:51:25Z,27.114352,-165.442726
2025-04-11T22:51:26Z,27.114349,-165.442728
2025-04-11T22:51:27Z,27.114346,-165.442730
2025-04-11T22:51:28Z,27.114343,-165.442733
2025-04-11T22:51:29Z,27.114339,-165.442735
2025-04-11T22:51:30Z,27.114336,-165.442737
2025-04-11T22:51:31Z,27.114333,-165.442740
2025-04-11T22:51:32Z,27.114330,-165.442742
2025-04-11T22:51:33Z,27.114327,-165.442744
2025-04-11T22:51:34Z,27.114324,-165.442746
2025-04-11T22:51:35Z,27.114323,-165.442748
2025-04-11T22:51:36Z,27.114323,-165.442749
2025-04-11T22:51:37Z,27.114322,-165.442751
2025-04-11T22:51:38Z,27.114321,-165.442753
2025-04-11T22:51:39Z,27.114321,-165.442754
2025-04-11T22:51:40Z,27.114320,-165.442756
2025-04-11T22:51:41Z,27.114319,-165.442757
2025-04-11T22:51:42Z,27.114321,-165.442752
2025-04-11T22:51:43Z,27.114324,-165.442740
2025-04-11T22:51:44Z,27.114328,-165.442728
2025-04-11T22:51:45Z,27.114331,-165.442716
2025-04-11T22:51:46Z,27.114335,-165.442704
2025-04-11T22:51:47Z,27.114338,-165.442692
2025-04-11T22:51:48Z,27.114342,-165.442680
2025-04-11T22:51:49Z,27.114345,-165.442668
2025-04-11T22:51:50Z,27.114349,-165.442664
2025-04-11T22:51:51Z,27.114352,-165.442665
2025-04-11T22:51:52Z,27.114355,-165.442667
2025-04-11T22:51:53Z,27.114359,-165.442669
2025-04-11T22:51:54Z,27.114362,-165.442670
2025-04-11T22:51:55Z,27.114365,-165.442672
2025-04-11T22:51:56Z,27.114369,-165.442673
2025-04-11T22:51:57Z,27.114372,-165.442675
2025-04-11T22:51:58Z,27.114375,-165.442677
2025-04-11T22:51:59Z,27.114379,-165.442678
2025-04-11T22:52:00Z,27.114382,-165.442680
2025-04-11T22:52:01Z,27.114385,-165.442681
2025-04-11T22:52:02Z,27.114389,-165.442683
2025-04-11T22:52:03Z,27.114392,-165.442685
2025-04-11T22:52:04Z,27.114395,-165.442686
2025-04-11T22:52:05Z,27.114399,-165.442688
2025-04-11T22:52:06Z,27.114402,-165.442689
2025-04-11T22:52:07Z,27.114406,-165.442691
2025-04-11T22:52:08Z,27.114409,-165.442693
2025-04-11T22:52:09Z,27.114412,-165.442694
2025-04-11T22:52:10Z,27.114416,-165.442696
2025-04-11T22:52:11Z,27.114417,-165.442699
2025-04-11T22:52:12Z,27.114413,-165.442708
2025-04-11T22:52:13Z,27.114409,-165.442717
2025-04-11T22:52:14Z,27.114405,-165.442725
2025-04-11T22:52:15Z,27.114401,-165.442734
2025-04-11T22:52:16Z,27.114397,-165.442743
2025-04-11T22:52:17Z,27.114393,-165.442751
2025-04-11T22:52:18Z,27.114389,-165.442760
2025-04-11T22:52:19Z,27.114388,-165.442760
2025-04-11T22:52:20Z,27.114390,-165.442752
2025-04-11T22:52:21Z,27.114391,-165.442744
2025-04-11T22:52:22Z,27.114393,-165.442737
2025-04-11T22:52:23Z,27.114395,-165.442729
2025-04-11T22:52:24Z,27.114397,-165.442721
2025-04-11T22:52:25Z,27.114399,-165.442714
2025-04-11T22:52:26Z,27.114400,-165.442706
2025-04-11T22:52:27Z,27.114400,-165.442707
2025-04-11T22:52:28Z,27.114397,-165.442713
2025-04-11T22:52:29Z,27.114395,-165.442718
2025-04-11T22:52:30Z,27.114393,-165.442724
2025-04-11T22:52:31Z,27.114390,-165.442730
2025-04-11T22:52:32Z,27.114388,-165.442736
2025-04-11T22:52:33Z,27.114386,-165.442742
2025-04-11T22:52:34Z,27.114383,-165.442748
2025-04-11T22:52:35Z,27.114381,-165.442748
2025-04-11T22:52:36Z,27.114379,-165.442749
2025-04-11T22:52:37Z,27.114376,-165.442750
2025-04-11T22:52:38Z,27.114374,-165.442750
2025-04-11T22:52:39Z,27.114372,-165.442751
2025-04-11T22:52:40Z,27.114369,-165.442751
2025-04-11T22:52:41Z,27.114367,-165.442752
2025-04-11T22:52:42Z,27.114365,-165.442752
2025-04-11T22:52:43Z,27.114365,-165.442751
2025-04-11T22:52:44Z,27.114365,-165.442750
2025-04-11T22:52:45Z,27.114365,-165.442749
2025-04-11T22:52:46Z,27.114366,-165.442748
2025-04-11T22:52:47Z,27.114366,-165.442747
2025-04-11T22:52:48Z,27.114366,-165.442747
2025-04-11T22:52:49Z,27.114366,-165.442746
2025-04-11T22:52:50Z,27.114365,-165.442745
2025-04-11T22:52:51Z,27.114361,-165.442745
2025-04-11T22:52:52Z,27.114356,-165.442745
2025-04-11T22:52:53Z,27.114352,-165.442745
2025-04-11T22:52:54Z,27.114348,-165.442745
2025-04-11T22:52:55Z,27.114344,-165.442745
2025-04-11T22:52:56Z,27.114340,-165.442745
2025-04-11T22:52:57Z,27.114335,-165.442745
2025-04-11T22:52:58Z,27.114332,-165.442746
2025-04-11T22:52:59Z,27.114331,-165.442748
2025-04-11T22:53:00Z,27.114329,-165.442750
2025-04-11T22:53:01Z,27.114328,-165.442752
2025-04-11T22:53:02Z,27.114326,-165.442754
2025-04-11T22:53:03Z,27.114325,-165.442756
2025-04-11T22:53:04Z,27.114323,-165.442758
2025-04-11T22:53:05Z,27.114322,-165.442760
2025-04-11T22:53:06Z,27.114323,-165.442760
2025-04-11T22:53:07Z,27.114327,-165.442758
2025-04-11T22:53:08Z,27.114330,-165.442756
2025-04-11T22:53:09Z,27.114334,-165.442754
2025-04-11T22:53:10Z,27.114337,-165.442753
2025-04-11T22:53:11Z,27.114341,-165.442751
2025-04-11T22:53:12Z,27.114344,-165.442749
2025-04-11T22:53:13Z,27.114348,-165.442747
2025-04-11T22:53:14Z,27.114349,-165.442748
2025-04-11T22:53:15Z,27.114350,-165.442749
2025-04-11T22:53:16Z,27.114351,-165.442751
2025-04-11T22:53:17Z,27.114353,-165.442752
2025-04-11T22:53:18Z,27.114354,-165.442753
2025-04-11T22:53:19Z,27.114355,-165.442755
2025-04-11T22:53:20Z,27.114356,-165.442756
2025-04-11T22:53:21Z,27.114358,-165.442757
2025-04-11T22:53:22Z,27.114363,-165.442756
2025-04-11T22:53:23Z,27.114369,-165.442755
2025-04-11T22:53:24Z,27.114374,-165.442755
2025-04-11T22:53:25Z,27.114379,-165.442754
2025-04-11T22:53:26Z,27.114385,-165.442753
2025-04-11T22:53:27Z,27.114390,-165.442752
2025-04-11T22:53:28Z,27.114396,-165.442752
2025-04-11T22:53:29Z,27.114400,-165.442751
2025-04-11T22:53:30Z,27.114399,-165.442749
2025-04-11T22:53:31Z,27.114398,-165.442747
2025-04-11T22:53:32Z,27.114397,-165.442745
2025-04-11T22:53:33Z,27.114396,-165.442743
2025-04-11T22:53:34Z,27.114395,-165.442741
2025-04-11T22:53:35Z,27.114395,-165.442739
2025-04-11T22:53:36Z,27.114394,-165.442737
2025-04-11T22:53:37Z,27.114393,-165.442735
2025-04-11T22:53:38Z,27.114395,-165.442733
2025-04-11T22:53:39Z,27.114397,-165.442731
2025-04-11T22:53:40Z,27.114398,-165.442729
2025-04-11T22:53:41Z,27.114400,-165.442726
2025-04-11T22:53:42Z,27.114401,-165.442724
2025-04-11T22:53:43Z,27.114403,-165.442722
2025-04-11T22:53:44Z,27.114405,-165.442719
2025-04-11T22:53:45Z,27.114403,-165.442711
2025-04-11T22:53:46Z,27.114401,-165.442701
2025-04-11T22:53:47Z,27.114399,-165.442691
2025-04-11T22:53:48Z,27.114397,-165.442681
2025-04-11T22:53:49Z,27.114395,-165.442671
2025-04-11T22:53:50Z,27.114393,-165.442661
2025-04-11T22:53:51Z,27.114391,-165.442650
2025-04-11T22:53:52Z,27.114388,-165.442640
2025-04-11T22:53:53Z,27.114385,-165.442646
2025-04-11T22:53:54Z,27.114380,-165.442657
2025-04-11T22:53:55Z,27.114376,-165.442668
2025-04-11T22:53:56Z,27.114372,-165.442679
2025-04-11T22:53:57Z,27.114368,-165.442689
2025-04-11T22:53:58Z,27.114363,-165.442700
2025-04-11T22:53:59Z,27.114359,-165.442711
2025-04-11T22:54:00Z,27.114355,-165.442721
2025-04-11T22:54:01Z,27.114358,-165.442728
2025-04-11T22:54:02Z,27.114362,-165.442735
2025-04-11T22:54:03Z,27.114365,-165.442741
2025-04-11T22:54:04Z,27.114368,-165.442748
2025-04-11T22:54:05Z,27.114371,-165.442755
2025-04-11T22:54:06Z,27.114374,-165.442762
2025-04-11T22:54:07Z,27.114377,-165.442768
2025-04-11T22:54:08Z,27.114380,-165.442774
2025-04-11T22:54:09Z,27.114378,-165.442774
2025-04-11T22:54:10Z,27.114376,-165.442773
2025-04-11T22:54:11Z,27.114373,-165.442773
2025-04-11T22:54:12Z,27.114371,-165.442773
2025-04-11T22:54:13Z,27.114369,-165.442773
2025-04-11T22:54:14Z,27.114367,-165.442772
2025-04-11T22:54:15Z,27.114365,-165.442772
2025-04-11T22:54:16Z,27.114364,-165.442769
2025-04-11T22:54:17Z,27.114364,-165.442762
2025-04-11T22:54:18Z,27.114363,-165.442755
2025-04-11T22:54:19Z,27.114363,-165.442747
2025-04-11T22:54:20Z,27.114363,-165.442740
2025-04-11T22:54:21Z,27.114363,-165.442733
2025-04-11T22:54:22Z,27.114362,-165.442726
2025-04-11T22:54:23Z,27.114362,-165.442719
2025-04-11T22:54:24Z,27.114362,-165.442712
2025-04-11T22:54:25Z,27.114362,-165.442705
2025-04-11T22:54:26Z,27.114362,-165.442698
2025-04-11T22:54:27Z,27.114361,-165.442691
2025-04-11T22:54:28Z,27.114361,-165.442684
2025-04-11T22:54:29Z,27.114361,-165.442677
2025-04-11T22:54:30Z,27.114361,-165.442670
2025-04-11T22:54:31Z,27.114360,-165.442663
2025-04-11T22:54:32Z,27.114360,-165.442656
2025-04-11T22:54:33Z,27.114360,-165.442649
2025-04-11T22:54:34Z,27.114360,-165.442642
2025-04-11T22:54:35Z,27.114359,-165.442635
2025-04-11T22:54:36Z,27.114359,-165.442628
2025-04-11T22:54:37Z,27.114359,-165.442621
2025-04-11T22:54:38Z,27.114366,-165.442624
2025-04-11T22:54:39Z,27.114373,-165.442627
2025-04-11T22:54:40Z,27.114380,-165.442631
2025-04-11T22:54:41Z,27.114386,-165.442634
2025-04-11T22:54:42Z,27.114393,-165.442637
2025-04-11T22:54:43Z,27.114400,-165.442640
2025-04-11T22:54:44Z,27.114407,-165.442643
2025-04-11T22:54:45Z,27.114410,-165.442646
2025-04-11T22:54:46Z,27.114408,-165.442647
2025-04-11T22:54:47Z,27.114406,-165.442649
2025-04-11T22:54:48Z,27.114403,-165.442651
2025-04-11T22:54:49Z,27.114401,-165.442652
2025-04-11T22:54:50Z,27.114399,-165.442654
2025-04-11T22:54:51Z,27.114396,-165.442656
2025-04-11T22:54:52Z,27.114394,-165.442657
2025-04-11T22:54:53Z,27.114394,-165.442657
2025-04-11T22:54:54Z,27.114396,-165.442655
2025-04-11T22:54:55Z,27.114397,-165.442653
2025-04-11T22:54:56Z,27.114399,-165.442652
2025-04-11T22:54:57Z,27.114401,-165.442650
2025-04-11T22:54:58Z,27.114402,-165.442648
2025-04-11T22:54:59Z,27.114404,-165.442646
2025-04-11T22:55:00Z,27.114405,-165.442645
2025-04-11T22:55:01Z,27.114406,-165.442652
2025-04-11T22:55:02Z,27.114406,-165.442666
2025-04-11T22:55:03Z,27.114406,-165.442680
2025-04-11T22:55:04Z,27.114406,-165.442694
2025-04-11T22:55:05Z,27.114407,-165.442707
2025-04-11T22:55:06Z,27.114407,-165.442721
2025-04-11T22:55:07Z,27.114407,-165.442735
2025-04-11T22:55:08Z,27.114407,-165.442749
2025-04-11T22:55:09Z,27.114398,-165.442750
2025-04-11T22:55:10Z,27.114388,-165.442750
2025-04-11T22:55:11Z,27.114379,-165.442751
2025-04-11T22:55:12Z,27.114369,-165.442751
2025-04-11T22:55:13Z,27.114360,-165.442752
2025-04-11T22:55:14Z,27.114350,-165.442752
2025-04-11T22:55:15Z,27.114341,-165.442753
2025-04-11T22:55:16Z,27.114334,-165.442754
2025-04-11T22:55:17Z,27.114338,-165.442758
2025-04-11T22:55:18Z,27.114342,-165.442762
2025-04-11T22:55:19Z,27.114347,-165.442766
2025-04-11T22:55:20Z,27.114351,-165.442770
2025-04-11T22:55:21Z,27.114355,-165.442774
2025-04-11T22:55:22Z,27.114359,-165.442778
2025-04-11T22:55:23Z,27.114364,-165.442782
2025-04-11T22:55:24Z,27.114368,-165.442779
2025-04-11T22:55:25Z,27.114373,-165.442768
2025-04-11T22:55:26Z,27.114377,-165.442756
2025-04-11T22:55:27Z,27.114382,-165.442744
2025-04-11T22:55:28Z,27.114386,-165.442733
2025-04-11T22:55:29Z,27.114391,-165.442721
2025-04-11T22:55:30Z,27.114395,-165.442710
2025-04-11T22:55:31Z,27.114400,-165.442698
2025-04-11T22:55:32Z,27.114401,-165.442695
2025-04-11T22:55:33Z,27.114399,-165.442698
2025-04-11T22:55:34Z,27.114397,-165.442701
2025-04-11T22:55:35Z,27.114395,-165.442704
2025-04-11T22:55:36Z,27.114393,-165.442707
2025-04-11T22:55:37Z,27.114391,-165.442710
2025-04-11T22:55:38Z,27.114389,-165.442713
2025-04-11T22:55:39Z,27.114387,-165.442716
2025-04-11T22:55:40Z,27.114389,-165.442723
2025-04-11T22:55:41Z,27.114391,-165.442730
2025-04-11T22:55:42Z,27.114393,-165.442737
2025-04-11T22:55:43Z,27.114395,-165.442744
2025-04-11T22:55:44Z,27.114398,-165.442751
2025-04-11T22:55:45Z,27.114400,-165.442758
2025-04-11T22:55:46Z,27.114402,-165.442766
2025-04-11T22:55:47Z,27.114404,-165.442771
2025-04-11T22:55:48Z,27.114407,-165.442760
2025-04-11T22:55:49Z,27.114410,-165.442749
2025-04-11T22:55:50Z,27.114413,-165.442738
2025-04-11T22:55:51Z,27.114416,-165.442727
2025-04-11T22:55:52Z,27.114419,-165.442716
2025-04-11T22:55:53Z,27.114422,-165.442705
2025-04-11T22:55:54Z,27.114424,-165.442694
2025-04-11T22:55:55Z,27.114427,-165.442683
2025-04-11T22:55:56Z,27.114426,-165.442679
2025-04-11T22:55:57Z,27.114426,-165.442674
2025-04-11T22:55:58Z,27.114425,-165.442669
2025-04-11T22:55:59Z,27.114424,-165.442664
2025-04-11T22:56:00Z,27.114424,-165.442659
2025-04-11T22:56:01Z,27.114423,-165.442655
2025-04-11T22:56:02Z,27.114422,-165.442650
2025-04-11T22:56:03Z,27.114422,-165.442646
2025-04-11T22:56:04Z,27.114423,-165.442644
2025-04-11T22:56:05Z,27.114424,-165.442642
2025-04-11T22:56:06Z,27.114425,-165.442640
2025-04-11T22:56:07Z,27.114425,-165.442638
2025-04-11T22:56:08Z,27.114426,-165.442636
2025-04-11T22:56:09Z,27.114427,-165.442634
2025-04-11T22:56:10Z,27.114428,-165.442632
2025-04-11T22:56:11Z,27.114427,-165.442634
2025-04-11T22:56:12Z,27.114425,-165.442639
2025-04-11T22:56:13Z,27.114423,-165.442644
2025-04-11T22:56:14Z,27.114421,-165.442649
2025-04-11T22:56:15Z,27.114419,-165.442654
2025-04-11T22:56:16Z,27.114417,-165.442659
2025-04-11T22:56:17Z,27.114415,-165.442664
2025-04-11T22:56:18Z,27.114413,-165.442669
2025-04-11T22:56:19Z,27.114411,-165.442671
2025-04-11T22:56:20Z,27.114408,-165.442671
2025-04-11T22:56:21Z,27.114406,-165.442672
2025-04-11T22:56:22Z,27.114403,-165.442672
2025-04-11T22:56:23Z,27.114401,-165.442673
2025-04-11T22:56:24Z,27.114398,-165.442674
2025-04-11T22:56:25Z,27.114395,-165.442674
2025-04-11T22:56:26Z,27.114393,-165.442675
2025-04-11T22:56:27Z,27.114394,-165.442674
2025-04-11T22:56:28Z,27.114395,-165.442673
2025-04-11T22:56:29Z,27.114396,-165.442673
2025-04-11T22:56:30Z,27.114397,-165.442672
2025-04-11T22:56:31Z,27.114397,-165.442671
2025-04-11T22:56:32Z,27.114398,-165.442670
2025-04-11T22:56:33Z,27.114399,-165.442670
2025-04-11T22:56:34Z,27.114400,-165.442670
2025-04-11T22:56:35Z,27.114402,-165.442677
2025-04-11T22:56:36Z,27.114403,-165.442685
2025-04-11T22:56:37Z,27.114404,-165.442692
2025-04-11T22:56:38Z,27.114406,-165.442699
2025-04-11T22:56:39Z,27.114407,-165.442707
2025-04-11T22:56:40Z,27.114409,-165.442714
2025-04-11T22:56:41Z,27.114410,-165.442721
2025-04-11T22:56:42Z,27.114410,-165.442721
2025-04-11T22:56:43Z,27.114408,-165.442708
2025-04-11T22:56:44Z,27.114406,-165.442695
2025-04-11T22:56:45Z,27.114404,-165.442682
2025-04-11T22:56:46Z,27.114402,-165.442669
2025-04-11T22:56:47Z,27.114401,-165.442656
2025-04-11T22:56:48Z,27.114399,-165.442643
2025-04-11T22:56:49Z,27.114397,-165.442630
2025-04-11T22:56:50Z,27.114395,-165.442628
2025-04-11T22:56:51Z,27.114393,-165.442632
2025-04-11T22:56:52Z,27.114391,-165.442635
2025-04-11T22:56:53Z,27.114390,-165.442639
2025-04-11T22:56:54Z,27.114388,-165.442642
2025-04-11T22:56:55Z,27.114386,-165.442646
2025-04-11T22:56:56Z,27.114384,-165.442650
2025-04-11T22:56:57Z,27.114382,-165.442653
2025-04-11T22:56:58Z,27.114376,-165.442655
2025-04-11T22:56:59Z,27.114368,-165.442655
2025-04-11T22:57:00Z,27.114361,-165.442656
2025-04-11T22:57:01Z,27.114353,-165.442657
2025-04-11T22:57:02Z,27.114345,-165.442658
2025-04-11T22:57:03Z,27.114338,-165.442658
2025-04-11T22:57:04Z,27.114330,-165.442659
2025-04-11T22:57:05Z,27.114322,-165.442660
2025-04-11T22:57:06Z,27.114322,-165.442660
2025-04-11T22:57:07Z,27.114322,-165.442660
2025-04-11T22:57:08Z,27.114322,-165.442660
2025-04-11T22:57:09Z,27.114322,-165.442660
2025-04-11T22:57:10Z,27.114321,-165.442660
2025-04-11T22:57:11Z,27.114321,-165.442660
2025-04-11T22:57:12Z,27.114321,-165.442660
2025-04-11T22:57:13Z,27.114321,-165.442660
2025-04-11T22:57:14Z,27.114325,-165.442661
2025-04-11T22:57:15Z,27.114331,-165.442662
2025-04-11T22:57:16Z,27.114337,-165.442664
2025-04-11T22:57:17Z,27.114342,-165.442665
2025-04-11T22:57:18Z,27.114348,-165.442666
2025-04-11T22:57:19Z,27.114354,-165.442668
2025-04-11T22:57:20Z,27.114359,-165.442669
2025-04-11T22:57:21Z,27.114365,-165.442672
2025-04-11T22:57:22Z,27.114371,-165.442677
2025-04-11T22:57:23Z,27.114377,-165.442682
2025-04-11T22:57:24Z,27.114383,-165.442687
2025-04-11T22:57:25Z,27.114388,-165.442691
2025-04-11T22:57:26Z,27.114394,-165.442696
2025-04-11T22:57:27Z,27.114400,-165.442701
2025-04-11T22:57:28Z,27.114406,-165.442706
2025-04-11T22:57:29Z,27.114411,-165.442705
2025-04-11T22:57:30Z,27.114416,-165.442699
2025-04-11T22:57:31Z,27.114421,-165.442694
2025-04-11T22:57:32Z,27.114426,-165.442689
2025-04-11T22:57:33Z,27.114431,-165.442684
2025-04-11T22:57:34Z,27.114436,-165.442679
2025-04-11T22:57:35Z,27.114441,-165.442673
2025-04-11T22:57:36Z,27.114446,-165.442668
2025-04-11T22:57:37Z,27.114443,-165.442675
2025-04-11T22:57:38Z,27.114437,-165.442686
2025-04-11T22:57:39Z,27.114431,-165.442696
2025-04-11T22:57:40Z,27.114425,-165.442707
2025-04-11T22:57:41Z,27.114419,-165.442717
2025-04-11T22:57:42Z,27.114413,-165.442728
2025-04-11T22:57:43Z,27.114407,-165.442738
2025-04-11T22:57:44Z,27.114402,-165.442749
2025-04-11T22:57:45Z,27.114400,-165.442744
2025-04-11T22:57:46Z,27.114399,-165.442738
2025-04-11T22:57:47Z,27.114397,-165.442731
2025-04-11T22:57:48Z,27.114396,-165.442725
2025-04-11T22:57:49Z,27.114395,-165.442719
2025-04-11T22:57:50Z,27.114393,-165.442712
2025-04-11T22:57:51Z,27.114392,-165.442706
2025-04-11T22:57:52Z,27.114387,-165.442699
2025-04-11T22:57:53Z,27.114368,-165.442690
2025-04-11T22:57:54Z,27.114350,-165.442682
2025-04-11T22:57:55Z,27.114332,-165.442673
2025-04-11T22:57:56Z,27.114314,-165.442664
2025-04-11T22:57:57Z,27.114296,-165.442656
2025-04-11T22:57:58Z,27.114278,-165.442647
2025-04-11T22:57:59Z,27.114260,-165.442639
2025-04-11T22:58:00Z,27.114256,-165.442636
2025-04-11T22:58:01Z,27.114281,-165.442645
2025-04-11T22:58:02Z,27.114306,-165.442653
2025-04-11T22:58:03Z,27.114330,-165.442662
2025-04-11T22:58:04Z,27.114355,-165.442670
2025-04-11T22:58:05Z,27.114379,-165.442679
2025-04-11T22:58:06Z,27.114404,-165.442687
2025-04-11T22:58:07Z,27.114429,-165.442696
2025-04-11T22:58:08Z,27.114439,-165.442694
2025-04-11T22:58:09Z,27.114441,-165.442687
2025-04-11T22:58:10Z,27.114444,-165.442679
2025-04-11T22:58:11Z,27.114447,-165.442672
2025-04-11T22:58:12Z,27.114449,-165.442664
2025-04-11T22:58:13Z,27.114452,-165.442657
2025-04-11T22:58:14Z,27.114455,-165.442649
2025-04-11T22:58:15Z,27.114457,-165.442642
2025-04-11T22:58:16Z,27.114454,-165.442640
2025-04-11T22:58:17Z,27.114448,-165.442639
2025-04-11T22:58:18Z,27.114442,-165.442639
2025-04-11T22:58:19Z,27.114436,-165.442638
2025-04-11T22:58:20Z,27.114430,-165.442638
2025-04-11T22:58:21Z,27.114424,-165.442637
2025-04-11T22:58:22Z,27.114418,-165.442637
2025-04-11T22:58:23Z,27.114412,-165.442636
2025-04-11T22:58:24Z,27.114412,-165.442646
2025-04-11T22:58:25Z,27.114411,-165.442656
2025-04-11T22:58:26Z,27.114411,-165.442666
2025-04-11T22:58:27Z,27.114411,-165.442676
2025-04-11T22:58:28Z,27.114411,-165.442686
2025-04-11T22:58:29Z,27.114410,-165.442696
2025-04-11T22:58:30Z,27.114410,-165.442706
2025-04-11T22:58:31Z,27.114409,-165.442715
2025-04-11T22:58:32Z,27.114406,-165.442722
2025-04-11T22:58:33Z,27.114403,-165.442729
2025-04-11T22:58:34Z,27.114400,-165.442736
2025-04-11T22:58:35Z,27.114397,-165.442743
2025-04-11T22:58:36Z,27.114394,-165.442750
2025-04-11T22:58:37Z,27.114391,-165.442757
2025-04-11T22:58:38Z,27.114388,-165.442764
2025-04-11T22:58:39Z,27.114389,-165.442766
2025-04-11T22:58:40Z,27.114399,-165.442756
2025-04-11T22:58:41Z,27.114409,-165.442747
2025-04-11T22:58:42Z,27.114419,-165.442737
2025-04-11T22:58:43Z,27.114428,-165.442728
2025-04-11T22:58:44Z,27.114438,-165.442718
2025-04-11T22:58:45Z,27.114448,-165.442709
2025-04-11T22:58:46Z,27.114458,-165.442699
2025-04-11T22:58:47Z,27.114463,-165.442687
2025-04-11T22:58:48Z,27.114464,-165.442674
2025-04-11T22:58:49Z,27.114465,-165.442661
2025-04-11T22:58:50Z,27.114466,-165.442648
2025-04-11T22:58:51Z,27.114467,-165.442635
2025-04-11T22:58:52Z,27.114468,-165.442622
2025-04-11T22:58:53Z,27.114469,-165.442608
2025-04-11T22:58:54Z,27.114470,-165.442595
2025-04-11T22:58:55Z,27.114467,-165.442600
2025-04-11T22:58:56Z,27.114463,-165.442608
2025-04-11T22:58:57Z,27.114460,-165.442617
2025-04-11T22:58:58Z,27.114456,-165.442625
2025-04-11T22:58:59Z,27.114452,-165.442633
2025-04-11T22:59:00Z,27.114449,-165.442642
2025-04-11T22:59:01Z,27.114445,-165.442650
2025-04-11T22:59:02Z,27.114441,-165.442659
2025-04-11T22:59:03Z,27.114434,-165.442647
2025-04-11T22:59:04Z,27.114427,-165.442634
2025-04-11T22:59:05Z,27.114420,-165.442621
2025-04-11T22:59:06Z,27.114414,-165.442608
2025-04-11T22:59:07Z,27.114407,-165.442595
2025-04-11T22:59:08Z,27.114400,-165.442582
2025-04-11T22:59:09Z,27.114393,-165.442570
2025-04-11T22:59:10Z,27.114388,-165.442559
2025-04-11T22:59:11Z,27.114392,-165.442562
2025-04-11T22:59:12Z,27.114396,-165.442565
2025-04-11T22:59:13Z,27.114400,-165.442568
2025-04-11T22:59:14Z,27.114404,-165.442571
2025-04-11T22:59:15Z,27.114408,-165.442574
2025-04-11T22:59:16Z,27.114412,-165.442576
2025-04-11T22:59:17Z,27.114416,-165.442579
2025-04-11T22:59:18Z,27.114418,-165.442582
2025-04-11T22:59:19Z,27.114417,-165.442586
2025-04-11T22:59:20Z,27.114415,-165.442590
2025-04-11T22:59:21Z,27.114413,-165.442593
2025-04-11T22:59:22Z,27.114411,-165.442597
2025-04-11T22:59:23Z,27.114409,-165.442601
2025-04-11T22:59:24Z,27.114408,-165.442605
2025-04-11T22:59:25Z,27.114406,-165.442608
2025-04-11T22:59:26Z,27.114411,-165.442611
2025-04-11T22:59:27Z,27.114421,-165.442614
2025-04-11T22:59:28Z,27.114432,-165.442617
2025-04-11T22:59:29Z,27.114442,-165.442620
2025-04-11T22:59:30Z,27.114452,-165.442622
2025-04-11T22:59:31Z,27.114463,-165.442625
2025-04-11T22:59:32Z,27.114473,-165.442628
2025-04-11T22:59:33Z,27.114484,-165.442630
2025-04-11T22:59:34Z,27.114484,-165.442633
2025-04-11T22:59:35Z,27.114481,-165.442635
2025-04-11T22:59:36Z,27.114478,-165.442637
2025-04-11T22:59:37Z,27.114475,-165.442639
2025-04-11T22:59:38Z,27.114472,-165.442641
2025-04-11T22:59:39Z,27.114469,-165.442643
2025-04-11T22:59:40Z,27.114466,-165.442645
2025-04-11T22:59:41Z,27.114463,-165.442647
2025-04-11T22:59:42Z,27.114461,-165.442639
2025-04-11T22:59:43Z,27.114458,-165.442630
2025-04-11T22:59:44Z,27.114456,-165.442621
2025-04-11T22:59:45Z,27.114454,-165.442612
2025-04-11T22:59:46Z,27.114451,-165.442603
2025-04-11T22:59:47Z,27.114449,-165.442594
2025-04-11T22:59:48Z,27.114446,-165.442585
2025-04-11T22:59:49Z,27.114444,-165.442576
2025-04-11T22:59:50Z,27.114444,-165.442565
2025-04-11T22:59:51Z,27.114445,-165.442555
2025-04-11T22:59:52Z,27.114445,-165.442545
2025-04-11T22:59:53Z,27.114446,-165.442534
2025-04-11T22:59:54Z,27.114446,-165.442524
2025-04-11T22:59:55Z,27.114446,-165.442513
2025-04-11T22:59:56Z,27.114447,-165.442503
2025-04-11T22:59:57Z,27.114447,-165.442503
2025-04-11T22:59:58Z,27.114447,-165.442515
2025-04-11T22:59:59Z,27.114447,-165.442527
2025-04-11T23:00:00Z,27.114446,-165.442540
2025-04-11T23:00:01Z,27.114446,-165.442552
2025-04-11T23:00:02Z,27.114446,-165.442564
2025-04-11T23:00:03Z,27.114446,-165.442577
2025-04-11T23:00:04Z,27.114446,-165.442589
2025-04-11T23:00:05Z,27.114445,-165.442601
2025-04-11T23:00:06Z,27.114445,-165.442614
2025-04-11T23:00:07Z,27.114445,-165.442626
2025-04-11T23:00:08Z,27.114445,-165.442639
2025-04-11T23:00:09Z,27.114445,-165.442651
2025-04-11T23:00:10Z,27.114445,-165.442663
2025-04-11T23:00:11Z,27.114444,-165.442676
2025-04-11T23:00:12Z,27.114444,-165.442688
2025-04-11T23:00:13Z,27.114444,-165.442700
2025-04-11T23:00:14Z,27.114444,-165.442713
2025-04-11T23:00:15Z,27.114444,-165.442725
2025-04-11T23:00:16Z,27.114443,-165.442737
2025-04-11T23:00:17Z,27.114443,-165.442750
2025-04-11T23:00:18Z,27.114443,-165.442762
2025-04-11T23:00:19Z,27.114438,-165.442761
2025-04-11T23:00:20Z,27.114433,-165.442757
2025-04-11T23:00:21Z,27.114428,-165.442753
2025-04-11T23:00:22Z,27.114422,-165.442749
2025-04-11T23:00:23Z,27.114417,-165.442745
2025-04-11T23:00:24Z,27.114412,-165.442741
2025-04-11T23:00:25Z,27.114406,-165.442737
2025-04-11T23:00:26Z,27.114404,-165.442732
2025-04-11T23:00:27Z,27.114407,-165.442723
2025-04-11T23:00:28Z,27.114410,-165.442714
2025-04-11T23:00:29Z,27.114413,-165.442706
2025-04-11T23:00:30Z,27.114416,-165.442697
2025-04-11T23:00:31Z,27.114419,-165.442688
2025-04-11T23:00:32Z,27.114421,-165.442680
2025-04-11T23:00:33Z,27.114424,-165.442671
2025-04-11T23:00:34Z,27.114428,-165.442664
2025-04-11T23:00:35Z,27.114432,-165.442659
2025-04-11T23:00:36Z,27.114436,-165.442655
2025-04-11T23:00:37Z,27.114441,-165.442650
2025-04-11T23:00:38Z,27.114445,-165.442645
2025-04-11T23:00:39Z,27.114449,-165.442641
2025-04-11T23:00:40Z,27.114453,-165.442636
2025-04-11T23:00:41Z,27.114458,-165.442631
2025-04-11T23:00:42Z,27.114453,-165.442630
2025-04-11T23:00:43Z,27.114446,-165.442630
2025-04-11T23:00:44Z,27.114438,-165.442630
2025-04-11T23:00:45Z,27.114430,-165.442630
2025-04-11T23:00:46Z,27.114422,-165.442629
2025-04-11T23:00:47Z,27.114414,-165.442629
2025-04-11T23:00:48Z,27.114407,-165.442629
2025-04-11T23:00:49Z,27.114399,-165.442629
2025-04-11T23:00:50Z,27.114395,-165.442629
2025-04-11T23:00:51Z,27.114392,-165.442629
2025-04-11T23:00:52Z,27.114390,-165.442630
2025-04-11T23:00:53Z,27.114388,-165.442630
2025-04-11T23:00:54Z,27.114386,-165.442630
2025-04-11T23:00:55Z,27.114383,-165.442630
2025-04-11T23:00:56Z,27.114381,-165.442631
2025-04-11T23:00:57Z,27.114379,-165.442631
2025-04-11T23:00:58Z,27.114380,-165.442632
2025-04-11T23:00:59Z,27.114381,-165.442633
2025-04-11T23:01:00Z,27.114382,-165.442634
2025-04-11T23:01:01Z,27.114383,-165.442635
2025-04-11T23:01:02Z,27.114384,-165.442636
2025-04-11T23:01:03Z,27.114385,-165.442637
2025-04-11T23:01:04Z,27.114386,-165.442638
2025-04-11T23:01:05Z,27.114389,-165.442638
2025-04-11T23:01:06Z,27.114396,-165.442635
2025-04-11T23:01:07Z,27.114403,-165.442633
2025-04-11T23:01:08Z,27.114410,-165.442630
2025-04-11T23:01:09Z,27.114416,-165.442627
2025-04-11T23:01:10Z,27.114423,-165.442625
2025-04-11T23:01:11Z,27.114430,-165.442622
2025-04-11T23:01:12Z,27.114436,-165.442619
2025-04-11T23:01:13Z,27.114437,-165.442609
2025-04-11T23:01:14Z,27.114432,-165.442589
2025-04-11T23:01:15Z,27.114426,-165.442569
2025-04-11T23:01:16Z,27.114420,-165.442549
2025-04-11T23:01:17Z,27.114414,-165.442529
2025-04-11T23:01:18Z,27.114409,-165.442510
2025-04-11T23:01:19Z,27.114403,-165.442490
2025-04-11T23:01:20Z,27.114397,-165.442470
2025-04-11T23:01:21Z,27.114394,-165.442467
2025-04-11T23:01:22Z,27.114393,-165.442474
2025-04-11T23:01:23Z,27.114391,-165.442480
2025-04-11T23:01:24Z,27.114390,-165.442487
2025-04-11T23:01:25Z,27.114389,-165.442493
2025-04-11T23:01:26Z,27.114387,-165.442500
2025-04-11T23:01:27Z,27.114386,-165.442507
2025-04-11T23:01:28Z,27.114385,-165.442513
2025-04-11T23:01:29Z,27.114383,-165.442520
2025-04-11T23:01:30Z,27.114382,-165.442526
2025-04-11T23:01:31Z,27.114381,-165.442533
2025-04-11T23:01:32Z,27.114379,-165.442539
2025-04-11T23:01:33Z,27.114378,-165.442546
2025-04-11T23:01:34Z,27.114377,-165.442552
2025-04-11T23:01:35Z,27.114375,-165.442559
2025-04-11T23:01:36Z,27.114374,-165.442566
2025-04-11T23:01:37Z,27.114373,-165.442572
2025-04-11T23:01:38Z,27.114371,-165.442579
2025-04-11T23:01:39Z,27.114370,-165.442585
2025-04-11T23:01:40Z,27.114369,-165.442592
2025-04-11T23:01:41Z,27.114367,-165.442598
2025-04-11T23:01:42Z,27.114366,-165.442604
2025-04-11T23:01:43Z,27.114366,-165.442600
2025-04-11T23:01:44Z,27.114366,-165.442597
2025-04-11T23:01:45Z,27.114366,-165.442594
2025-04-11T23:01:46Z,27.114367,-165.442591
2025-04-11T23:01:47Z,27.114367,-165.442587
2025-04-11T23:01:48Z,27.114367,-165.442584
2025-04-11T23:01:49Z,27.114367,-165.442581
2025-04-11T23:01:50Z,27.114362,-165.442577
2025-04-11T23:01:51Z,27.114348,-165.442572
2025-04-11T23:01:52Z,27.114334,-165.442566
2025-04-11T23:01:53Z,27.114321,-165.442561
2025-04-11T23:01:54Z,27.114307,-165.442556
2025-04-11T23:01:55Z,27.114293,-165.442550
2025-04-11T23:01:56Z,27.114279,-165.442545
2025-04-11T23:01:57Z,27.114265,-165.442540
2025-04-11T23:01:58Z,27.114264,-165.442537
2025-04-11T23:01:59Z,27.114267,-165.442536
2025-04-11T23:02:00Z,27.114271,-165.442535
2025-04-11T23:02:01Z,27.114275,-165.442534
2025-04-11T23:02:02Z,27.114278,-165.442533
2025-04-11T23:02:03Z,27.114282,-165.442531
2025-04-11T23:02:04Z,27.114286,-165.442530
2025-04-11T23:02:05Z,27.114289,-165.442529
2025-04-11T23:02:06Z,27.114301,-165.442522
2025-04-11T23:02:07Z,27.114315,-165.442514
2025-04-11T23:02:08Z,27.114328,-165.442506
2025-04-11T23:02:09Z,27.114341,-165.442498
2025-04-11T23:02:10Z,27.114355,-165.442489
2025-04-11T23:02:11Z,27.114368,-165.442481
2025-04-11T23:02:12Z,27.114382,-165.442473
2025-04-11T23:02:13Z,27.114395,-165.442465
2025-04-11T23:02:14Z,27.114399,-165.442482
2025-04-11T23:02:15Z,27.114403,-165.442501
2025-04-11T23:02:16Z,27.114406,-165.442520
2025-04-11T23:02:17Z,27.114410,-165.442540
2025-04-11T23:02:18Z,27.114413,-165.442559
2025-04-11T23:02:19Z,27.114417,-165.442578
2025-04-11T23:02:20Z,27.114420,-165.442597
2025-04-11T23:02:21Z,27.114422,-165.442612
2025-04-11T23:02:22Z,27.114418,-165.442609
2025-04-11T23:02:23Z,27.114414,-165.442606
2025-04-11T23:02:24Z,27.114409,-165.442603
2025-04-11T23:02:25Z,27.114405,-165.442599
2025-04-11T23:02:26Z,27.114401,-165.442596
2025-04-11T23:02:27Z,27.114396,-165.442593
2025-04-11T23:02:28Z,27.114392,-165.442589
2025-04-11T23:02:29Z,27.114388,-165.442587
2025-04-11T23:02:30Z,27.114384,-165.442585
2025-04-11T23:02:31Z,27.114380,-165.442583
2025-04-11T23:02:32Z,27.114376,-165.442581
2025-04-11T23:02:33Z,27.114372,-165.442579
2025-04-11T23:02:34Z,27.114368,-165.442577
2025-04-11T23:02:35Z,27.114363,-165.442575
2025-04-11T23:02:36Z,27.114359,-165.442573
2025-04-11T23:02:37Z,27.114364,-165.442571
2025-04-11T23:02:38Z,27.114374,-165.442571
2025-04-11T23:02:39Z,27.114384,-165.442570
2025-04-11T23:02:40Z,27.114394,-165.442569
2025-04-11T23:02:41Z,27.114403,-165.442568
2025-04-11T23:02:42Z,27.114413,-165.442567
2025-04-11T23:02:43Z,27.114423,-165.442566
2025-04-11T23:02:44Z,27.114433,-165.442565
2025-04-11T23:02:45Z,27.114437,-165.442566
2025-04-11T23:02:46Z,27.114440,-165.442566
2025-04-11T23:02:47Z,27.114443,-165.442567
2025-04-11T23:02:48Z,27.114446,-165.442568
2025-04-11T23:02:49Z,27.114449,-165.442568
2025-04-11T23:02:50Z,27.114452,-165.442569
2025-04-11T23:02:51Z,27.114455,-165.442569
2025-04-11T23:02:52Z,27.114458,-165.442570
2025-04-11T23:02:53Z,27.114462,-165.442571
2025-04-11T23:02:54Z,27.114465,-165.442571
2025-04-11T23:02:55Z,27.114468,-165.442572
2025-04-11T23:02:56Z,27.114471,-165.442573
2025-04-11T23:02:57Z,27.114474,-165.442573
2025-04-11T23:02:58Z,27.114477,-165.442574
2025-04-11T23:02:59Z,27.114480,-165.442575
2025-04-11T23:03:00Z,27.114483,-165.442575
2025-04-11T23:03:01Z,27.114486,-165.442576
2025-04-11T23:03:02Z,27.114490,-165.442577
2025-04-11T23:03:03Z,27.114493,-165.442577
2025-04-11T23:03:04Z,27.114496,-165.442578
2025-04-11T23:03:05Z,27.114499,-165.442579
2025-04-11T23:03:06Z,27.114501,-165.442581
2025-04-11T23:03:07Z,27.114503,-165.442587
2025-04-11T23:03:08Z,27.114504,-165.442593
2025-04-11T23:03:09Z,27.114506,-165.442599
2025-04-11T23:03:10Z,27.114507,-165.442605
2025-04-11T23:03:11Z,27.114509,-165.442611
2025-04-11T23:03:12Z,27.114510,-165.442617
2025-04-11T23:03:13Z,27.114512,-165.442623
2025-04-11T23:03:14Z,27.114505,-165.442621
2025-04-11T23:03:15Z,27.114496,-165.442619
2025-04-11T23:03:16Z,27.114488,-165.442616
2025-04-11T23:03:17Z,27.114479,-165.442613
2025-04-11T23:03:18Z,27.114471,-165.442610
2025-04-11T23:03:19Z,27.114462,-165.442607
2025-04-11T23:03:20Z,27.114454,-165.442604
2025-04-11T23:03:21Z,27.114445,-165.442601
2025-04-11T23:03:22Z,27.114444,-165.442588
2025-04-11T23:03:23Z,27.114446,-165.442571
2025-04-11T23:03:24Z,27.114448,-165.442555
2025-04-11T23:03:25Z,27.114449,-165.442538
2025-04-11T23:03:26Z,27.114451,-165.442522
2025-04-11T23:03:27Z,27.114453,-165.442505
2025-04-11T23:03:28Z,27.114455,-165.442489
2025-04-11T23:03:29Z,27.114457,-165.442474
2025-04-11T23:03:30Z,27.114462,-165.442469
2025-04-11T23:03:31Z,27.114466,-165.442465
2025-04-11T23:03:32Z,27.114471,-165.442461
2025-04-11T23:03:33Z,27.114476,-165.442457
2025-04-11T23:03:34Z,27.114481,-165.442453
2025-04-11T23:03:35Z,27.114486,-165.442449
2025-04-11T23:03:36Z,27.114491,-165.442445
2025-04-11T23:03:37Z,27.114494,-165.442446
2025-04-11T23:03:38Z,27.114493,-165.442453
2025-04-11T23:03:39Z,27.114492,-165.442460
2025-04-11T23:03:40Z,27.114491,-165.442467
2025-04-11T23:03:41Z,27.114490,-165.442474
2025-04-11T23:03:42Z,27.114490,-165.442481
2025-04-11T23:03:43Z,27.114489,-165.442488
2025-04-11T23:03:44Z,27.114488,-165.442495
2025-04-11T23:03:45Z,27.114487,-165.442502
2025-04-11T23:03:46Z,27.114487,-165.442509
2025-04-11T23:03:47Z,27.114486,-165.442516
2025-04-11T23:03:48Z,27.114485,-165.442523
2025-04-11T23:03:49Z,27.114484,-165.442530
2025-04-11T23:03:50Z,27.114483,-165.442537
2025-04-11T23:03:51Z,27.114483,-165.442544
2025-04-11T23:03:52Z,27.114482,-165.442551
2025-04-11T23:03:53Z,27.114481,-165.442558
2025-04-11T23:03:54Z,27.114480,-165.442565
2025-04-11T23:03:55Z,27.114479,-165.442572
2025-04-11T23:03:56Z,27.114479,-165.442579
2025-04-11T23:03:57Z,27.114478,-165.442586
2025-04-11T23:03:58Z,27.114477,-165.442593
2025-04-11T23:03:59Z,27.114479,-165.442585
2025-04-11T23:04:00Z,27.114481,-165.442577
2025-04-11T23:04:01Z,27.114483,-165.442569
2025-04-11T23:04:02Z,27.114485,-165.442561
2025-04-11T23:04:03Z,27.114487,-165.442553
2025-04-11T23:04:04Z,27.114488,-165.442545
2025-04-11T23:04:05Z,27.114490,-165.442537
2025-04-11T23:04:06Z,27.114493,-165.442533
2025-04-11T23:04:07Z,27.114499,-165.442544
2025-04-11T23:04:08Z,27.114504,-165.442555
2025-04-11T23:04:09Z,27.114510,-165.442566
2025-04-11T23:04:10Z,27.114516,-165.442577
2025-04-11T23:04:11Z,27.114521,-165.442589
2025-04-11T23:04:12Z,27.114527,-165.442600
2025-04-11T23:04:13Z,27.114533,-165.442611
2025-04-11T23:04:14Z,27.114536,-165.442617
2025-04-11T23:04:15Z,27.114536,-165.442617
2025-04-11T23:04:16Z,27.114536,-165.442617
2025-04-11T23:04:17Z,27.114536,-165.442617
2025-04-11T23:04:18Z,27.114536,-165.442616
2025-04-11T23:04:19Z,27.114536,-165.442616
2025-04-11T23:04:20Z,27.114536,-165.442616
2025-04-11T23:04:21Z,27.114536,-165.442616
2025-04-11T23:04:22Z,27.114536,-165.442616
2025-04-11T23:04:23Z,27.114537,-165.442616
2025-04-11T23:04:24Z,27.114537,-165.442616
2025-04-11T23:04:25Z,27.114537,-165.442616
2025-04-11T23:04:26Z,27.114538,-165.442617
2025-04-11T23:04:27Z,27.114538,-165.442617
2025-04-11T23:04:28Z,27.114539,-165.442617
2025-04-11T23:04:29Z,27.114539,-165.442617
2025-04-11T23:04:30Z,27.114537,-165.442616
2025-04-11T23:04:31Z,27.114535,-165.442616
2025-04-11T23:04:32Z,27.114532,-165.442615
2025-04-11T23:04:33Z,27.114530,-165.442614
2025-04-11T23:04:34Z,27.114527,-165.442613
2025-04-11T23:04:35Z,27.114525,-165.442612
2025-04-11T23:04:36Z,27.114522,-165.442612
2025-04-11T23:04:37Z,27.114518,-165.442609
2025-04-11T23:04:38Z,27.114502,-165.442592
2025-04-11T23:04:39Z,27.114486,-165.442574
2025-04-11T23:04:40Z,27.114470,-165.442556
2025-04-11T23:04:41Z,27.114454,-165.442539
2025-04-11T23:04:42Z,27.114439,-165.442521
2025-04-11T23:04:43Z,27.114423,-165.442504
2025-04-11T23:04:44Z,27.114407,-165.442486
2025-04-11T23:04:45Z,27.114398,-165.442473
2025-04-11T23:04:46Z,27.114420,-165.442480
2025-04-11T23:04:47Z,27.114441,-165.442486
2025-04-11T23:04:48Z,27.114462,-165.442492
2025-04-11T23:04:49Z,27.114484,-165.442499
2025-04-11T23:04:50Z,27.114505,-165.442505
2025-04-11T23:04:51Z,27.114526,-165.442512
2025-04-11T23:04:52Z,27.114548,-165.442518
2025-04-11T23:04:53Z,27.114556,-165.442522
2025-04-11T23:04:54Z,27.114551,-165.442524
2025-04-11T23:04:55Z,27.114546,-165.442527
2025-04-11T23:04:56Z,27.114542,-165.442529
2025-04-11T23:04:57Z,27.114537,-165.442531
2025-04-11T23:04:58Z,27.114533,-165.442533
2025-04-11T23:04:59Z,27.114528,-165.442536
2025-04-11T23:05:00Z,27.114524,-165.442538
2025-04-11T23:05:01Z,27.114519,-165.442540
2025-04-11T23:05:02Z,27.114515,-165.442543
2025-04-11T23:05:03Z,27.114511,-165.442545
2025-04-11T23:05:04Z,27.114507,-165.442548
2025-04-11T23:05:05Z,27.114502,-165.442551
2025-04-11T23:05:06Z,27.114498,-165.442553
2025-04-11T23:05:07Z,27.114494,-165.442556
2025-04-11T23:05:08Z,27.114490,-165.442559
2025-04-11T23:05:09Z,27.114493,-165.442557
2025-04-11T23:05:10Z,27.114499,-165.442554
2025-04-11T23:05:11Z,27.114504,-165.442551
2025-04-11T23:05:12Z,27.114510,-165.442548
2025-04-11T23:05:13Z,27.114515,-165.442545
2025-04-11T23:05:14Z,27.114520,-165.442543
2025-04-11T23:05:15Z,27.114526,-165.442540
2025-04-11T23:05:16Z,27.114531,-165.442537
2025-04-11T23:05:17Z,27.114529,-165.442535
2025-04-11T23:05:18Z,27.114527,-165.442533
2025-04-11T23:05:19Z,27.114524,-165.442531
2025-04-11T23:05:20Z,27.114522,-165.442529
2025-04-11T23:05:21Z,27.114520,-165.442527
2025-04-11T23:05:22Z,27.114518,-165.442526
2025-04-11T23:05:23Z,27.114516,-165.442524
2025-04-11T23:05:24Z,27.114514,-165.442524
2025-04-11T23:05:25Z,27.114518,-165.442541
2025-04-11T23:05:26Z,27.114521,-165.442559
2025-04-11T23:05:27Z,27.114524,-165.442576
2025-04-11T23:05:28Z,27.114527,-165.442593
2025-04-11T23:05:29Z,27.114531,-165.442610
2025-04-11T23:05:30Z,27.114534,-165.442627
2025-04-11T23:05:31Z,27.114537,-165.442644
2025-04-11T23:05:32Z,27.114534,-165.442651
2025-04-11T23:05:33Z,27.114523,-165.442645
2025-04-11T23:05:34Z,27.114513,-165.442639
2025-04-11T23:05:35Z,27.114502,-165.442633
2025-04-11T23:05:36Z,27.114491,-165.442627
2025-04-11T23:05:37Z,27.114481,-165.442621
2025-04-11T23:05:38Z,27.114470,-165.442615
2025-04-11T23:05:39Z,27.114459,-165.442609
2025-04-11T23:05:40Z,27.114451,-165.442604
2025-04-11T23:05:41Z,27.114447,-165.442598
2025-04-11T23:05:42Z,27.114442,-165.442592
2025-04-11T23:05:43Z,27.114438,-165.442587
2025-04-11T23:05:44Z,27.114434,-165.442581
2025-04-11T23:05:45Z,27.114430,-165.442575
2025-04-11T23:05:46Z,27.114425,-165.442570
2025-04-11T23:05:47Z,27.114421,-165.442564
2025-04-11T23:05:48Z,27.114434,-165.442566
2025-04-11T23:05:49Z,27.114452,-165.442569
2025-04-11T23:05:50Z,27.114470,-165.442573
2025-04-11T23:05:51Z,27.114488,-165.442577
2025-04-11T23:05:52Z,27.114506,-165.442580
2025-04-11T23:05:53Z,27.114524,-165.442584
2025-04-11T23:05:54Z,27.114542,-165.442587
2025-04-11T23:05:55Z,27.114560,-165.442591
2025-04-11T23:05:56Z,27.114561,-165.442590
2025-04-11T23:05:57Z,27.114561,-165.442588
2025-04-11T23:05:58Z,27.114562,-165.442587
2025-04-11T23:05:59Z,27.114562,-165.442585
2025-04-11T23:06:00Z,27.114562,-165.442584
2025-04-11T23:06:01Z,27.114563,-165.442583
2025-04-11T23:06:02Z,27.114563,-165.442581
2025-04-11T23:06:03Z,27.114563,-165.442580
2025-04-11T23:06:04Z,27.114559,-165.442578
2025-04-11T23:06:05Z,27.114555,-165.442577
2025-04-11T23:06:06Z,27.114551,-165.442575
2025-04-11T23:06:07Z,27.114547,-165.442574
2025-04-11T23:06:08Z,27.114543,-165.442572
2025-04-11T23:06:09Z,27.114539,-165.442571
2025-04-11T23:06:10Z,27.114535,-165.442569
2025-04-11T23:06:11Z,27.114533,-165.442566
2025-04-11T23:06:12Z,27.114538,-165.442559
2025-04-11T23:06:13Z,27.114543,-165.442552
2025-04-11T23:06:14Z,27.114548,-165.442545
2025-04-11T23:06:15Z,27.114553,-165.442538
2025-04-11T23:06:16Z,27.114558,-165.442532
2025-04-11T23:06:17Z,27.114563,-165.442525
2025-04-11T23:06:18Z,27.114568,-165.442518
2025-04-11T23:06:19Z,27.114569,-165.442512
2025-04-11T23:06:20Z,27.114568,-165.442508
2025-04-11T23:06:21Z,27.114566,-165.442503
2025-04-11T23:06:22Z,27.114565,-165.442498
2025-04-11T23:06:23Z,27.114564,-165.442494
2025-04-11T23:06:24Z,27.114562,-165.442489
2025-04-11T23:06:25Z,27.114561,-165.442485
2025-04-11T23:06:26Z,27.114560,-165.442480
2025-04-11T23:06:27Z,27.114558,-165.442484
2025-04-11T23:06:28Z,27.114557,-165.442494
2025-04-11T23:06:29Z,27.114556,-165.442504
2025-04-11T23:06:30Z,27.114554,-165.442515
2025-04-11T23:06:31Z,27.114553,-165.442525
2025-04-11T23:06:32Z,27.114552,-165.442535
2025-04-11T23:06:33Z,27.114550,-165.442545
2025-04-11T23:06:34Z,27.114549,-165.442555
2025-04-11T23:06:35Z,27.114548,-165.442566
2025-04-11T23:06:36Z,27.114546,-165.442576
2025-04-11T23:06:37Z,27.114545,-165.442586
2025-04-11T23:06:38Z,27.114544,-165.442596
2025-04-11T23:06:39Z,27.114542,-165.442607
2025-04-11T23:06:40Z,27.114541,-165.442617
2025-04-11T23:06:41Z,27.114540,-165.442627
2025-04-11T23:06:42Z,27.114539,-165.442637
2025-04-11T23:06:43Z,27.114537,-165.442648
2025-04-11T23:06:44Z,27.114536,-165.442658
2025-04-11T23:06:45Z,27.114535,-165.442668
2025-04-11T23:06:46Z,27.114533,-165.442678
2025-04-11T23:06:47Z,27.114532,-165.442688
2025-04-11T23:06:48Z,27.114532,-165.442692
2025-04-11T23:06:49Z,27.114534,-165.442676
2025-04-11T23:06:50Z,27.114537,-165.442660
2025-04-11T23:06:51Z,27.114540,-165.442644
2025-04-11T23:06:52Z,27.114543,-165.442628
2025-04-11T23:06:53Z,27.114545,-165.442612
2025-04-11T23:06:54Z,27.114548,-165.442596
2025-04-11T23:06:55Z,27.114551,-165.442581
2025-04-11T23:06:56Z,27.114555,-165.442575
2025-04-11T23:06:57Z,27.114561,-165.442577
2025-04-11T23:06:58Z,27.114567,-165.442578
2025-04-11T23:06:59Z,27.114572,-165.442580
2025-04-11T23:07:00Z,27.114578,-165.442582
2025-04-11T23:07:01Z,27.114584,-165.442583
2025-04-11T23:07:02Z,27.114590,-165.442585
2025-04-11T23:07:03Z,27.114595,-165.442586
2025-04-11T23:07:04Z,27.114591,-165.442584
2025-04-11T23:07:05Z,27.114583,-165.442578
2025-04-11T23:07:06Z,27.114575,-165.442573
2025-04-11T23:07:07Z,27.114567,-165.442568
2025-04-11T23:07:08Z,27.114559,-165.442563
2025-04-11T23:07:09Z,27.114551,-165.442558
2025-04-11T23:07:10Z,27.114543,-165.442553
2025-04-11T23:07:11Z,27.114534,-165.442548
2025-04-11T23:07:12Z,27.114529,-165.442546
2025-04-11T23:07:13Z,27.114524,-165.442544
2025-04-11T23:07:14Z,27.114518,-165.442542
2025-04-11T23:07:15Z,27.114513,-165.442540
2025-04-11T23:07:16Z,27.114508,-165.442538
2025-04-11T23:07:17Z,27.114502,-165.442536
2025-04-11T23:07:18Z,27.114497,-165.442534
2025-04-11T23:07:19Z,27.114491,-165.442530
2025-04-11T23:07:20Z,27.114484,-165.442519
2025-04-11T23:07:21Z,27.114476,-165.442507
2025-04-11T23:07:22Z,27.114468,-165.442495
2025-04-11T23:07:23Z,27.114461,-165.442483
2025-04-11T23:07:24Z,27.114453,-165.442472
2025-04-11T23:07:25Z,27.114446,-165.442460
2025-04-11T23:07:26Z,27.114438,-165.442448
2025-04-11T23:07:27Z,27.114433,-165.442442
2025-04-11T23:07:28Z,27.114440,-165.442460
2025-04-11T23:07:29Z,27.114446,-165.442478
2025-04-11T23:07:30Z,27.114452,-165.442495
2025-04-11T23:07:31Z,27.114458,-165.442513
2025-04-11T23:07:32Z,27.114465,-165.442530
2025-04-11T23:07:33Z,27.114471,-165.442548
2025-04-11T23:07:34Z,27.114477,-165.442565
2025-04-11T23:07:35Z,27.114480,-165.442574
2025-04-11T23:07:36Z,27.114481,-165.442576
2025-04-11T23:07:37Z,27.114481,-165.442577
2025-04-11T23:07:38Z,27.114481,-165.442579
2025-04-11T23:07:39Z,27.114482,-165.442581
2025-04-11T23:07:40Z,27.114482,-165.442582
2025-04-11T23:07:41Z,27.114483,-165.442584
2025-04-11T23:07:42Z,27.114483,-165.442586
2025-04-11T23:07:43Z,27.114481,-165.442589
2025-04-11T23:07:44Z,27.114479,-165.442593
2025-04-11T23:07:45Z,27.114477,-165.442597
2025-04-11T23:07:46Z,27.114475,-165.442601
2025-04-11T23:07:47Z,27.114472,-165.442604
2025-04-11T23:07:48Z,27.114470,-165.442608
2025-04-11T23:07:49Z,27.114468,-165.442612
2025-04-11T23:07:50Z,27.114466,-165.442616
2025-04-11T23:07:51Z,27.114468,-165.442615
2025-04-11T23:07:52Z,27.114472,-165.442613
2025-04-11T23:07:53Z,27.114476,-165.442610
2025-04-11T23:07:54Z,27.114480,-165.442608
2025-04-11T23:07:55Z,27.114484,-165.442605
2025-04-11T23:07:56Z,27.114489,-165.442603
2025-04-11T23:07:57Z,27.114493,-165.442600
2025-04-11T23:07:58Z,27.114497,-165.442597
2025-04-11T23:07:59Z,27.114502,-165.442592
2025-04-11T23:08:00Z,27.114507,-165.442586
2025-04-11T23:08:01Z,27.114512,-165.442581
2025-04-11T23:08:02Z,27.114517,-165.442575
2025-04-11T23:08:03Z,27.114522,-165.442570
2025-04-11T23:08:04Z,27.114527,-165.442565
2025-04-11T23:08:05Z,27.114532,-165.442559
2025-04-11T23:08:06Z,27.114535,-165.442555
2025-04-11T23:08:07Z,27.114536,-165.442554
2025-04-11T23:08:08Z,27.114537,-165.442553
2025-04-11T23:08:09Z,27.114538,-165.442551
2025-04-11T23:08:10Z,27.114539,-165.442550
2025-04-11T23:08:11Z,27.114540,-165.442549
2025-04-11T23:08:12Z,27.114541,-165.442547
2025-04-11T23:08:13Z,27.114542,-165.442546
2025-04-11T23:08:14Z,27.114539,-165.442543
2025-04-11T23:08:15Z,27.114533,-165.442539
2025-04-11T23:08:16Z,27.114527,-165.442535
2025-04-11T23:08:17Z,27.114521,-165.442531
2025-04-11T23:08:18Z,27.114515,-165.442528
2025-04-11T23:08:19Z,27.114509,-165.442524
2025-04-11T23:08:20Z,27.114503,-165.442520
2025-04-11T23:08:21Z,27.114497,-165.442516
2025-04-11T23:08:22Z,27.114494,-165.442517
2025-04-11T23:08:23Z,27.114495,-165.442521
2025-04-11T23:08:24Z,27.114495,-165.442526
2025-04-11T23:08:25Z,27.114496,-165.442531
2025-04-11T23:08:26Z,27.114496,-165.442535
2025-04-11T23:08:27Z,27.114497,-165.442540
2025-04-11T23:08:28Z,27.114498,-165.442545
2025-04-11T23:08:29Z,27.114498,-165.442549
2025-04-11T23:08:30Z,27.114500,-165.442542
2025-04-11T23:08:31Z,27.114502,-165.442535
2025-04-11T23:08:32Z,27.114503,-165.442528
2025-04-11T23:08:33Z,27.114505,-165.442521
2025-04-11T23:08:34Z,27.114507,-165.442514
2025-04-11T23:08:35Z,27.114509,-165.442507
2025-04-11T23:08:36Z,27.114510,-165.442500
2025-04-11T23:08:37Z,27.114512,-165.442494
2025-04-11T23:08:38Z,27.114508,-165.442492
2025-04-11T23:08:39Z,27.114505,-165.442490
2025-04-11T23:08:40Z,27.114502,-165.442488
2025-04-11T23:08:41Z,27.114498,-165.442486
2025-04-11T23:08:42Z,27.114495,-165.442484
2025-04-11T23:08:43Z,27.114491,-165.442482
2025-04-11T23:08:44Z,27.114488,-165.442480
2025-04-11T23:08:45Z,27.114487,-165.442482
2025-04-11T23:08:46Z,27.114491,-165.442489
2025-04-11T23:08:47Z,27.114495,-165.442496
2025-04-11T23:08:48Z,27.114499,-165.442503
2025-04-11T23:08:49Z,27.114503,-165.442510
2025-04-11T23:08:50Z,27.114507,-165.442518
2025-04-11T23:08:51Z,27.114511,-165.442525
2025-04-11T23:08:52Z,27.114514,-165.442532
2025-04-11T23:08:53Z,27.114517,-165.442530
2025-04-11T23:08:54Z,27.114517,-165.442522
2025-04-11T23:08:55Z,27.114518,-165.442513
2025-04-11T23:08:56Z,27.114519,-165.442505
2025-04-11T23:08:57Z,27.114520,-165.442496
2025-04-11T23:08:58Z,27.114521,-165.442488
2025-04-11T23:08:59Z,27.114522,-165.442480
2025-04-11T23:09:00Z,27.114523,-165.442471
2025-04-11T23:09:01Z,27.114523,-165.442473
2025-04-11T23:09:02Z,27.114524,-165.442478
2025-04-11T23:09:03Z,27.114525,-165.442482
2025-04-11T23:09:04Z,27.114525,-165.442487
2025-04-11T23:09:05Z,27.114526,-165.442492
2025-04-11T23:09:06Z,27.114527,-165.442497
2025-04-11T23:09:07Z,27.114527,-165.442502
2025-04-11T23:09:08Z,27.114528,-165.442507
2025-04-11T23:09:09Z,27.114523,-165.442511
2025-04-11T23:09:10Z,27.114517,-165.442515
2025-04-11T23:09:11Z,27.114512,-165.442519
2025-04-11T23:09:12Z,27.114507,-165.442523
2025-04-11T23:09:13Z,27.114501,-165.442526
2025-04-11T23:09:14Z,27.114496,-165.442530
2025-04-11T23:09:15Z,27.114491,-165.442534
2025-04-11T23:09:16Z,27.114488,-165.442537
2025-04-11T23:09:17Z,27.114492,-165.442539
2025-04-11T23:09:18Z,27.114495,-165.442540
2025-04-11T23:09:19Z,27.114499,-165.442542
2025-04-11T23:09:20Z,27.114502,-165.442543
2025-04-11T23:09:21Z,27.114505,-165.442545
2025-04-11T23:09:22Z,27.114509,-165.442546
2025-04-11T23:09:23Z,27.114512,-165.442548
2025-04-11T23:09:24Z,27.114515,-165.442549
2025-04-11T23:09:25Z,27.114517,-165.442549
2025-04-11T23:09:26Z,27.114518,-165.442549
2025-04-11T23:09:27Z,27.114519,-165.442549
2025-04-11T23:09:28Z,27.114521,-165.442550
2025-04-11T23:09:29Z,27.114522,-165.442550
2025-04-11T23:09:30Z,27.114523,-165.442550
2025-04-11T23:09:31Z,27.114524,-165.442550
2025-04-11T23:09:32Z,27.114528,-165.442549
2025-04-11T23:09:33Z,27.114533,-165.442548
2025-04-11T23:09:34Z,27.114539,-165.442546
2025-04-11T23:09:35Z,27.114544,-165.442544
2025-04-11T23:09:36Z,27.114549,-165.442543
2025-04-11T23:09:37Z,27.114555,-165.442541
2025-04-11T23:09:38Z,27.114560,-165.442540
2025-04-11T23:09:39Z,27.114565,-165.442538
2025-04-11T23:09:40Z,27.114558,-165.442535
2025-04-11T23:09:41Z,27.114549,-165.442531
2025-04-11T23:09:42Z,27.114540,-165.442527
2025-04-11T23:09:43Z,27.114531,-165.442523
2025-04-11T23:09:44Z,27.114522,-165.442519
2025-04-11T23:09:45Z,27.114513,-165.442515
2025-04-11T23:09:46Z,27.114504,-165.442511
2025-04-11T23:09:47Z,27.114495,-165.442507
2025-04-11T23:09:48Z,27.114491,-165.442519
2025-04-11T23:09:49Z,27.114486,-165.442531
2025-04-11T23:09:50Z,27.114482,-165.442543
2025-04-11T23:09:51Z,27.114478,-165.442555
2025-04-11T23:09:52Z,27.114473,-165.442567
2025-04-11T23:09:53Z,27.114469,-165.442579
2025-04-11T23:09:54Z,27.114465,-165.442591
2025-04-11T23:09:55Z,27.114462,-165.442600
2025-04-11T23:09:56Z,27.114471,-165.442592
2025-04-11T23:09:57Z,27.114480,-165.442584
2025-04-11T23:09:58Z,27.114490,-165.442576
2025-04-11T23:09:59Z,27.114499,-165.442568
2025-04-11T23:10:00Z,27.114508,-165.442560
2025-04-11T23:10:01Z,27.114517,-165.442552
2025-04-11T23:10:02Z,27.114526,-165.442544
2025-04-11T23:10:03Z,27.114531,-165.442540
2025-04-11T23:10:04Z,27.114530,-165.442541
2025-04-11T23:10:05Z,27.114529,-165.442542
2025-04-11T23:10:06Z,27.114528,-165.442543
2025-04-11T23:10:07Z,27.114527,-165.442544
2025-04-11T23:10:08Z,27.114526,-165.442545
2025-04-11T23:10:09Z,27.114525,-165.442546
2025-04-11T23:10:10Z,27.114524,-165.442547
2025-04-11T23:10:11Z,27.114523,-165.442548
2025-04-11T23:10:12Z,27.114522,-165.442549
2025-04-11T23:10:13Z,27.114520,-165.442551
2025-04-11T23:10:14Z,27.114519,-165.442552
2025-04-11T23:10:15Z,27.114517,-165.442554
2025-04-11T23:10:16Z,27.114516,-165.442555
2025-04-11T23:10:17Z,27.114515,-165.442556
2025-04-11T23:10:18Z,27.114513,-165.442558
2025-04-11T23:10:19Z,27.114515,-165.442557
2025-04-11T23:10:20Z,27.114518,-165.442555
2025-04-11T23:10:21Z,27.114520,-165.442554
2025-04-11T23:10:22Z,27.114523,-165.442552
2025-04-11T23:10:23Z,27.114526,-165.442551
2025-04-11T23:10:24Z,27.114528,-165.442549
2025-04-11T23:10:25Z,27.114531,-165.442548
2025-04-11T23:10:26Z,27.114534,-165.442546
2025-04-11T23:10:27Z,27.114531,-165.442541
2025-04-11T23:10:28Z,27.114527,-165.442535
2025-04-11T23:10:29Z,27.114524,-165.442530
2025-04-11T23:10:30Z,27.114520,-165.442524
2025-04-11T23:10:31Z,27.114516,-165.442518
2025-04-11T23:10:32Z,27.114513,-165.442512
2025-04-11T23:10:33Z,27.114509,-165.442507
2025-04-11T23:10:34Z,27.114506,-165.442503
2025-04-11T23:10:35Z,27.114505,-165.442507
2025-04-11T23:10:36Z,27.114504,-165.442512
2025-04-11T23:10:37Z,27.114504,-165.442516
2025-04-11T23:10:38Z,27.114503,-165.442521
2025-04-11T23:10:39Z,27.114502,-165.442525
2025-04-11T23:10:40Z,27.114501,-165.442530
2025-04-11T23:10:41Z,27.114500,-165.442534
2025-04-11T23:10:42Z,27.114499,-165.442536
2025-04-11T23:10:43Z,27.114496,-165.442534
2025-04-11T23:10:44Z,27.114494,-165.442532
2025-04-11T23:10:45Z,27.114491,-165.442530
2025-04-11T23:10:46Z,27.114488,-165.442528
2025-04-11T23:10:47Z,27.114486,-165.442526
2025-04-11T23:10:48Z,27.114483,-165.442524
2025-04-11T23:10:49Z,27.114480,-165.442522
2025-04-11T23:10:50Z,27.114481,-165.442519
2025-04-11T23:10:51Z,27.114485,-165.442516
2025-04-11T23:10:52Z,27.114488,-165.442513
2025-04-11T23:10:53Z,27.114492,-165.442510
2025-04-11T23:10:54Z,27.114495,-165.442506
2025-04-11T23:10:55Z,27.114499,-165.442503
2025-04-11T23:10:56Z,27.114503,-165.442500
2025-04-11T23:10:57Z,27.114506,-165.442497
2025-04-11T23:10:58Z,27.114504,-165.442495
2025-04-11T23:10:59Z,27.114501,-165.442495
2025-04-11T23:11:00Z,27.114497,-165.442494
2025-04-11T23:11:01Z,27.114494,-165.442493
2025-04-11T23:11:02Z,27.114491,-165.442492
2025-04-11T23:11:03Z,27.114487,-165.442492
2025-04-11T23:11:04Z,27.114484,-165.442491
2025-04-11T23:11:05Z,27.114481,-165.442490
2025-04-11T23:11:06Z,27.114483,-165.442482
2025-04-11T23:11:07Z,27.114487,-165.442473
2025-04-11T23:11:08Z,27.114491,-165.442463
2025-04-11T23:11:09Z,27.114495,-165.442454
2025-04-11T23:11:10Z,27.114498,-165.442445
2025-04-11T23:11:11Z,27.114502,-165.442435
2025-04-11T23:11:12Z,27.114506,-165.442426
2025-04-11T23:11:13Z,27.114510,-165.442416
2025-04-11T23:11:14Z,27.114506,-165.442429
2025-04-11T23:11:15Z,27.114503,-165.442442
2025-04-11T23:11:16Z,27.114499,-165.442455
2025-04-11T23:11:17Z,27.114495,-165.442468
2025-04-11T23:11:18Z,27.114492,-165.442481
2025-04-11T23:11:19Z,27.114488,-165.442494
2025-04-11T23:11:20Z,27.114484,-165.442508
2025-04-11T23:11:21Z,27.114481,-165.442516
2025-04-11T23:11:22Z,27.114480,-165.442516
2025-04-11T23:11:23Z,27.114478,-165.442517
2025-04-11T23:11:24Z,27.114476,-165.442517
2025-04-11T23:11:25Z,27.114474,-165.442517
2025-04-11T23:11:26Z,27.114472,-165.442517
2025-04-11T23:11:27Z,27.114471,-165.442518
2025-04-11T23:11:28Z,27.114469,-165.442518
2025-04-11T23:11:29Z,27.114470,-165.442520
2025-04-11T23:11:30Z,27.114475,-165.442524
2025-04-11T23:11:31Z,27.114479,-165.442527
2025-04-11T23:11:32Z,27.114483,-165.442531
2025-04-11T23:11:33Z,27.114488,-165.442535
2025-04-11T23:11:34Z,27.114492,-165.442539
2025-04-11T23:11:35Z,27.114496,-165.442542
2025-04-11T23:11:36Z,27.114501,-165.442546
2025-04-11T23:11:37Z,27.114504,-165.442545
2025-04-11T23:11:38Z,27.114507,-165.442540
2025-04-11T23:11:39Z,27.114510,-165.442535
2025-04-11T23:11:40Z,27.114513,-165.442529
2025-04-11T23:11:41Z,27.114516,-165.442524
2025-04-11T23:11:42Z,27.114519,-165.442518
2025-04-11T23:11:43Z,27.114521,-165.442513
2025-04-11T23:11:44Z,27.114524,-165.442508
2025-04-11T23:11:45Z,27.114519,-165.442508
2025-04-11T23:11:46Z,27.114515,-165.442509
2025-04-11T23:11:47Z,27.114511,-165.442509
2025-04-11T23:11:48Z,27.114506,-165.442510
2025-04-11T23:11:49Z,27.114502,-165.442510
2025-04-11T23:11:50Z,27.114497,-165.442510
2025-04-11T23:11:51Z,27.114493,-165.442511
2025-04-11T23:11:52Z,27.114487,-165.442512
2025-04-11T23:11:53Z,27.114476,-165.442516
2025-04-11T23:11:54Z,27.114464,-165.442520
2025-04-11T23:11:55Z,27.114453,-165.442525
2025-04-11T23:11:56Z,27.114441,-165.442529
2025-04-11T23:11:57Z,27.114430,-165.442533
2025-04-11T23:11:58Z,27.114418,-165.442538
2025-04-11T23:11:59Z,27.114407,-165.442542
2025-04-11T23:12:00Z,27.114398,-165.442545
2025-04-11T23:12:01Z,27.114403,-165.442535
2025-04-11T23:12:02Z,27.114408,-165.442525
2025-04-11T23:12:03Z,27.114412,-165.442515
2025-04-11T23:12:04Z,27.114417,-165.442506
2025-04-11T23:12:05Z,27.114422,-165.442496
2025-04-11T23:12:06Z,27.114427,-165.442486
2025-04-11T23:12:07Z,27.114432,-165.442477
2025-04-11T23:12:08Z,27.114439,-165.442467
2025-04-11T23:12:09Z,27.114448,-165.442457
2025-04-11T23:12:10Z,27.114457,-165.442447
2025-04-11T23:12:11Z,27.114466,-165.442437
2025-04-11T23:12:12Z,27.114474,-165.442428
2025-04-11T23:12:13Z,27.114483,-165.442418
2025-04-11T23:12:14Z,27.114492,-165.442408
2025-04-11T23:12:15Z,27.114501,-165.442398
2025-04-11T23:12:16Z,27.114504,-165.442399
2025-04-11T23:12:17Z,27.114505,-165.442403
2025-04-11T23:12:18Z,27.114505,-165.442408
2025-04-11T23:12:19Z,27.114506,-165.442412
2025-04-11T23:12:20Z,27.114507,-165.442416
2025-04-11T23:12:21Z,27.114508,-165.442420
2025-04-11T23:12:22Z,27.114509,-165.442424
2025-04-11T23:12:23Z,27.114510,-165.442428
2025-04-11T23:12:24Z,27.114511,-165.442435
2025-04-11T23:12:25Z,27.114512,-165.442444
2025-04-11T23:12:26Z,27.114513,-165.442452
2025-04-11T23:12:27Z,27.114514,-165.442460
2025-04-11T23:12:28Z,27.114515,-165.442468
2025-04-11T23:12:29Z,27.114516,-165.442476
2025-04-11T23:12:30Z,27.114517,-165.442485
2025-04-11T23:12:31Z,27.114517,-165.442491
2025-04-11T23:12:32Z,27.114510,-165.442474
2025-04-11T23:12:33Z,27.114503,-165.442458
2025-04-11T23:12:34Z,27.114496,-165.442442
2025-04-11T23:12:35Z,27.114488,-165.442426
2025-04-11T23:12:36Z,27.114481,-165.442410
2025-04-11T23:12:37Z,27.114474,-165.442394
2025-04-11T23:12:38Z,27.114467,-165.442378
2025-04-11T23:12:39Z,27.114461,-165.442363
2025-04-11T23:12:40Z,27.114467,-165.442367
2025-04-11T23:12:41Z,27.114473,-165.442371
2025-04-11T23:12:42Z,27.114478,-165.442374
2025-04-11T23:12:43Z,27.114484,-165.442378
2025-04-11T23:12:44Z,27.114490,-165.442382
2025-04-11T23:12:45Z,27.114496,-165.442385
2025-04-11T23:12:46Z,27.114502,-165.442389
2025-04-11T23:12:47Z,27.114507,-165.442395
2025-04-11T23:12:48Z,27.114510,-165.442407
2025-04-11T23:12:49Z,27.114514,-165.442418
2025-04-11T23:12:50Z,27.114517,-165.442430
2025-04-11T23:12:51Z,27.114520,-165.442441
2025-04-11T23:12:52Z,27.114523,-165.442453
2025-04-11T23:12:53Z,27.114526,-165.442464
2025-04-11T23:12:54Z,27.114530,-165.442476
2025-04-11T23:12:55Z,27.114536,-165.442482
2025-04-11T23:12:56Z,27.114544,-165.442484
2025-04-11T23:12:57Z,27.114552,-165.442487
2025-04-11T23:12:58Z,27.114560,-165.442489
2025-04-11T23:12:59Z,27.114568,-165.442491
2025-04-11T23:13:00Z,27.114576,-165.442493
2025-04-11T23:13:01Z,27.114584,-165.442495
2025-04-11T23:13:02Z,27.114592,-165.442498
2025-04-11T23:13:03Z,27.114590,-165.442494
2025-04-11T23:13:04Z,27.114585,-165.442490
2025-04-11T23:13:05Z,27.114580,-165.442486
2025-04-11T23:13:06Z,27.114575,-165.442481
2025-04-11T23:13:07Z,27.114570,-165.442477
2025-04-11T23:13:08Z,27.114565,-165.442472
2025-04-11T23:13:09Z,27.114560,-165.442468
2025-04-11T23:13:10Z,27.114555,-165.442464
2025-04-11T23:13:11Z,27.114552,-165.442464
2025-04-11T23:13:12Z,27.114549,-165.442465
2025-04-11T23:13:13Z,27.114545,-165.442465
2025-04-11T23:13:14Z,27.114542,-165.442466
2025-04-11T23:13:15Z,27.114538,-165.442466
2025-04-11T23:13:16Z,27.114535,-165.442466
2025-04-11T23:13:17Z,27.114532,-165.442467
2025-04-11T23:13:18Z,27.114528,-165.442467
2025-04-11T23:13:19Z,27.114526,-165.442468
2025-04-11T23:13:20Z,27.114524,-165.442469
2025-04-11T23:13:21Z,27.114521,-165.442470
2025-04-11T23:13:22Z,27.114519,-165.442471
2025-04-11T23:13:23Z,27.114516,-165.442472
2025-04-11T23:13:24Z,27.114514,-165.442473
2025-04-11T23:13:25Z,27.114511,-165.442474
2025-04-11T23:13:26Z,27.114507,-165.442468
2025-04-11T23:13:27Z,27.114500,-165.442456
2025-04-11T23:13:28Z,27.114493,-165.442444
2025-04-11T23:13:29Z,27.114486,-165.442431
2025-04-11T23:13:30Z,27.114479,-165.442419
2025-04-11T23:13:31Z,27.114472,-165.442407
2025-04-11T23:13:32Z,27.114465,-165.442394
2025-04-11T23:13:33Z,27.114458,-165.442382
2025-04-11T23:13:34Z,27.114451,-165.442370
2025-04-11T23:13:35Z,27.114444,-165.442357
2025-04-11T23:13:36Z,27.114449,-165.442353
2025-04-11T23:13:37Z,27.114456,-165.442349
2025-04-11T23:13:38Z,27.114463,-165.442345
2025-04-11T23:13:39Z,27.114470,-165.442341
2025-04-11T23:13:40Z,27.114478,-165.442337
2025-04-11T23:13:41Z,27.114485,-165.442333
2025-04-11T23:13:42Z,27.114483,-165.442331
2025-04-11T23:13:43Z,27.114480,-165.442330
2025-04-11T23:13:44Z,27.114477,-165.442328
2025-04-11T23:13:45Z,27.114474,-165.442327
2025-04-11T23:13:46Z,27.114471,-165.442326
2025-04-11T23:13:47Z,27.114468,-165.442324
2025-04-11T23:13:48Z,27.114465,-165.442323
2025-04-11T23:13:49Z,27.114462,-165.442322
2025-04-11T23:13:50Z,27.114463,-165.442329
2025-04-11T23:13:51Z,27.114465,-165.442336
2025-04-11T23:13:52Z,27.114466,-165.442342
2025-04-11T23:13:53Z,27.114467,-165.442349
2025-04-11T23:13:54Z,27.114468,-165.442356
2025-04-11T23:13:55Z,27.114470,-165.442362
2025-04-11T23:13:56Z,27.114471,-165.442369
2025-04-11T23:13:57Z,27.114472,-165.442375
2025-04-11T23:13:58Z,27.114471,-165.442374
2025-04-11T23:13:59Z,27.114470,-165.442374
2025-04-11T23:14:00Z,27.114469,-165.442373
2025-04-11T23:14:01Z,27.114468,-165.442372
2025-04-11T23:14:02Z,27.114467,-165.442372
2025-04-11T23:14:03Z,27.114466,-165.442371
2025-04-11T23:14:04Z,27.114466,-165.442370
2025-04-11T23:14:05Z,27.114467,-165.442372
2025-04-11T23:14:06Z,27.114472,-165.442378
2025-04-11T23:14:07Z,27.114477,-165.442383
2025-04-11T23:14:08Z,27.114482,-165.442389
2025-04-11T23:14:09Z,27.114487,-165.442394
2025-04-11T23:14:10Z,27.114492,-165.442400
2025-04-11T23:14:11Z,27.114497,-165.442405
2025-04-11T23:14:12Z,27.114502,-165.442411
2025-04-11T23:14:13Z,27.114501,-165.442413
2025-04-11T23:14:14Z,27.114498,-165.442415
2025-04-11T23:14:15Z,27.114495,-165.442417
2025-04-11T23:14:16Z,27.114492,-165.442419
2025-04-11T23:14:17Z,27.114489,-165.442421
2025-04-11T23:14:18Z,27.114486,-165.442423
2025-04-11T23:14:19Z,27.114483,-165.442425
2025-04-11T23:14:20Z,27.114481,-165.442427
2025-04-11T23:14:21Z,27.114481,-165.442426
2025-04-11T23:14:22Z,27.114482,-165.442425
2025-04-11T23:14:23Z,27.114484,-165.442424
2025-04-11T23:14:24Z,27.114485,-165.442423
2025-04-11T23:14:25Z,27.114486,-165.442421
2025-04-11T23:14:26Z,27.114488,-165.442420
2025-04-11T23:14:27Z,27.114489,-165.442419
2025-04-11T23:14:28Z,27.114489,-165.442416
2025-04-11T23:14:29Z,27.114484,-165.442404
2025-04-11T23:14:30Z,27.114479,-165.442392
2025-04-11T23:14:31Z,27.114473,-165.442380
2025-04-11T23:14:32Z,27.114468,-165.442368
2025-04-11T23:14:33Z,27.114463,-165.442356
2025-04-11T23:14:34Z,27.114457,-165.442344
2025-04-11T23:14:35Z,27.114452,-165.442332
2025-04-11T23:14:36Z,27.114452,-165.442325
2025-04-11T23:14:37Z,27.114458,-165.442327
2025-04-11T23:14:38Z,27.114465,-165.442328
2025-04-11T23:14:39Z,27.114471,-165.442329
2025-04-11T23:14:40Z,27.114478,-165.442330
2025-04-11T23:14:41Z,27.114484,-165.442331
2025-04-11T23:14:42Z,27.114491,-165.442332
2025-04-11T23:14:43Z,27.114497,-165.442333
2025-04-11T23:14:44Z,27.114502,-165.442335
2025-04-11T23:14:45Z,27.114505,-165.442338
2025-04-11T23:14:46Z,27.114508,-165.442341
2025-04-11T23:14:47Z,27.114511,-165.442345
2025-04-11T23:14:48Z,27.114514,-165.442348
2025-04-11T23:14:49Z,27.114517,-165.442351
2025-04-11T23:14:50Z,27.114520,-165.442354
2025-04-11T23:14:51Z,27.114523,-165.442357
2025-04-11T23:14:52Z,27.114524,-165.442358
2025-04-11T23:14:53Z,27.114524,-165.442358
2025-04-11T23:14:54Z,27.114524,-165.442358
2025-04-11T23:14:55Z,27.114524,-165.442358
2025-04-11T23:14:56Z,27.114524,-165.442357
2025-04-11T23:14:57Z,27.114524,-165.442357
2025-04-11T23:14:58Z,27.114524,-165.442357
2025-04-11T23:14:59Z,27.114524,-165.442357
2025-04-11T23:15:00Z,27.114522,-165.442362
2025-04-11T23:15:01Z,27.114520,-165.442368
2025-04-11T23:15:02Z,27.114518,-165.442375
2025-04-11T23:15:03Z,27.114516,-165.442382
2025-04-11T23:15:04Z,27.114514,-165.442388
2025-04-11T23:15:05Z,27.114511,-165.442395
2025-04-11T23:15:06Z,27.114509,-165.442401
2025-04-11T23:15:07Z,27.114507,-165.442408
2025-04-11T23:15:08Z,27.114507,-165.442401
2025-04-11T23:15:09Z,27.114507,-165.442393
2025-04-11T23:15:10Z,27.114507,-165.442386
2025-04-11T23:15:11Z,27.114507,-165.442379
2025-04-11T23:15:12Z,27.114507,-165.442371
2025-04-11T23:15:13Z,27.114507,-165.442364
2025-04-11T23:15:14Z,27.114507,-165.442357
2025-04-11T23:15:15Z,27.114506,-165.442353
2025-04-11T23:15:16Z,27.114504,-165.442354
2025-04-11T23:15:17Z,27.114503,-165.442356
2025-04-11T23:15:18Z,27.114501,-165.442358
2025-04-11T23:15:19Z,27.114499,-165.442360
2025-04-11T23:15:20Z,27.114497,-165.442361
2025-04-11T23:15:21Z,27.114495,-165.442363
2025-04-11T23:15:22Z,27.114493,-165.442365
2025-04-11T23:15:23Z,27.114493,-165.442366
2025-04-11T23:15:24Z,27.114494,-165.442367
2025-04-11T23:15:25Z,27.114496,-165.442368
2025-04-11T23:15:26Z,27.114497,-165.442369
2025-04-11T23:15:27Z,27.114499,-165.442370
2025-04-11T23:15:28Z,27.114500,-165.442371
2025-04-11T23:15:29Z,27.114502,-165.442372
2025-04-11T23:15:30Z,27.114503,-165.442373
2025-04-11T23:15:31Z,27.114501,-165.442374
2025-04-11T23:15:32Z,27.114497,-165.442376
2025-04-11T23:15:33Z,27.114493,-165.442377
2025-04-11T23:15:34Z,27.114490,-165.442379
2025-04-11T23:15:35Z,27.114486,-165.442380
2025-04-11T23:15:36Z,27.114482,-165.442382
2025-04-11T23:15:37Z,27.114478,-165.442383
2025-04-11T23:15:38Z,27.114474,-165.442385
2025-04-11T23:15:39Z,27.114466,-165.442375
2025-04-11T23:15:40Z,27.114457,-165.442363
2025-04-11T23:15:41Z,27.114448,-165.442351
2025-04-11T23:15:42Z,27.114440,-165.442339
2025-04-11T23:15:43Z,27.114431,-165.442327
2025-04-11T23:15:44Z,27.114422,-165.442315
2025-04-11T23:15:45Z,27.114413,-165.442302
2025-04-11T23:15:46Z,27.114405,-165.442291
2025-04-11T23:15:47Z,27.114402,-165.442299
2025-04-11T23:15:48Z,27.114400,-165.442307
2025-04-11T23:15:49Z,27.114397,-165.442314
2025-04-11T23:15:50Z,27.114395,-165.442322
2025-04-11T23:15:51Z,27.114392,-165.442330
2025-04-11T23:15:52Z,27.114390,-165.442337
2025-04-11T23:15:53Z,27.114387,-165.442345
2025-04-11T23:15:54Z,27.114385,-165.442351
2025-04-11T23:15:55Z,27.114383,-165.442348
2025-04-11T23:15:56Z,27.114381,-165.442345
2025-04-11T23:15:57Z,27.114379,-165.442342
2025-04-11T23:15:58Z,27.114377,-165.442340
2025-04-11T23:15:59Z,27.114375,-165.442337
2025-04-11T23:16:00Z,27.114373,-165.442334
2025-04-11T23:16:01Z,27.114371,-165.442331
2025-04-11T23:16:02Z,27.114369,-165.442330
2025-04-11T23:16:03Z,27.114373,-165.442341
2025-04-11T23:16:04Z,27.114377,-165.442352
2025-04-11T23:16:05Z,27.114381,-165.442363
2025-04-11T23:16:06Z,27.114385,-165.442374
2025-04-11T23:16:07Z,27.114389,-165.442385
2025-04-11T23:16:08Z,27.114393,-165.442396
2025-04-11T23:16:09Z,27.114397,-165.442407
2025-04-11T23:16:10Z,27.114397,-165.442403
2025-04-11T23:16:11Z,27.114396,-165.442390
2025-04-11T23:16:12Z,27.114395,-165.442376
2025-04-11T23:16:13Z,27.114394,-165.442363
2025-04-11T23:16:14Z,27.114393,-165.442350
2025-04-11T23:16:15Z,27.114391,-165.442337
2025-04-11T23:16:16Z,27.114390,-165.442324
2025-04-11T23:16:17Z,27.114389,-165.442311
2025-04-11T23:16:18Z,27.114397,-165.442318
2025-04-11T23:16:19Z,27.114405,-165.442327
2025-04-11T23:16:20Z,27.114413,-165.442336
2025-04-11T23:16:21Z,27.114421,-165.442345
2025-04-11T23:16:22Z,27.114429,-165.442354
2025-04-11T23:16:23Z,27.114437,-165.442363
2025-04-11T23:16:24Z,27.114445,-165.442372
2025-04-11T23:16:25Z,27.114453,-165.442381
2025-04-11T23:16:26Z,27.114460,-165.442380
2025-04-11T23:16:27Z,27.114468,-165.442379
2025-04-11T23:16:28Z,27.114475,-165.442377
2025-04-11T23:16:29Z,27.114483,-165.442376
2025-04-11T23:16:30Z,27.114490,-165.442375
2025-04-11T23:16:31Z,27.114498,-165.442374
2025-04-11T23:16:32Z,27.114505,-165.442373
2025-04-11T23:16:33Z,27.114510,-165.442373
2025-04-11T23:16:34Z,27.114509,-165.442376
2025-04-11T23:16:35Z,27.114508,-165.442379
2025-04-11T23:16:36Z,27.114507,-165.442382
2025-04-11T23:16:37Z,27.114506,-165.442385
2025-04-11T23:16:38Z,27.114505,-165.442388
2025-04-11T23:16:39Z,27.114504,-165.442391
2025-04-11T23:16:40Z,27.114503,-165.442394
2025-04-11T23:16:41Z,27.114501,-165.442390
2025-04-11T23:16:42Z,27.114498,-165.442380
2025-04-11T23:16:43Z,27.114495,-165.442370
2025-04-11T23:16:44Z,27.114492,-165.442360
2025-04-11T23:16:45Z,27.114489,-165.442351
2025-04-11T23:16:46Z,27.114486,-165.442341
2025-04-11T23:16:47Z,27.114482,-165.442331
2025-04-11T23:16:48Z,27.114479,-165.442321
2025-04-11T23:16:49Z,27.114477,-165.442314
2025-04-11T23:16:50Z,27.114476,-165.442310
2025-04-11T23:16:51Z,27.114474,-165.442305
2025-04-11T23:16:52Z,27.114473,-165.442300
2025-04-11T23:16:53Z,27.114471,-165.442296
2025-04-11T23:16:54Z,27.114470,-165.442291
2025-04-11T23:16:55Z,27.114469,-165.442286
2025-04-11T23:16:56Z,27.114467,-165.442281
2025-04-11T23:16:57Z,27.114463,-165.442277
2025-04-11T23:16:58Z,27.114459,-165.442272
2025-04-11T23:16:59Z,27.114455,-165.442267
2025-04-11T23:17:00Z,27.114451,-165.442262
2025-04-11T23:17:01Z,27.114447,-165.442258
2025-04-11T23:17:02Z,27.114443,-165.442253
2025-04-11T23:17:03Z,27.114439,-165.442248
2025-04-11T23:17:04Z,27.114436,-165.442244
2025-04-11T23:17:05Z,27.114433,-165.442243
2025-04-11T23:17:06Z,27.114431,-165.442242
2025-04-11T23:17:07Z,27.114429,-165.442242
2025-04-11T23:17:08Z,27.114427,-165.442241
2025-04-11T23:17:09Z,27.114424,-165.442240
2025-04-11T23:17:10Z,27.114422,-165.442239
2025-04-11T23:17:11Z,27.114420,-165.442239
2025-04-11T23:17:12Z,27.114419,-165.442240
2025-04-11T23:17:13Z,27.114424,-165.442248
2025-04-11T23:17:14Z,27.114429,-165.442256
2025-04-11T23:17:15Z,27.114434,-165.442264
2025-04-11T23:17:16Z,27.114439,-165.442272
2025-04-11T23:17:17Z,27.114444,-165.442280
2025-04-11T23:17:18Z,27.114449,-165.442288
2025-04-11T23:17:19Z,27.114454,-165.442297
2025-04-11T23:17:20Z,27.114459,-165.442305
2025-04-11T23:17:21Z,27.114464,-165.442313
2025-04-11T23:17:22Z,27.114469,-165.442321
2025-04-11T23:17:23Z,27.114474,-165.442329
2025-04-11T23:17:24Z,27.114479,-165.442337
2025-04-11T23:17:25Z,27.114484,-165.442345
2025-04-11T23:17:26Z,27.114489,-165.442353
2025-04-11T23:17:27Z,27.114494,-165.442361
2025-04-11T23:17:28Z,27.114499,-165.442369
2025-04-11T23:17:29Z,27.114503,-165.442377
2025-04-11T23:17:30Z,27.114508,-165.442386
2025-04-11T23:17:31Z,27.114513,-165.442394
2025-04-11T23:17:32Z,27.114518,-165.442402
2025-04-11T23:17:33Z,27.114523,-165.442410
2025-04-11T23:17:34Z,27.114525,-165.442410
2025-04-11T23:17:35Z,27.114526,-165.442408
2025-04-11T23:17:36Z,27.114528,-165.442406
2025-04-11T23:17:37Z,27.114529,-165.442404
2025-04-11T23:17:38Z,27.114530,-165.442403
2025-04-11T23:17:39Z,27.114531,-165.442401
2025-04-11T23:17:40Z,27.114532,-165.442399
2025-04-11T23:17:41Z,27.114534,-165.442398
2025-04-11T23:17:42Z,27.114533,-165.442400
2025-04-11T23:17:43Z,27.114530,-165.442404
2025-04-11T23:17:44Z,27.114528,-165.442408
2025-04-11T23:17:45Z,27.114526,-165.442412
2025-04-11T23:17:46Z,27.114524,-165.442416
2025-04-11T23:17:47Z,27.114522,-165.442420
2025-04-11T23:17:48Z,27.114520,-165.442424
2025-04-11T23:17:49Z,27.114517,-165.442428
2025-04-11T23:17:50Z,27.114511,-165.442430
2025-04-11T23:17:51Z,27.114506,-165.442432
2025-04-11T23:17:52Z,27.114501,-165.442434
2025-04-11T23:17:53Z,27.114496,-165.442436
2025-04-11T23:17:54Z,27.114491,-165.442439
2025-04-11T23:17:55Z,27.114486,-165.442441
2025-04-11T23:17:56Z,27.114480,-165.442443
2025-04-11T23:17:57Z,27.114476,-165.442441
2025-04-11T23:17:58Z,27.114471,-165.442436
2025-04-11T23:17:59Z,27.114466,-165.442432
2025-04-11T23:18:00Z,27.114461,-165.442427
2025-04-11T23:18:01Z,27.114457,-165.442422
2025-04-11T23:18:02Z,27.114452,-165.442417
2025-04-11T23:18:03Z,27.114447,-165.442412
2025-04-11T23:18:04Z,27.114443,-165.442407
2025-04-11T23:18:05Z,27.114441,-165.442396
2025-04-11T23:18:06Z,27.114440,-165.442382
2025-04-11T23:18:07Z,27.114439,-165.442369
2025-04-11T23:18:08Z,27.114438,-165.442355
2025-04-11T23:18:09Z,27.114437,-165.442341
2025-04-11T23:18:10Z,27.114437,-165.442327
2025-04-11T23:18:11Z,27.114436,-165.442313
2025-04-11T23:18:12Z,27.114435,-165.442299
2025-04-11T23:18:13Z,27.114437,-165.442304
2025-04-11T23:18:14Z,27.114438,-165.442310
2025-04-11T23:18:15Z,27.114440,-165.442317
2025-04-11T23:18:16Z,27.114441,-165.442323
2025-04-11T23:18:17Z,27.114443,-165.442330
2025-04-11T23:18:18Z,27.114445,-165.442336
2025-04-11T23:18:19Z,27.114446,-165.442343
2025-04-11T23:18:20Z,27.114448,-165.442349
2025-04-11T23:18:21Z,27.114451,-165.442346
2025-04-11T23:18:22Z,27.114453,-165.442343
2025-04-11T23:18:23Z,27.114455,-165.442339
2025-04-11T23:18:24Z,27.114458,-165.442336
2025-04-11T23:18:25Z,27.114460,-165.442333
2025-04-11T23:18:26Z,27.114463,-165.442330
2025-04-11T23:18:27Z,27.114465,-165.442327
2025-04-11T23:18:28Z,27.114467,-165.442324
2025-04-11T23:18:29Z,27.114466,-165.442324
2025-04-11T23:18:30Z,27.114466,-165.442324
2025-04-11T23:18:31Z,27.114465,-165.442324
2025-04-11T23:18:32Z,27.114465,-165.442325
2025-04-11T23:18:33Z,27.114464,-165.442325
2025-04-11T23:18:34Z,27.114464,-165.442325
2025-04-11T23:18:35Z,27.114463,-165.442325
2025-04-11T23:18:36Z,27.114462,-165.442329
2025-04-11T23:18:37Z,27.114461,-165.442337
2025-04-11T23:18:38Z,27.114459,-165.442345
2025-04-11T23:18:39Z,27.114457,-165.442353
2025-04-11T23:18:40Z,27.114456,-165.442361
2025-04-11T23:18:41Z,27.114454,-165.442369
2025-04-11T23:18:42Z,27.114452,-165.442377
2025-04-11T23:18:43Z,27.114451,-165.442385
2025-04-11T23:18:44Z,27.114449,-165.442386
2025-04-11T23:18:45Z,27.114448,-165.442383
2025-04-11T23:18:46Z,27.114446,-165.442380
2025-04-11T23:18:47Z,27.114445,-165.442376
2025-04-11T23:18:48Z,27.114443,-165.442373
2025-04-11T23:18:49Z,27.114442,-165.442370
2025-04-11T23:18:50Z,27.114441,-165.442367
2025-04-11T23:18:51Z,27.114439,-165.442363
2025-04-11T23:18:52Z,27.114439,-165.442356
2025-04-11T23:18:53Z,27.114439,-165.442348
2025-04-11T23:18:54Z,27.114440,-165.442340
2025-04-11T23:18:55Z,27.114440,-165.442332
2025-04-11T23:18:56Z,27.114440,-165.442324
2025-04-11T23:18:57Z,27.114441,-165.442316
2025-04-11T23:18:58Z,27.114441,-165.442308
2025-04-11T23:18:59Z,27.114442,-165.442302
2025-04-11T23:19:00Z,27.114448,-165.442310
2025-04-11T23:19:01Z,27.114454,-165.442317
2025-04-11T23:19:02Z,27.114460,-165.442325
2025-04-11T23:19:03Z,27.114466,-165.442333
2025-04-11T23:19:04Z,27.114472,-165.442341
2025-04-11T23:19:05Z,27.114479,-165.442349
2025-04-11T23:19:06Z,27.114485,-165.442356
2025-04-11T23:19:07Z,27.114489,-165.442363
2025-04-11T23:19:08Z,27.114481,-165.442360
2025-04-11T23:19:09Z,27.114473,-165.442358
2025-04-11T23:19:10Z,27.114466,-165.442356
2025-04-11T23:19:11Z,27.114458,-165.442353
2025-04-11T23:19:12Z,27.114450,-165.442351
2025-04-11T23:19:13Z,27.114442,-165.442348
2025-04-11T23:19:14Z,27.114435,-165.442346
2025-04-11T23:19:15Z,27.114429,-165.442344
2025-04-11T23:19:16Z,27.114426,-165.442342
2025-04-11T23:19:17Z,27.114422,-165.442340
2025-04-11T23:19:18Z,27.114419,-165.442338
2025-04-11T23:19:19Z,27.114416,-165.442336
2025-04-11T23:19:20Z,27.114412,-165.442335
2025-04-11T23:19:21Z,27.114409,-165.442333
2025-04-11T23:19:22Z,27.114405,-165.442331
2025-04-11T23:19:23Z,27.114403,-165.442324
2025-04-11T23:19:24Z,27.114401,-165.442315
2025-04-11T23:19:25Z,27.114399,-165.442305
2025-04-11T23:19:26Z,27.114397,-165.442295
2025-04-11T23:19:27Z,27.114396,-165.442285
2025-04-11T23:19:28Z,27.114394,-165.442275
2025-04-11T23:19:29Z,27.114392,-165.442265
2025-04-11T23:19:30Z,27.114390,-165.442255
2025-04-11T23:19:31Z,27.114395,-165.442254
2025-04-11T23:19:32Z,27.114400,-165.442254
2025-04-11T23:19:33Z,27.114406,-165.442254
2025-04-11T23:19:34Z,27.114411,-165.442253
2025-04-11T23:19:35Z,27.114416,-165.442253
2025-04-11T23:19:36Z,27.114422,-165.442253
2025-04-11T23:19:37Z,27.114427,-165.442253
2025-04-11T23:19:38Z,27.114432,-165.442254
2025-04-11T23:19:39Z,27.114431,-165.442263
2025-04-11T23:19:40Z,27.114431,-165.442272
2025-04-11T23:19:41Z,27.114430,-165.442282
2025-04-11T23:19:42Z,27.114430,-165.442291
2025-04-11T23:19:43Z,27.114429,-165.442300
2025-04-11T23:19:44Z,27.114429,-165.442310
2025-04-11T23:19:45Z,27.114428,-165.442319
2025-04-11T23:19:46Z,27.114429,-165.442327
2025-04-11T23:19:47Z,27.114434,-165.442333
2025-04-11T23:19:48Z,27.114438,-165.442339
2025-04-11T23:19:49Z,27.114443,-165.442345
2025-04-11T23:19:50Z,27.114448,-165.442351
2025-04-11T23:19:51Z,27.114452,-165.442356
2025-04-11T23:19:52Z,27.114457,-165.442362
2025-04-11T23:19:53Z,27.114462,-165.442368
2025-04-11T23:19:54Z,27.114466,-165.442371
2025-04-11T23:19:55Z,27.114471,-165.442372
2025-04-11T23:19:56Z,27.114475,-165.442373
2025-04-11T23:19:57Z,27.114480,-165.442373
2025-04-11T23:19:58Z,27.114485,-165.442374
2025-04-11T23:19:59Z,27.114489,-165.442375
2025-04-11T23:20:00Z,27.114494,-165.442375
2025-04-11T23:20:01Z,27.114498,-165.442376
2025-04-11T23:20:02Z,27.114502,-165.442372
2025-04-11T23:20:03Z,27.114504,-165.442366
2025-04-11T23:20:04Z,27.114506,-165.442360
2025-04-11T23:20:05Z,27.114508,-165.442354
2025-04-11T23:20:06Z,27.114511,-165.442348
2025-04-11T23:20:07Z,27.114513,-165.442342
2025-04-11T23:20:08Z,27.114515,-165.442336
2025-04-11T23:20:09Z,27.114518,-165.442330
2025-04-11T23:20:10Z,27.114513,-165.442331
2025-04-11T23:20:11Z,27.114507,-165.442334
2025-04-11T23:20:12Z,27.114502,-165.442337
2025-04-11T23:20:13Z,27.114496,-165.442339
2025-04-11T23:20:14Z,27.114490,-165.442342
2025-04-11T23:20:15Z,27.114485,-165.442345
2025-04-11T23:20:16Z,27.114479,-165.442348
2025-04-11T23:20:17Z,27.114474,-165.442350
2025-04-11T23:20:18Z,27.114472,-165.442351
2025-04-11T23:20:19Z,27.114470,-165.442352
2025-04-11T23:20:20Z,27.114468,-165.442352
2025-04-11T23:20:21Z,27.114466,-165.442353
2025-04-11T23:20:22Z,27.114464,-165.442354
2025-04-11T23:20:23Z,27.114462,-165.442355
2025-04-11T23:20:24Z,27.114460,-165.442355
2025-04-11T23:20:25Z,27.114457,-165.442357
2025-04-11T23:20:26Z,27.114455,-165.442359
2025-04-11T23:20:27Z,27.114452,-165.442362
2025-04-11T23:20:28Z,27.114450,-165.442365
2025-04-11T23:20:29Z,27.114447,-165.442367
2025-04-11T23:20:30Z,27.114445,-165.442370
2025-04-11T23:20:31Z,27.114442,-165.442373
2025-04-11T23:20:32Z,27.114439,-165.442376
2025-04-11T23:20:33Z,27.114440,-165.442375
2025-04-11T23:20:34Z,27.114446,-165.442372
2025-04-11T23:20:35Z,27.114451,-165.442368
2025-04-11T23:20:36Z,27.114456,-165.442364
2025-04-11T23:20:37Z,27.114461,-165.442361
2025-04-11T23:20:38Z,27.114466,-165.442357
2025-04-11T23:20:39Z,27.114471,-165.442353
2025-04-11T23:20:40Z,27.114476,-165.442349
2025-04-11T23:20:41Z,27.114481,-165.442349
2025-04-11T23:20:42Z,27.114485,-165.442350
2025-04-11T23:20:43Z,27.114490,-165.442351
2025-04-11T23:20:44Z,27.114494,-165.442353
2025-04-11T23:20:45Z,27.114499,-165.442354
2025-04-11T23:20:46Z,27.114504,-165.442355
2025-04-11T23:20:47Z,27.114508,-165.442356
2025-04-11T23:20:48Z,27.114513,-165.442358
2025-04-11T23:20:49Z,27.114514,-165.442353
2025-04-11T23:20:50Z,27.114515,-165.442345
2025-04-11T23:20:51Z,27.114515,-165.442338
2025-04-11T23:20:52Z,27.114516,-165.442331
2025-04-11T23:20:53Z,27.114516,-165.442324
2025-04-11T23:20:54Z,27.114517,-165.442316
2025-04-11T23:20:55Z,27.114518,-165.442309
2025-04-11T23:20:56Z,27.114518,-165.442303
2025-04-11T23:20:57Z,27.114519,-165.442302
2025-04-11T23:20:58Z,27.114521,-165.442301
2025-04-11T23:20:59Z,27.114522,-165.442300
2025-04-11T23:21:00Z,27.114523,-165.442299
2025-04-11T23:21:01Z,27.114524,-165.442298
2025-04-11T23:21:02Z,27.114526,-165.442298
2025-04-11T23:21:03Z,27.114527,-165.442297
2025-04-11T23:21:04Z,27.114529,-165.442298
2025-04-11T23:21:05Z,27.114532,-165.442309
2025-04-11T23:21:06Z,27.114536,-165.442321
2025-04-11T23:21:07Z,27.114539,-165.442333
2025-04-11T23:21:08Z,27.114543,-165.442344
2025-04-11T23:21:09Z,27.114547,-165.442356
2025-04-11T23:21:10Z,27.114550,-165.442367
2025-04-11T23:21:11Z,27.114554,-165.442379
2025-04-11T23:21:12Z,27.114554,-165.442383
2025-04-11T23:21:13Z,27.114551,-165.442378
2025-04-11T23:21:14Z,27.114548,-165.442373
2025-04-11T23:21:15Z,27.114545,-165.442368
2025-04-11T23:21:16Z,27.114542,-165.442363
2025-04-11T23:21:17Z,27.114538,-165.442358
2025-04-11T23:21:18Z,27.114535,-165.442353
2025-04-11T23:21:19Z,27.114532,-165.442348
2025-04-11T23:21:20Z,27.114533,-165.442347
2025-04-11T23:21:21Z,27.114535,-165.442347
2025-04-11T23:21:22Z,27.114538,-165.442347
2025-04-11T23:21:23Z,27.114540,-165.442347
2025-04-11T23:21:24Z,27.114543,-165.442348
2025-04-11T23:21:25Z,27.114545,-165.442348
2025-04-11T23:21:26Z,27.114547,-165.442348
2025-04-11T23:21:27Z,27.114550,-165.442348
2025-04-11T23:21:28Z,27.114554,-165.442345
2025-04-11T23:21:29Z,27.114559,-165.442343
2025-04-11T23:21:30Z,27.114563,-165.442340
2025-04-11T23:21:31Z,27.114568,-165.442337
2025-04-11T23:21:32Z,27.114573,-165.442334
2025-04-11T23:21:33Z,27.114577,-165.442331
2025-04-11T23:21:34Z,27.114582,-165.442329
2025-04-11T23:21:35Z,27.114586,-165.442326
2025-04-11T23:21:36Z,27.114584,-165.442319
2025-04-11T23:21:37Z,27.114582,-165.442313
2025-04-11T23:21:38Z,27.114580,-165.442307
2025-04-11T23:21:39Z,27.114578,-165.442300
2025-04-11T23:21:40Z,27.114576,-165.442294
2025-04-11T23:21:41Z,27.114573,-165.442288
2025-04-11T23:21:42Z,27.114571,-165.442281
2025-04-11T23:21:43Z,27.114571,-165.442279
2025-04-11T23:21:44Z,27.114573,-165.442286
2025-04-11T23:21:45Z,27.114575,-165.442293
2025-04-11T23:21:46Z,27.114578,-165.442300
2025-04-11T23:21:47Z,27.114580,-165.442307
2025-04-11T23:21:48Z,27.114582,-165.442313
2025-04-11T23:21:49Z,27.114584,-165.442320
2025-04-11T23:21:50Z,27.114587,-165.442327
2025-04-11T23:21:51Z,27.114587,-165.442331
2025-04-11T23:21:52Z,27.114583,-165.442333
2025-04-11T23:21:53Z,27.114580,-165.442334
2025-04-11T23:21:54Z,27.114577,-165.442335
2025-04-11T23:21:55Z,27.114574,-165.442336
2025-04-11T23:21:56Z,27.114571,-165.442337
2025-04-11T23:21:57Z,27.114567,-165.442338
2025-04-11T23:21:58Z,27.114564,-165.442340
2025-04-11T23:21:59Z,27.114567,-165.442338
2025-04-11T23:22:00Z,27.114572,-165.442334
2025-04-11T23:22:01Z,27.114578,-165.442331
2025-04-11T23:22:02Z,27.114584,-165.442327
2025-04-11T23:22:03Z,27.114590,-165.442323
2025-04-11T23:22:04Z,27.114595,-165.442320
2025-04-11T23:22:05Z,27.114601,-165.442316
2025-04-11T23:22:06Z,27.114607,-165.442313
2025-04-11T23:22:07Z,27.114600,-165.442302
2025-04-11T23:22:08Z,27.114590,-165.442289
2025-04-11T23:22:09Z,27.114581,-165.442276
2025-04-11T23:22:10Z,27.114571,-165.442263
2025-04-11T23:22:11Z,27.114561,-165.442250
2025-04-11T23:22:12Z,27.114551,-165.442237
2025-04-11T23:22:13Z,27.114542,-165.442224
2025-04-11T23:22:14Z,27.114532,-165.442213
2025-04-11T23:22:15Z,27.114528,-165.442216
2025-04-11T23:22:16Z,27.114524,-165.442219
2025-04-11T23:22:17Z,27.114520,-165.442222
2025-04-11T23:22:18Z,27.114516,-165.442225
2025-04-11T23:22:19Z,27.114511,-165.442228
2025-04-11T23:22:20Z,27.114507,-165.442231
2025-04-11T23:22:21Z,27.114503,-165.442234
2025-04-11T23:22:22Z,27.114499,-165.442236
2025-04-11T23:22:23Z,27.114495,-165.442236
2025-04-11T23:22:24Z,27.114492,-165.442236
2025-04-11T23:22:25Z,27.114488,-165.442236
2025-04-11T23:22:26Z,27.114485,-165.442237
2025-04-11T23:22:27Z,27.114481,-165.442237
2025-04-11T23:22:28Z,27.114477,-165.442237
2025-04-11T23:22:29Z,27.114474,-165.442237
2025-04-11T23:22:30Z,27.114476,-165.442240
2025-04-11T23:22:31Z,27.114486,-165.442246
2025-04-11T23:22:32Z,27.114495,-165.442252
2025-04-11T23:22:33Z,27.114505,-165.442258
2025-04-11T23:22:34Z,27.114514,-165.442264
2025-04-11T23:22:35Z,27.114524,-165.442270
2025-04-11T23:22:36Z,27.114533,-165.442277
2025-04-11T23:22:37Z,27.114542,-165.442283
2025-04-11T23:22:38Z,27.114544,-165.442286
2025-04-11T23:22:39Z,27.114541,-165.442287
2025-04-11T23:22:40Z,27.114538,-165.442289
2025-04-11T23:22:41Z,27.114535,-165.442290
2025-04-11T23:22:42Z,27.114532,-165.442292
2025-04-11T23:22:43Z,27.114529,-165.442293
2025-04-11T23:22:44Z,27.114526,-165.442295
2025-04-11T23:22:45Z,27.114522,-165.442296
2025-04-11T23:22:46Z,27.114519,-165.442298
2025-04-11T23:22:47Z,27.114516,-165.442299
2025-04-11T23:22:48Z,27.114513,-165.442301
2025-04-11T23:22:49Z,27.114510,-165.442302
2025-04-11T23:22:50Z,27.114507,-165.442304
2025-04-11T23:22:51Z,27.114504,-165.442305
2025-04-11T23:22:52Z,27.114501,-165.442307
2025-04-11T23:22:53Z,27.114498,-165.442308
2025-04-11T23:22:54Z,27.114495,-165.442310
2025-04-11T23:22:55Z,27.114491,-165.442311
2025-04-11T23:22:56Z,27.114488,-165.442313
2025-04-11T23:22:57Z,27.114485,-165.442314
2025-04-11T23:22:58Z,27.114482,-165.442316
2025-04-11T23:22:59Z,27.114480,-165.442316
2025-04-11T23:23:00Z,27.114481,-165.442311
2025-04-11T23:23:01Z,27.114483,-165.442306
2025-04-11T23:23:02Z,27.114484,-165.442301
2025-04-11T23:23:03Z,27.114485,-165.442296
2025-04-11T23:23:04Z,27.114486,-165.442291
2025-04-11T23:23:05Z,27.114487,-165.442286
2025-04-11T23:23:06Z,27.114488,-165.442281
2025-04-11T23:23:07Z,27.114488,-165.442277
2025-04-11T23:23:08Z,27.114486,-165.442275
2025-04-11T23:23:09Z,27.114483,-165.442273
2025-04-11T23:23:10Z,27.114481,-165.442271
2025-04-11T23:23:11Z,27.114479,-165.442268
2025-04-11T23:23:12Z,27.114476,-165.442266
2025-04-11T23:23:13Z,27.114474,-165.442264
2025-04-11T23:23:14Z,27.114472,-165.442262
2025-04-11T23:23:15Z,27.114471,-165.442262
2025-04-11T23:23:16Z,27.114470,-165.442262
2025-04-11T23:23:17Z,27.114469,-165.442263
2025-04-11T23:23:18Z,27.114469,-165.442264
2025-04-11T23:23:19Z,27.114468,-165.442265
2025-04-11T23:23:20Z,27.114467,-165.442265
2025-04-11T23:23:21Z,27.114467,-165.442266
2025-04-11T23:23:22Z,27.114466,-165.442267
2025-04-11T23:23:23Z,27.114460,-165.442273
2025-04-11T23:23:24Z,27.114453,-165.442280
2025-04-11T23:23:25Z,27.114446,-165.442286
2025-04-11T23:23:26Z,27.114439,-165.442293
2025-04-11T23:23:27Z,27.114432,-165.442300
2025-04-11T23:23:28Z,27.114425,-165.442307
2025-04-11T23:23:29Z,27.114418,-165.442314
2025-04-11T23:23:30Z,27.114411,-165.442320
2025-04-11T23:23:31Z,27.114416,-165.442306
2025-04-11T23:23:32Z,27.114422,-165.442290
2025-04-11T23:23:33Z,27.114428,-165.442274
2025-04-11T23:23:34Z,27.114435,-165.442258
2025-04-11T23:23:35Z,27.114441,-165.442242
2025-04-11T23:23:36Z,27.114447,-165.442226
2025-04-11T23:23:37Z,27.114454,-165.442210
2025-04-11T23:23:38Z,27.114458,-165.442195
2025-04-11T23:23:39Z,27.114453,-165.442184
2025-04-11T23:23:40Z,27.114447,-165.442173
2025-04-11T23:23:41Z,27.114442,-165.442162
2025-04-11T23:23:42Z,27.114436,-165.442151
2025-04-11T23:23:43Z,27.114431,-165.442139
2025-04-11T23:23:44Z,27.114425,-165.442128
2025-04-11T23:23:45Z,27.114420,-165.442117
2025-04-11T23:23:46Z,27.114416,-165.442111
2025-04-11T23:23:47Z,27.114415,-165.442113
2025-04-11T23:23:48Z,27.114414,-165.442115
2025-04-11T23:23:49Z,27.114414,-165.442117
2025-04-11T23:23:50Z,27.114413,-165.442120
2025-04-11T23:23:51Z,27.114412,-165.442122
2025-04-11T23:23:52Z,27.114412,-165.442124
2025-04-11T23:23:53Z,27.114411,-165.442126
2025-04-11T23:23:54Z,27.114411,-165.442128
2025-04-11T23:23:55Z,27.114410,-165.442131
2025-04-11T23:23:56Z,27.114409,-165.442133
2025-04-11T23:23:57Z,27.114409,-165.442135
2025-04-11T23:23:58Z,27.114408,-165.442137
2025-04-11T23:23:59Z,27.114407,-165.442140
2025-04-11T23:24:00Z,27.114407,-165.442142
2025-04-11T23:24:01Z,27.114406,-165.442144
2025-04-11T23:24:02Z,27.114405,-165.442146
2025-04-11T23:24:03Z,27.114405,-165.442148
2025-04-11T23:24:04Z,27.114404,-165.442151
2025-04-11T23:24:05Z,27.114403,-165.442153
2025-04-11T23:24:06Z,27.114403,-165.442155
2025-04-11T23:24:07Z,27.114403,-165.442158
2025-04-11T23:24:08Z,27.114411,-165.442171
2025-04-11T23:24:09Z,27.114420,-165.442183
2025-04-11T23:24:10Z,27.114428,-165.442196
2025-04-11T23:24:11Z,27.114436,-165.442208
2025-04-11T23:24:12Z,27.114445,-165.442221
2025-04-11T23:24:13Z,27.114453,-165.442233
2025-04-11T23:24:14Z,27.114462,-165.442246
2025-04-11T23:24:15Z,27.114467,-165.442254
2025-04-11T23:24:16Z,27.114464,-165.442250
2025-04-11T23:24:17Z,27.114461,-165.442246
2025-04-11T23:24:18Z,27.114458,-165.442241
2025-04-11T23:24:19Z,27.114455,-165.442237
2025-04-11T23:24:20Z,27.114453,-165.442233
2025-04-11T23:24:21Z,27.114450,-165.442229
2025-04-11T23:24:22Z,27.114447,-165.442224
2025-04-11T23:24:23Z,27.114442,-165.442216
2025-04-11T23:24:24Z,27.114435,-165.442203
2025-04-11T23:24:25Z,27.114429,-165.442189
2025-04-11T23:24:26Z,27.114422,-165.442176
2025-04-11T23:24:27Z,27.114415,-165.442163
2025-04-11T23:24:28Z,27.114409,-165.442149
2025-04-11T23:24:29Z,27.114402,-165.442136
2025-04-11T23:24:30Z,27.114395,-165.442123
2025-04-11T23:24:31Z,27.114396,-165.442128
2025-04-11T23:24:32Z,27.114400,-165.442142
2025-04-11T23:24:33Z,27.114405,-165.442157
2025-04-11T23:24:34Z,27.114409,-165.442172
2025-04-11T23:24:35Z,27.114413,-165.442187
2025-04-11T23:24:36Z,27.114418,-165.442201
2025-04-11T23:24:37Z,27.114422,-165.442216
2025-04-11T23:24:38Z,27.114427,-165.442231
2025-04-11T23:24:39Z,27.114422,-165.442234
2025-04-11T23:24:40Z,27.114417,-165.442237
2025-04-11T23:24:41Z,27.114411,-165.442240
2025-04-11T23:24:42Z,27.114406,-165.442242
2025-04-11T23:24:43Z,27.114400,-165.442245
2025-04-11T23:24:44Z,27.114395,-165.442248
2025-04-11T23:24:45Z,27.114389,-165.442250
2025-04-11T23:24:46Z,27.114384,-165.442253
2025-04-11T23:24:47Z,27.114392,-165.442261
2025-04-11T23:24:48Z,27.114400,-165.442269
2025-04-11T23:24:49Z,27.114408,-165.442277
2025-04-11T23:24:50Z,27.114416,-165.442284
2025-04-11T23:24:51Z,27.114425,-165.442292
2025-04-11T23:24:52Z,27.114433,-165.442300
2025-04-11T23:24:53Z,27.114441,-165.442308
2025-04-11T23:24:54Z,27.114444,-165.442313
2025-04-11T23:24:55Z,27.114434,-165.442311
2025-04-11T23:24:56Z,27.114423,-165.442309
2025-04-11T23:24:57Z,27.114412,-165.442307
2025-04-11T23:24:58Z,27.114402,-165.442305
2025-04-11T23:24:59Z,27.114391,-165.442303
2025-04-11T23:25:00Z,27.114380,-165.442301
2025-04-11T23:25:01Z,27.114370,-165.442299
2025-04-11T23:25:02Z,27.114363,-165.442299
2025-04-11T23:25:03Z,27.114358,-165.442300
2025-04-11T23:25:04Z,27.114354,-165.442301
2025-04-11T23:25:05Z,27.114350,-165.442302
2025-04-11T23:25:06Z,27.114346,-165.442303
2025-04-11T23:25:07Z,27.114342,-165.442304
2025-04-11T23:25:08Z,27.114338,-165.442305
2025-04-11T23:25:09Z,27.114333,-165.442307
2025-04-11T23:25:10Z,27.114331,-165.442308
2025-04-11T23:25:11Z,27.114329,-165.442311
2025-04-11T23:25:12Z,27.114328,-165.442313
2025-04-11T23:25:13Z,27.114326,-165.442315
2025-04-11T23:25:14Z,27.114325,-165.442317
2025-04-11T23:25:15Z,27.114323,-165.442319
2025-04-11T23:25:16Z,27.114322,-165.442321
2025-04-11T23:25:17Z,27.114320,-165.442324
2025-04-11T23:25:18Z,27.114322,-165.442321
2025-04-11T23:25:19Z,27.114325,-165.442316
2025-04-11T23:25:20Z,27.114327,-165.442312
2025-04-11T23:25:21Z,27.114330,-165.442308
2025-04-11T23:25:22Z,27.114332,-165.442304
2025-04-11T23:25:23Z,27.114335,-165.442300
2025-04-11T23:25:24Z,27.114338,-165.442296
2025-04-11T23:25:25Z,27.114339,-165.442293
2025-04-11T23:25:26Z,27.114330,-165.442301
2025-04-11T23:25:27Z,27.114320,-165.442309
2025-04-11T23:25:28Z,27.114310,-165.442317
2025-04-11T23:25:29Z,27.114300,-165.442326
2025-04-11T23:25:30Z,27.114291,-165.442334
2025-04-11T23:25:31Z,27.114281,-165.442342
2025-04-11T23:25:32Z,27.114271,-165.442350
2025-04-11T23:25:33Z,27.114265,-165.442355
2025-04-11T23:25:34Z,27.114275,-165.442345
2025-04-11T23:25:35Z,27.114285,-165.442334
2025-04-11T23:25:36Z,27.114295,-165.442324
2025-04-11T23:25:37Z,27.114305,-165.442314
2025-04-11T23:25:38Z,27.114315,-165.442303
2025-04-11T23:25:39Z,27.114325,-165.442293
2025-04-11T23:25:40Z,27.114335,-165.442283
2025-04-11T23:25:41Z,27.114344,-165.442275
2025-04-11T23:25:42Z,27.114351,-165.442272
2025-04-11T23:25:43Z,27.114359,-165.442269
2025-04-11T23:25:44Z,27.114366,-165.442265
2025-04-11T23:25:45Z,27.114374,-165.442262
2025-04-11T23:25:46Z,27.114381,-165.442259
2025-04-11T23:25:47Z,27.114389,-165.442256
2025-04-11T23:25:48Z,27.114396,-165.442253
2025-04-11T23:25:49Z,27.114399,-165.442259
2025-04-11T23:25:50Z,27.114401,-165.442269
2025-04-11T23:25:51Z,27.114403,-165.442279
2025-04-11T23:25:52Z,27.114405,-165.442289
2025-04-11T23:25:53Z,27.114407,-165.442299
2025-04-11T23:25:54Z,27.114409,-165.442309
2025-04-11T23:25:55Z,27.114411,-165.442319
2025-04-11T23:25:56Z,27.114414,-165.442329
2025-04-11T23:25:57Z,27.114416,-165.442336
2025-04-11T23:25:58Z,27.114418,-165.442342
2025-04-11T23:25:59Z,27.114421,-165.442349
2025-04-11T23:26:00Z,27.114423,-165.442355
2025-04-11T23:26:01Z,27.114426,-165.442362
2025-04-11T23:26:02Z,27.114428,-165.442369
2025-04-11T23:26:03Z,27.114431,-165.442375
2025-04-11T23:26:04Z,27.114433,-165.442381
2025-04-11T23:26:05Z,27.114434,-165.442381
2025-04-11T23:26:06Z,27.114434,-165.442381
2025-04-11T23:26:07Z,27.114435,-165.442381
2025-04-11T23:26:08Z,27.114436,-165.442382
2025-04-11T23:26:09Z,27.114436,-165.442382
2025-04-11T23:26:10Z,27.114437,-165.442382
2025-04-11T23:26:11Z,27.114438,-165.442382
2025-04-11T23:26:12Z,27.114437,-165.442382
2025-04-11T23:26:13Z,27.114432,-165.442380
2025-04-11T23:26:14Z,27.114428,-165.442379
2025-04-11T23:26:15Z,27.114424,-165.442377
2025-04-11T23:26:16Z,27.114419,-165.442376
2025-04-11T23:26:17Z,27.114415,-165.442374
2025-04-11T23:26:18Z,27.114410,-165.442372
2025-04-11T23:26:19Z,27.114406,-165.442371
2025-04-11T23:26:20Z,27.114403,-165.442368
2025-04-11T23:26:21Z,27.114402,-165.442363
2025-04-11T23:26:22Z,27.114401,-165.442357
2025-04-11T23:26:23Z,27.114400,-165.442352
2025-04-11T23:26:24Z,27.114399,-165.442347
2025-04-11T23:26:25Z,27.114398,-165.442341
2025-04-11T23:26:26Z,27.114397,-165.442336
2025-04-11T23:26:27Z,27.114396,-165.442331
2025-04-11T23:26:28Z,27.114399,-165.442324
2025-04-11T23:26:29Z,27.114402,-165.442316
2025-04-11T23:26:30Z,27.114406,-165.442308
2025-04-11T23:26:31Z,27.114410,-165.442300
2025-04-11T23:26:32Z,27.114414,-165.442293
2025-04-11T23:26:33Z,27.114417,-165.442285
2025-04-11T23:26:34Z,27.114421,-165.442277
2025-04-11T23:26:35Z,27.114425,-165.442269
2025-04-11T23:26:36Z,27.114433,-165.442274
2025-04-11T23:26:37Z,27.114440,-165.442280
2025-04-11T23:26:38Z,27.114448,-165.442285
2025-04-11T23:26:39Z,27.114456,-165.442291
2025-04-11T23:26:40Z,27.114464,-165.442297
2025-04-11T23:26:41Z,27.114472,-165.442302
2025-04-11T23:26:42Z,27.114480,-165.442308
2025-04-11T23:26:43Z,27.114486,-165.442313
2025-04-11T23:26:44Z,27.114476,-165.442310
2025-04-11T23:26:45Z,27.114466,-165.442306
2025-04-11T23:26:46Z,27.114456,-165.442303
2025-04-11T23:26:47Z,27.114446,-165.442300
2025-04-11T23:26:48Z,27.114436,-165.442297
2025-04-11T23:26:49Z,27.114426,-165.442294
2025-04-11T23:26:50Z,27.114416,-165.442290
2025-04-11T23:26:51Z,27.114409,-165.442287
2025-04-11T23:26:52Z,27.114409,-165.442284
2025-04-11T23:26:53Z,27.114409,-165.442281
2025-04-11T23:26:54Z,27.114409,-165.442278
2025-04-11T23:26:55Z,27.114410,-165.442275
2025-04-11T23:26:56Z,27.114410,-165.442271
2025-04-11T23:26:57Z,27.114410,-165.442268
2025-04-11T23:26:58Z,27.114410,-165.442265
2025-04-11T23:26:59Z,27.114414,-165.442254
2025-04-11T23:27:00Z,27.114422,-165.442237
2025-04-11T23:27:01Z,27.114429,-165.442221
2025-04-11T23:27:02Z,27.114437,-165.442204
2025-04-11T23:27:03Z,27.114444,-165.442188
2025-04-11T23:27:04Z,27.114452,-165.442171
2025-04-11T23:27:05Z,27.114459,-165.442154
2025-04-11T23:27:06Z,27.114466,-165.442138
2025-04-11T23:27:07Z,27.114467,-165.442128
2025-04-11T23:27:08Z,27.114460,-165.442124
2025-04-11T23:27:09Z,27.114454,-165.442120
2025-04-11T23:27:10Z,27.114448,-165.442117
2025-04-11T23:27:11Z,27.114441,-165.442113
2025-04-11T23:27:12Z,27.114435,-165.442109
2025-04-11T23:27:13Z,27.114429,-165.442105
2025-04-11T23:27:14Z,27.114422,-165.442101
2025-04-11T23:27:15Z,27.114422,-165.442113
2025-04-11T23:27:16Z,27.114421,-165.442125
2025-04-11T23:27:17Z,27.114420,-165.442138
2025-04-11T23:27:18Z,27.114420,-165.442151
2025-04-11T23:27:19Z,27.114419,-165.442163
2025-04-11T23:27:20Z,27.114419,-165.442176
2025-04-11T23:27:21Z,27.114418,-165.442188
2025-04-11T23:27:22Z,27.114418,-165.442198
2025-04-11T23:27:23Z,27.114416,-165.442189
2025-04-11T23:27:24Z,27.114414,-165.442180
2025-04-11T23:27:25Z,27.114412,-165.442171
2025-04-11T23:27:26Z,27.114411,-165.442163
2025-04-11T23:27:27Z,27.114409,-165.442154
2025-04-11T23:27:28Z,27.114407,-165.442145
2025-04-11T23:27:29Z,27.114405,-165.442136
2025-04-11T23:27:30Z,27.114405,-165.442131
2025-04-11T23:27:31Z,27.114409,-165.442135
2025-04-11T23:27:32Z,27.114414,-165.442139
2025-04-11T23:27:33Z,27.114418,-165.442143
2025-04-11T23:27:34Z,27.114422,-165.442148
2025-04-11T23:27:35Z,27.114426,-165.442152
2025-04-11T23:27:36Z,27.114431,-165.442156
2025-04-11T23:27:37Z,27.114435,-165.442160
2025-04-11T23:27:38Z,27.114438,-165.442167
2025-04-11T23:27:39Z,27.114440,-165.442178
2025-04-11T23:27:40Z,27.114442,-165.442189
2025-04-11T23:27:41Z,27.114444,-165.442201
2025-04-11T23:27:42Z,27.114446,-165.442212
2025-04-11T23:27:43Z,27.114448,-165.442223
2025-04-11T23:27:44Z,27.114450,-165.442234
2025-04-11T23:27:45Z,27.114452,-165.442245
2025-04-11T23:27:46Z,27.114450,-165.442247
2025-04-11T23:27:47Z,27.114446,-165.442245
2025-04-11T23:27:48Z,27.114441,-165.442243
2025-04-11T23:27:49Z,27.114437,-165.442242
2025-04-11T23:27:50Z,27.114432,-165.442240
2025-04-11T23:27:51Z,27.114428,-165.442238
2025-04-11T23:27:52Z,27.114423,-165.442236
2025-04-11T23:27:53Z,27.114419,-165.442235
2025-04-11T23:27:54Z,27.114413,-165.442231
2025-04-11T23:27:55Z,27.114406,-165.442224
2025-04-11T23:27:56Z,27.114399,-165.442218
2025-04-11T23:27:57Z,27.114392,-165.442212
2025-04-11T23:27:58Z,27.114385,-165.442205
2025-04-11T23:27:59Z,27.114378,-165.442199
2025-04-11T23:28:00Z,27.114370,-165.442193
2025-04-11T23:28:01Z,27.114365,-165.442187
2025-04-11T23:28:02Z,27.114370,-165.442189
2025-04-11T23:28:03Z,27.114375,-165.442192
2025-04-11T23:28:04Z,27.114380,-165.442194
2025-04-11T23:28:05Z,27.114385,-165.442196
2025-04-11T23:28:06Z,27.114390,-165.442199
2025-04-11T23:28:07Z,27.114395,-165.442201
2025-04-11T23:28:08Z,27.114400,-165.442203
2025-04-11T23:28:09Z,27.114406,-165.442204
2025-04-11T23:28:10Z,27.114413,-165.442195
2025-04-11T23:28:11Z,27.114419,-165.442186
2025-04-11T23:28:12Z,27.114426,-165.442177
2025-04-11T23:28:13Z,27.114433,-165.442168
2025-04-11T23:28:14Z,27.114440,-165.442159
2025-04-11T23:28:15Z,27.114447,-165.442150
2025-04-11T23:28:16Z,27.114453,-165.442141
2025-04-11T23:28:17Z,27.114455,-165.442135
2025-04-11T23:28:18Z,27.114449,-165.442133
2025-04-11T23:28:19Z,27.114444,-165.442131
2025-04-11T23:28:20Z,27.114439,-165.442129
2025-04-11T23:28:21Z,27.114433,-165.442127
2025-04-11T23:28:22Z,27.114428,-165.442125
2025-04-11T23:28:23Z,27.114423,-165.442123
2025-04-11T23:28:24Z,27.114417,-165.442121
2025-04-11T23:28:25Z,27.114418,-165.442116
2025-04-11T23:28:26Z,27.114420,-165.442109
2025-04-11T23:28:27Z,27.114423,-165.442102
2025-04-11T23:28:28Z,27.114425,-165.442095
2025-04-11T23:28:29Z,27.114427,-165.442088
2025-04-11T23:28:30Z,27.114430,-165.442081
2025-04-11T23:28:31Z,27.114432,-165.442074
2025-04-11T23:28:32Z,27.114435,-165.442067
2025-04-11T23:28:33Z,27.114436,-165.442066
2025-04-11T23:28:34Z,27.114437,-165.442067
2025-04-11T23:28:35Z,27.114438,-165.442067
2025-04-11T23:28:36Z,27.114438,-165.442068
2025-04-11T23:28:37Z,27.114439,-165.442068
2025-04-11T23:28:38Z,27.114440,-165.442069
2025-04-11T23:28:39Z,27.114441,-165.442070
2025-04-11T23:28:40Z,27.114442,-165.442070
2025-04-11T23:28:41Z,27.114443,-165.442065
2025-04-11T23:28:42Z,27.114445,-165.442061
2025-04-11T23:28:43Z,27.114446,-165.442057
2025-04-11T23:28:44Z,27.114448,-165.442052
2025-04-11T23:28:45Z,27.114449,-165.442048
2025-04-11T23:28:46Z,27.114451,-165.442044
2025-04-11T23:28:47Z,27.114452,-165.442039
2025-04-11T23:28:48Z,27.114453,-165.442040
2025-04-11T23:28:49Z,27.114451,-165.442052
2025-04-11T23:28:50Z,27.114449,-165.442065
2025-04-11T23:28:51Z,27.114448,-165.442077
2025-04-11T23:28:52Z,27.114446,-165.442090
2025-04-11T23:28:53Z,27.114444,-165.442102
2025-04-11T23:28:54Z,27.114443,-165.442115
2025-04-11T23:28:55Z,27.114441,-165.442127
2025-04-11T23:28:56Z,27.114442,-165.442137
2025-04-11T23:28:57Z,27.114448,-165.442140
2025-04-11T23:28:58Z,27.114454,-165.442143
2025-04-11T23:28:59Z,27.114461,-165.442146
2025-04-11T23:29:00Z,27.114467,-165.442149
2025-04-11T23:29:01Z,27.114473,-165.442152
2025-04-11T23:29:02Z,27.114479,-165.442155
2025-04-11T23:29:03Z,27.114486,-165.442158
2025-04-11T23:29:04Z,27.114488,-165.442160
2025-04-11T23:29:05Z,27.114487,-165.442161
2025-04-11T23:29:06Z,27.114486,-165.442162
2025-04-11T23:29:07Z,27.114486,-165.442164
2025-04-11T23:29:08Z,27.114485,-165.442165
2025-04-11T23:29:09Z,27.114484,-165.442166
2025-04-11T23:29:10Z,27.114484,-165.442167
2025-04-11T23:29:11Z,27.114483,-165.442169
2025-04-11T23:29:12Z,27.114480,-165.442169
2025-04-11T23:29:13Z,27.114477,-165.442169
2025-04-11T23:29:14Z,27.114473,-165.442170
2025-04-11T23:29:15Z,27.114470,-165.442170
2025-04-11T23:29:16Z,27.114466,-165.442170
2025-04-11T23:29:17Z,27.114463,-165.442170
2025-04-11T23:29:18Z,27.114460,-165.442171
2025-04-11T23:29:19Z,27.114456,-165.442171
2025-04-11T23:29:20Z,27.114461,-165.442174
2025-04-11T23:29:21Z,27.114465,-165.442177
2025-04-11T23:29:22Z,27.114470,-165.442180
2025-04-11T23:29:23Z,27.114475,-165.442183
2025-04-11T23:29:24Z,27.114479,-165.442186
2025-04-11T23:29:25Z,27.114484,-165.442189
2025-04-11T23:29:26Z,27.114489,-165.442192
2025-04-11T23:29:27Z,27.114492,-165.442194
2025-04-11T23:29:28Z,27.114494,-165.442194
2025-04-11T23:29:29Z,27.114495,-165.442194
2025-04-11T23:29:30Z,27.114496,-165.442194
2025-04-11T23:29:31Z,27.114498,-165.442194
2025-04-11T23:29:32Z,27.114499,-165.442194
2025-04-11T23:29:33Z,27.114500,-165.442194
2025-04-11T23:29:34Z,27.114501,-165.442194
2025-04-11T23:29:35Z,27.114502,-165.442191
2025-04-11T23:29:36Z,27.114501,-165.442183
2025-04-11T23:29:37Z,27.114501,-165.442176
2025-04-11T23:29:38Z,27.114501,-165.442169
2025-04-11T23:29:39Z,27.114500,-165.442162
2025-04-11T23:29:40Z,27.114500,-165.442154
2025-04-11T23:29:41Z,27.114500,-165.442147
2025-04-11T23:29:42Z,27.114499,-165.442140
2025-04-11T23:29:43Z,27.114496,-165.442139
2025-04-11T23:29:44Z,27.114491,-165.442144
2025-04-11T23:29:45Z,27.114486,-165.442148
2025-04-11T23:29:46Z,27.114481,-165.442152
2025-04-11T23:29:47Z,27.114476,-165.442156
2025-04-11T23:29:48Z,27.114471,-165.442161
2025-04-11T23:29:49Z,27.114466,-165.442165
2025-04-11T23:29:50Z,27.114461,-165.442169
2025-04-11T23:29:51Z,27.114458,-165.442165
2025-04-11T23:29:52Z,27.114455,-165.442160
2025-04-11T23:29:53Z,27.114452,-165.442154
2025-04-11T23:29:54Z,27.114449,-165.442148
2025-04-11T23:29:55Z,27.114446,-165.442143
2025-04-11T23:29:56Z,27.114443,-165.442137
2025-04-11T23:29:57Z,27.114440,-165.442132
2025-04-11T23:29:58Z,27.114438,-165.442130
2025-04-11T23:29:59Z,27.114438,-165.442146
2025-04-11T23:30:00Z,27.114437,-165.442161
2025-04-11T23:30:01Z,27.114437,-165.442177
2025-04-11T23:30:02Z,27.114436,-165.442193
2025-04-11T23:30:03Z,27.114436,-165.442209
2025-04-11T23:30:04Z,27.114436,-165.442224
2025-04-11T23:30:05Z,27.114435,-165.442240
2025-04-11T23:30:06Z,27.114434,-165.442251
2025-04-11T23:30:07Z,27.114430,-165.442237
2025-04-11T23:30:08Z,27.114425,-165.442224
2025-04-11T23:30:09Z,27.114421,-165.442211
2025-04-11T23:30:10Z,27.114417,-165.442198
2025-04-11T23:30:11Z,27.114412,-165.442184
2025-04-11T23:30:12Z,27.114408,-165.442171
2025-04-11T23:30:13Z,27.114403,-165.442158
2025-04-11T23:30:14Z,27.114400,-165.442149
2025-04-11T23:30:15Z,27.114398,-165.442146
2025-04-11T23:30:16Z,27.114396,-165.442143
2025-04-11T23:30:17Z,27.114394,-165.442140
2025-04-11T23:30:18Z,27.114392,-165.442137
2025-04-11T23:30:19Z,27.114390,-165.442133
2025-04-11T23:30:20Z,27.114388,-165.442130
2025-04-11T23:30:21Z,27.114386,-165.442127
2025-04-11T23:30:22Z,27.114384,-165.442130
2025-04-11T23:30:23Z,27.114382,-165.442136
2025-04-11T23:30:24Z,27.114379,-165.442141
2025-04-11T23:30:25Z,27.114377,-165.442147
2025-04-11T23:30:26Z,27.114375,-165.442152
2025-04-11T23:30:27Z,27.114373,-165.442158
2025-04-11T23:30:28Z,27.114371,-165.442164
2025-04-11T23:30:29Z,27.114369,-165.442169
2025-04-11T23:30:30Z,27.114371,-165.442168
2025-04-11T23:30:31Z,27.114372,-165.442165
2025-04-11T23:30:32Z,27.114374,-165.442162
2025-04-11T23:30:33Z,27.114376,-165.442159
2025-04-11T23:30:34Z,27.114378,-165.442156
2025-04-11T23:30:35Z,27.114380,-165.442153
2025-04-11T23:30:36Z,27.114381,-165.442150
2025-04-11T23:30:37Z,27.114384,-165.442148
2025-04-11T23:30:38Z,27.114394,-165.442162
2025-04-11T23:30:39Z,27.114405,-165.442177
2025-04-11T23:30:40Z,27.114415,-165.442191
2025-04-11T23:30:41Z,27.114425,-165.442206
2025-04-11T23:30:42Z,27.114436,-165.442220
2025-04-11T23:30:43Z,27.114446,-165.442235
2025-04-11T23:30:44Z,27.114457,-165.442249
2025-04-11T23:30:45Z,27.114460,-165.442256
2025-04-11T23:30:46Z,27.114453,-165.442250
2025-04-11T23:30:47Z,27.114446,-165.442245
2025-04-11T23:30:48Z,27.114440,-165.442239
2025-04-11T23:30:49Z,27.114433,-165.442234
2025-04-11T23:30:50Z,27.114426,-165.442228
2025-04-11T23:30:51Z,27.114419,-165.442222
2025-04-11T23:30:52Z,27.114412,-165.442217
2025-04-11T23:30:53Z,27.114410,-165.442214
2025-04-11T23:30:54Z,27.114416,-165.442213
2025-04-11T23:30:55Z,27.114421,-165.442212
2025-04-11T23:30:56Z,27.114426,-165.442212
2025-04-11T23:30:57Z,27.114431,-165.442211
2025-04-11T23:30:58Z,27.114437,-165.442211
2025-04-11T23:30:59Z,27.114442,-165.442210
2025-04-11T23:31:00Z,27.114447,-165.442209
2025-04-11T23:31:01Z,27.114451,-165.442212
2025-04-11T23:31:02Z,27.114454,-165.442218
2025-04-11T23:31:03Z,27.114457,-165.442223
2025-04-11T23:31:04Z,27.114460,-165.442228
2025-04-11T23:31:05Z,27.114463,-165.442233
2025-04-11T23:31:06Z,27.114466,-165.442238
2025-04-11T23:31:07Z,27.114468,-165.442244
2025-04-11T23:31:08Z,27.114471,-165.442249
2025-04-11T23:31:09Z,27.114474,-165.442244
2025-04-11T23:31:10Z,27.114475,-165.442237
2025-04-11T23:31:11Z,27.114477,-165.442229
2025-04-11T23:31:12Z,27.114479,-165.442221
2025-04-11T23:31:13Z,27.114481,-165.442214
2025-04-11T23:31:14Z,27.114483,-165.442206
2025-04-11T23:31:15Z,27.114485,-165.442199
2025-04-11T23:31:16Z,27.114487,-165.442191
2025-04-11T23:31:17Z,27.114480,-165.442183
2025-04-11T23:31:18Z,27.114473,-165.442174
2025-04-11T23:31:19Z,27.114466,-165.442166
2025-04-11T23:31:20Z,27.114459,-165.442157
2025-04-11T23:31:21Z,27.114451,-165.442149
2025-04-11T23:31:22Z,27.114444,-165.442140
2025-04-11T23:31:23Z,27.114437,-165.442132
2025-04-11T23:31:24Z,27.114431,-165.442123
2025-04-11T23:31:25Z,27.114426,-165.442113
2025-04-11T23:31:26Z,27.114422,-165.442103
2025-04-11T23:31:27Z,27.114417,-165.442093
2025-04-11T23:31:28Z,27.114412,-165.442084
2025-04-11T23:31:29Z,27.114408,-165.442074
2025-04-11T23:31:30Z,27.114403,-165.442064
2025-04-11T23:31:31Z,27.114399,-165.442054
2025-04-11T23:31:32Z,27.114396,-165.442047
2025-04-11T23:31:33Z,27.114401,-165.442049
2025-04-11T23:31:34Z,27.114406,-165.442052
2025-04-11T23:31:35Z,27.114411,-165.442055
2025-04-11T23:31:36Z,27.114416,-165.442058
2025-04-11T23:31:37Z,27.114421,-165.442061
2025-04-11T23:31:38Z,27.114426,-165.442064
2025-04-11T23:31:39Z,27.114431,-165.442067
2025-04-11T23:31:40Z,27.114436,-165.442070
2025-04-11T23:31:41Z,27.114441,-165.442072
2025-04-11T23:31:42Z,27.114446,-165.442075
2025-04-11T23:31:43Z,27.114452,-165.442078
2025-04-11T23:31:44Z,27.114457,-165.442081
2025-04-11T23:31:45Z,27.114462,-165.442084
2025-04-11T23:31:46Z,27.114467,-165.442087
2025-04-11T23:31:47Z,27.114472,-165.442090
2025-04-11T23:31:48Z,27.114477,-165.442093
2025-04-11T23:31:49Z,27.114482,-165.442096
2025-04-11T23:31:50Z,27.114487,-165.442098
2025-04-11T23:31:51Z,27.114492,-165.442101
2025-04-11T23:31:52Z,27.114497,-165.442104
2025-04-11T23:31:53Z,27.114502,-165.442107
2025-04-11T23:31:54Z,27.114496,-165.442103
2025-04-11T23:31:55Z,27.114491,-165.442099
2025-04-11T23:31:56Z,27.114485,-165.442095
2025-04-11T23:31:57Z,27.114479,-165.442090
2025-04-11T23:31:58Z,27.114473,-165.442086
2025-04-11T23:31:59Z,27.114468,-165.442082
2025-04-11T23:32:00Z,27.114462,-165.442078
2025-04-11T23:32:01Z,27.114459,-165.442071
2025-04-11T23:32:02Z,27.114462,-165.442059
2025-04-11T23:32:03Z,27.114465,-165.442046
2025-04-11T23:32:04Z,27.114469,-165.442033
2025-04-11T23:32:05Z,27.114472,-165.442020
2025-04-11T23:32:06Z,27.114475,-165.442007
2025-04-11T23:32:07Z,27.114479,-165.441994
2025-04-11T23:32:08Z,27.114482,-165.441981
2025-04-11T23:32:09Z,27.114486,-165.441980
2025-04-11T23:32:10Z,27.114490,-165.441998
2025-04-11T23:32:11Z,27.114495,-165.442017
2025-04-11T23:32:12Z,27.114499,-165.442036
2025-04-11T23:32:13Z,27.114504,-165.442055
2025-04-11T23:32:14Z,27.114508,-165.442074
2025-04-11T23:32:15Z,27.114513,-165.442093
2025-04-11T23:32:16Z,27.114517,-165.442112
2025-04-11T23:32:17Z,27.114513,-165.442103
2025-04-11T23:32:18Z,27.114508,-165.442090
2025-04-11T23:32:19Z,27.114503,-165.442077
2025-04-11T23:32:20Z,27.114498,-165.442064
2025-04-11T23:32:21Z,27.114493,-165.442051
2025-04-11T23:32:22Z,27.114487,-165.442038
2025-04-11T23:32:23Z,27.114482,-165.442025
2025-04-11T23:32:24Z,27.114477,-165.442012
2025-04-11T23:32:25Z,27.114477,-165.442015
2025-04-11T23:32:26Z,27.114478,-165.442022
2025-04-11T23:32:27Z,27.114479,-165.442029
2025-04-11T23:32:28Z,27.114479,-165.442036
2025-04-11T23:32:29Z,27.114480,-165.442043
2025-04-11T23:32:30Z,27.114481,-165.442050
2025-04-11T23:32:31Z,27.114482,-165.442057
2025-04-11T23:32:32Z,27.114483,-165.442063
2025-04-11T23:32:33Z,27.114484,-165.442067
2025-04-11T23:32:34Z,27.114485,-165.442070
2025-04-11T23:32:35Z,27.114485,-165.442074
2025-04-11T23:32:36Z,27.114486,-165.442077
2025-04-11T23:32:37Z,27.114487,-165.442080
2025-04-11T23:32:38Z,27.114488,-165.442084
2025-04-11T23:32:39Z,27.114489,-165.442087
2025-04-11T23:32:40Z,27.114490,-165.442089
2025-04-11T23:32:41Z,27.114492,-165.442090
2025-04-11T23:32:42Z,27.114494,-165.442091
2025-04-11T23:32:43Z,27.114495,-165.442092
2025-04-11T23:32:44Z,27.114497,-165.442092
2025-04-11T23:32:45Z,27.114499,-165.442093
2025-04-11T23:32:46Z,27.114501,-165.442094
2025-04-11T23:32:47Z,27.114503,-165.442095
2025-04-11T23:32:48Z,27.114505,-165.442096
2025-04-11T23:32:49Z,27.114506,-165.442099
2025-04-11T23:32:50Z,27.114507,-165.442101
2025-04-11T23:32:51Z,27.114508,-165.442103
2025-04-11T23:32:52Z,27.114509,-165.442106
2025-04-11T23:32:53Z,27.114510,-165.442108
2025-04-11T23:32:54Z,27.114512,-165.442110
2025-04-11T23:32:55Z,27.114513,-165.442113
2025-04-11T23:32:56Z,27.114508,-165.442108
2025-04-11T23:32:57Z,27.114501,-165.442101
2025-04-11T23:32:58Z,27.114495,-165.442094
2025-04-11T23:32:59Z,27.114488,-165.442088
2025-04-11T23:33:00Z,27.114481,-165.442081
2025-04-11T23:33:01Z,27.114475,-165.442074
2025-04-11T23:33:02Z,27.114468,-165.442067
2025-04-11T23:33:03Z,27.114462,-165.442061
2025-04-11T23:33:04Z,27.114464,-165.442056
2025-04-11T23:33:05Z,27.114468,-165.442052
2025-04-11T23:33:06Z,27.114472,-165.442047
2025-04-11T23:33:07Z,27.114476,-165.442043
2025-04-11T23:33:08Z,27.114480,-165.442038
2025-04-11T23:33:09Z,27.114484,-165.442034
2025-04-11T23:33:10Z,27.114488,-165.442030
2025-04-11T23:33:11Z,27.114492,-165.442025
2025-04-11T23:33:12Z,27.114497,-165.442034
2025-04-11T23:33:13Z,27.114502,-165.442044
2025-04-11T23:33:14Z,27.114508,-165.442055
2025-04-11T23:33:15Z,27.114513,-165.442065
2025-04-11T23:33:16Z,27.114518,-165.442075
2025-04-11T23:33:17Z,27.114523,-165.442085
2025-04-11T23:33:18Z,27.114529,-165.442095
2025-04-11T23:33:19Z,27.114529,-165.442101
2025-04-11T23:33:20Z,27.114522,-165.442100
2025-04-11T23:33:21Z,27.114515,-165.442099
2025-04-11T23:33:22Z,27.114508,-165.442099
2025-04-11T23:33:23Z,27.114501,-165.442098
2025-04-11T23:33:24Z,27.114494,-165.442097
2025-04-11T23:33:25Z,27.114487,-165.442097
2025-04-11T23:33:26Z,27.114480,-165.442096
2025-04-11T23:33:27Z,27.114481,-165.442100
2025-04-11T23:33:28Z,27.114486,-165.442107
2025-04-11T23:33:29Z,27.114490,-165.442113
2025-04-11T23:33:30Z,27.114495,-165.442119
2025-04-11T23:33:31Z,27.114500,-165.442125
2025-04-11T23:33:32Z,27.114504,-165.442132
2025-04-11T23:33:33Z,27.114509,-165.442138
2025-04-11T23:33:34Z,27.114514,-165.442144
2025-04-11T23:33:35Z,27.114517,-165.442143
2025-04-11T23:33:36Z,27.114520,-165.442137
2025-04-11T23:33:37Z,27.114523,-165.442132
2025-04-11T23:33:38Z,27.114525,-165.442127
2025-04-11T23:33:39Z,27.114528,-165.442122
2025-04-11T23:33:40Z,27.114531,-165.442117
2025-04-11T23:33:41Z,27.114534,-165.442112
2025-04-11T23:33:42Z,27.114537,-165.442107
2025-04-11T23:33:43Z,27.114537,-165.442094
2025-04-11T23:33:44Z,27.114537,-165.442081
2025-04-11T23:33:45Z,27.114537,-165.442067
2025-04-11T23:33:46Z,27.114537,-165.442053
2025-04-11T23:33:47Z,27.114537,-165.442040
2025-04-11T23:33:48Z,27.114537,-165.442026
2025-04-11T23:33:49Z,27.114537,-165.442012
2025-04-11T23:33:50Z,27.114536,-165.442002
2025-04-11T23:33:51Z,27.114534,-165.442000
2025-04-11T23:33:52Z,27.114532,-165.441998
2025-04-11T23:33:53Z,27.114530,-165.441996
2025-04-11T23:33:54Z,27.114527,-165.441994
2025-04-11T23:33:55Z,27.114525,-165.441992
2025-04-11T23:33:56Z,27.114523,-165.441990
2025-04-11T23:33:57Z,27.114520,-165.441988
2025-04-11T23:33:58Z,27.114518,-165.441986
2025-04-11T23:33:59Z,27.114516,-165.441984
2025-04-11T23:34:00Z,27.114514,-165.441982
2025-04-11T23:34:01Z,27.114511,-165.441980
2025-04-11T23:34:02Z,27.114509,-165.441978
2025-04-11T23:34:03Z,27.114507,-165.441976
2025-04-11T23:34:04Z,27.114504,-165.441974
2025-04-11T23:34:05Z,27.114502,-165.441972
2025-04-11T23:34:06Z,27.114500,-165.441970
2025-04-11T23:34:07Z,27.114498,-165.441968
2025-04-11T23:34:08Z,27.114495,-165.441966
2025-04-11T23:34:09Z,27.114493,-165.441964
2025-04-11T23:34:10Z,27.114491,-165.441962
2025-04-11T23:34:11Z,27.114488,-165.441960
2025-04-11T23:34:12Z,27.114496,-165.441966
2025-04-11T23:34:13Z,27.114505,-165.441974
2025-04-11T23:34:14Z,27.114515,-165.441982
2025-04-11T23:34:15Z,27.114524,-165.441989
2025-04-11T23:34:16Z,27.114534,-165.441997
2025-04-11T23:34:17Z,27.114543,-165.442005
2025-04-11T23:34:18Z,27.114553,-165.442012
2025-04-11T23:34:19Z,27.114560,-165.442019
2025-04-11T23:34:20Z,27.114549,-165.442018
2025-04-11T23:34:21Z,27.114539,-165.442017
2025-04-11T23:34:22Z,27.114529,-165.442015
2025-04-11T23:34:23Z,27.114519,-165.442014
2025-04-11T23:34:24Z,27.114509,-165.442013
2025-04-11T23:34:25Z,27.114499,-165.442012
2025-04-11T23:34:26Z,27.114489,-165.442011
2025-04-11T23:34:27Z,27.114482,-165.442011
2025-04-11T23:34:28Z,27.114487,-165.442014
2025-04-11T23:34:29Z,27.114491,-165.442017
2025-04-11T23:34:30Z,27.114496,-165.442021
2025-04-11T23:34:31Z,27.114501,-165.442024
2025-04-11T23:34:32Z,27.114506,-165.442028
2025-04-11T23:34:33Z,27.114511,-165.442031
2025-04-11T23:34:34Z,27.114516,-165.442035
2025-04-11T23:34:35Z,27.114520,-165.442038
2025-04-11T23:34:36Z,27.114524,-165.442042
2025-04-11T23:34:37Z,27.114527,-165.442046
2025-04-11T23:34:38Z,27.114530,-165.442050
2025-04-11T23:34:39Z,27.114534,-165.442054
2025-04-11T23:34:40Z,27.114537,-165.442058
2025-04-11T23:34:41Z,27.114541,-165.442062
2025-04-11T23:34:42Z,27.114544,-165.442066
2025-04-11T23:34:43Z,27.114542,-165.442065
2025-04-11T23:34:44Z,27.114539,-165.442062
2025-04-11T23:34:45Z,27.114535,-165.442059
2025-04-11T23:34:46Z,27.114532,-165.442056
2025-04-11T23:34:47Z,27.114528,-165.442053
2025-04-11T23:34:48Z,27.114525,-165.442050
2025-04-11T23:34:49Z,27.114521,-165.442047
2025-04-11T23:34:50Z,27.114518,-165.442045
2025-04-11T23:34:51Z,27.114514,-165.442042
2025-04-11T23:34:52Z,27.114511,-165.442039
2025-04-11T23:34:53Z,27.114507,-165.442036
2025-04-11T23:34:54Z,27.114504,-165.442033
2025-04-11T23:34:55Z,27.114500,-165.442030
2025-04-11T23:34:56Z,27.114497,-165.442027
2025-04-11T23:34:57Z,27.114493,-165.442024
2025-04-11T23:34:58Z,27.114490,-165.442021
2025-04-11T23:34:59Z,27.114486,-165.442018
2025-04-11T23:35:00Z,27.114483,-165.442016
2025-04-11T23:35:01Z,27.114479,-165.442013
2025-04-11T23:35:02Z,27.114476,-165.442010
2025-04-11T23:35:03Z,27.114472,-165.442007
2025-04-11T23:35:04Z,27.114472,-165.442007
2025-04-11T23:35:05Z,27.114477,-165.442013
2025-04-11T23:35:06Z,27.114483,-165.442020
2025-04-11T23:35:07Z,27.114488,-165.442026
2025-04-11T23:35:08Z,27.114494,-165.442032
2025-04-11T23:35:09Z,27.114499,-165.442038
2025-04-11T23:35:10Z,27.114505,-165.442045
2025-04-11T23:35:11Z,27.114510,-165.442051
2025-04-11T23:35:12Z,27.114510,-165.442053
2025-04-11T23:35:13Z,27.114506,-165.442053
2025-04-11T23:35:14Z,27.114502,-165.442052
2025-04-11T23:35:15Z,27.114499,-165.442052
2025-04-11T23:35:16Z,27.114495,-165.442052
2025-04-11T23:35:17Z,27.114491,-165.442052
2025-04-11T23:35:18Z,27.114488,-165.442051
2025-04-11T23:35:19Z,27.114484,-165.442051
2025-04-11T23:35:20Z,27.114482,-165.442054
2025-04-11T23:35:21Z,27.114480,-165.442057
2025-04-11T23:35:22Z,27.114478,-165.442061
2025-04-11T23:35:23Z,27.114476,-165.442064
2025-04-11T23:35:24Z,27.114474,-165.442068
2025-04-11T23:35:25Z,27.114472,-165.442071
2025-04-11T23:35:26Z,27.114470,-165.442075
2025-04-11T23:35:27Z,27.114468,-165.442078
2025-04-11T23:35:28Z,27.114464,-165.442086
2025-04-11T23:35:29Z,27.114461,-165.442094
2025-04-11T23:35:30Z,27.114457,-165.442101
2025-04-11T23:35:31Z,27.114454,-165.442109
2025-04-11T23:35:32Z,27.114451,-165.442117
2025-04-11T23:35:33Z,27.114447,-165.442124
2025-04-11T23:35:34Z,27.114444,-165.442132
2025-04-11T23:35:35Z,27.114443,-165.442136
2025-04-11T23:35:36Z,27.114450,-165.442126
2025-04-11T23:35:37Z,27.114457,-165.442116
2025-04-11T23:35:38Z,27.114464,-165.442106
2025-04-11T23:35:39Z,27.114471,-165.442096
2025-04-11T23:35:40Z,27.114478,-165.442085
2025-04-11T23:35:41Z,27.114485,-165.442075
2025-04-11T23:35:42Z,27.114492,-165.442065
2025-04-11T23:35:43Z,27.114501,-165.442059
2025-04-11T23:35:44Z,27.114511,-165.442058
2025-04-11T23:35:45Z,27.114521,-165.442056
2025-04-11T23:35:46Z,27.114532,-165.442055
2025-04-11T23:35:47Z,27.114542,-165.442053
2025-04-11T23:35:48Z,27.114552,-165.442052
2025-04-11T23:35:49Z,27.114562,-165.442050
2025-04-11T23:35:50Z,27.114572,-165.442048
2025-04-11T23:35:51Z,27.114573,-165.442047
2025-04-11T23:35:52Z,27.114570,-165.442046
2025-04-11T23:35:53Z,27.114568,-165.442044
2025-04-11T23:35:54Z,27.114565,-165.442043
2025-04-11T23:35:55Z,27.114562,-165.442042
2025-04-11T23:35:56Z,27.114559,-165.442041
2025-04-11T23:35:57Z,27.114557,-165.442039
2025-04-11T23:35:58Z,27.114554,-165.442038
2025-04-11T23:35:59Z,27.114555,-165.442041
2025-04-11T23:36:00Z,27.114556,-165.442043
2025-04-11T23:36:01Z,27.114557,-165.442046
2025-04-11T23:36:02Z,27.114558,-165.442048
2025-04-11T23:36:03Z,27.114558,-165.442051
2025-04-11T23:36:04Z,27.114559,-165.442053
2025-04-11T23:36:05Z,27.114560,-165.442056
2025-04-11T23:36:06Z,27.114561,-165.442058
2025-04-11T23:36:07Z,27.114556,-165.442055
2025-04-11T23:36:08Z,27.114551,-165.442052
2025-04-11T23:36:09Z,27.114546,-165.442050
2025-04-11T23:36:10Z,27.114541,-165.442047
2025-04-11T23:36:11Z,27.114537,-165.442044
2025-04-11T23:36:12Z,27.114532,-165.442041
2025-04-11T23:36:13Z,27.114527,-165.442039
2025-04-11T23:36:14Z,27.114523,-165.442036
2025-04-11T23:36:15Z,27.114522,-165.442034
2025-04-11T23:36:16Z,27.114520,-165.442033
2025-04-11T23:36:17Z,27.114518,-165.442031
2025-04-11T23:36:18Z,27.114516,-165.442029
2025-04-11T23:36:19Z,27.114515,-165.442027
2025-04-11T23:36:20Z,27.114513,-165.442025
2025-04-11T23:36:21Z,27.114511,-165.442023
2025-04-11T23:36:22Z,27.114510,-165.442020
2025-04-11T23:36:23Z,27.114509,-165.442016
2025-04-11T23:36:24Z,27.114508,-165.442012
2025-04-11T23:36:25Z,27.114508,-165.442007
2025-04-11T23:36:26Z,27.114507,-165.442003
2025-04-11T23:36:27Z,27.114506,-165.441999
2025-04-11T23:36:28Z,27.114506,-165.441994
2025-04-11T23:36:29Z,27.114505,-165.441990
2025-04-11T23:36:30Z,27.114503,-165.441985
2025-04-11T23:36:31Z,27.114500,-165.441979
2025-04-11T23:36:32Z,27.114498,-165.441974
2025-04-11T23:36:33Z,27.114496,-165.441968
2025-04-11T23:36:34Z,27.114493,-165.441963
2025-04-11T23:36:35Z,27.114491,-165.441957
2025-04-11T23:36:36Z,27.114489,-165.441952
2025-04-11T23:36:37Z,27.114486,-165.441946
2025-04-11T23:36:38Z,27.114498,-165.441949
2025-04-11T23:36:39Z,27.114511,-165.441951
2025-04-11T23:36:40Z,27.114525,-165.441954
2025-04-11T23:36:41Z,27.114538,-165.441957
2025-04-11T23:36:42Z,27.114551,-165.441960
2025-04-11T23:36:43Z,27.114564,-165.441962
2025-04-11T23:36:44Z,27.114577,-165.441965
2025-04-11T23:36:45Z,27.114585,-165.441968
2025-04-11T23:36:46Z,27.114580,-165.441973
2025-04-11T23:36:47Z,27.114576,-165.441978
2025-04-11T23:36:48Z,27.114572,-165.441983
2025-04-11T23:36:49Z,27.114568,-165.441987
2025-04-11T23:36:50Z,27.114564,-165.441992
2025-04-11T23:36:51Z,27.114559,-165.441997
2025-04-11T23:36:52Z,27.114555,-165.442002
2025-04-11T23:36:53Z,27.114550,-165.442004
2025-04-11T23:36:54Z,27.114544,-165.442004
2025-04-11T23:36:55Z,27.114537,-165.442004
2025-04-11T23:36:56Z,27.114531,-165.442004
2025-04-11T23:36:57Z,27.114524,-165.442003
2025-04-11T23:36:58Z,27.114518,-165.442003
2025-04-11T23:36:59Z,27.114512,-165.442003
2025-04-11T23:37:00Z,27.114505,-165.442003
2025-04-11T23:37:01Z,27.114513,-165.442001
2025-04-11T23:37:02Z,27.114525,-165.442000
2025-04-11T23:37:03Z,27.114536,-165.441998
2025-04-11T23:37:04Z,27.114547,-165.441996
2025-04-11T23:37:05Z,27.114559,-165.441994
2025-04-11T23:37:06Z,27.114570,-165.441992
2025-04-11T23:37:07Z,27.114582,-165.441990
2025-04-11T23:37:08Z,27.114593,-165.441988
2025-04-11T23:37:09Z,27.114590,-165.441984
2025-04-11T23:37:10Z,27.114587,-165.441979
2025-04-11T23:37:11Z,27.114584,-165.441975
2025-04-11T23:37:12Z,27.114581,-165.441971
2025-04-11T23:37:13Z,27.114578,-165.441967
2025-04-11T23:37:14Z,27.114576,-165.441963
2025-04-11T23:37:15Z,27.114573,-165.441958
2025-04-11T23:37:16Z,27.114569,-165.441956
2025-04-11T23:37:17Z,27.114565,-165.441956
2025-04-11T23:37:18Z,27.114561,-165.441956
2025-04-11T23:37:19Z,27.114558,-165.441956
2025-04-11T23:37:20Z,27.114554,-165.441955
2025-04-11T23:37:21Z,27.114550,-165.441955
2025-04-11T23:37:22Z,27.114546,-165.441955
2025-04-11T23:37:23Z,27.114542,-165.441955
2025-04-11T23:37:24Z,27.114548,-165.441960
2025-04-11T23:37:25Z,27.114557,-165.441967
2025-04-11T23:37:26Z,27.114567,-165.441974
2025-04-11T23:37:27Z,27.114576,-165.441980
2025-04-11T23:37:28Z,27.114585,-165.441987
2025-04-11T23:37:29Z,27.114594,-165.441994
2025-04-11T23:37:30Z,27.114604,-165.442001
2025-04-11T23:37:31Z,27.114613,-165.442007
2025-04-11T23:37:32Z,27.114607,-165.442003
2025-04-11T23:37:33Z,27.114596,-165.441996
2025-04-11T23:37:34Z,27.114585,-165.441989
2025-04-11T23:37:35Z,27.114574,-165.441981
2025-04-11T23:37:36Z,27.114563,-165.441974
2025-04-11T23:37:37Z,27.114553,-165.441967
2025-04-11T23:37:38Z,27.114542,-165.441960
2025-04-11T23:37:39Z,27.114532,-165.441952
2025-04-11T23:37:40Z,27.114532,-165.441945
2025-04-11T23:37:41Z,27.114532,-165.441937
2025-04-11T23:37:42Z,27.114532,-165.441929
2025-04-11T23:37:43Z,27.114532,-165.441922
2025-04-11T23:37:44Z,27.114532,-165.441914
2025-04-11T23:37:45Z,27.114532,-165.441907
2025-04-11T23:37:46Z,27.114532,-165.441899
2025-04-11T23:37:47Z,27.114532,-165.441895
2025-04-11T23:37:48Z,27.114534,-165.441897
2025-04-11T23:37:49Z,27.114535,-165.441899
2025-04-11T23:37:50Z,27.114536,-165.441901
2025-04-11T23:37:51Z,27.114538,-165.441903
2025-04-11T23:37:52Z,27.114539,-165.441905
2025-04-11T23:37:53Z,27.114540,-165.441907
2025-04-11T23:37:54Z,27.114541,-165.441910
2025-04-11T23:37:55Z,27.114543,-165.441912
2025-04-11T23:37:56Z,27.114544,-165.441914
2025-04-11T23:37:57Z,27.114545,-165.441916
2025-04-11T23:37:58Z,27.114546,-165.441918
2025-04-11T23:37:59Z,27.114548,-165.441920
2025-04-11T23:38:00Z,27.114549,-165.441922
2025-04-11T23:38:01Z,27.114550,-165.441925
2025-04-11T23:38:02Z,27.114552,-165.441927
2025-04-11T23:38:03Z,27.114553,-165.441929
2025-04-11T23:38:04Z,27.114554,-165.441931
2025-04-11T23:38:05Z,27.114555,-165.441933
2025-04-11T23:38:06Z,27.114557,-165.441935
2025-04-11T23:38:07Z,27.114558,-165.441937
2025-04-11T23:38:08Z,27.114560,-165.441938
2025-04-11T23:38:09Z,27.114563,-165.441934
2025-04-11T23:38:10Z,27.114566,-165.441929
2025-04-11T23:38:11Z,27.114570,-165.441925
2025-04-11T23:38:12Z,27.114573,-165.441921
2025-04-11T23:38:13Z,27.114576,-165.441916
2025-04-11T23:38:14Z,27.114580,-165.441912
2025-04-11T23:38:15Z,27.114583,-165.441908
2025-04-11T23:38:16Z,27.114586,-165.441905
2025-04-11T23:38:17Z,27.114583,-165.441913
2025-04-11T23:38:18Z,27.114580,-165.441920
2025-04-11T23:38:19Z,27.114578,-165.441928
2025-04-11T23:38:20Z,27.114575,-165.441935
2025-04-11T23:38:21Z,27.114573,-165.441942
2025-04-11T23:38:22Z,27.114570,-165.441950
2025-04-11T23:38:23Z,27.114567,-165.441957
2025-04-11T23:38:24Z,27.114565,-165.441964
2025-04-11T23:38:25Z,27.114562,-165.441969
2025-04-11T23:38:26Z,27.114560,-165.441975
2025-04-11T23:38:27Z,27.114557,-165.441980
2025-04-11T23:38:28Z,27.114554,-165.441986
2025-04-11T23:38:29Z,27.114552,-165.441991
2025-04-11T23:38:30Z,27.114549,-165.441997
2025-04-11T23:38:31Z,27.114547,-165.442002
2025-04-11T23:38:32Z,27.114547,-165.442007
2025-04-11T23:38:33Z,27.114548,-165.442011
2025-04-11T23:38:34Z,27.114550,-165.442015
2025-04-11T23:38:35Z,27.114551,-165.442018
2025-04-11T23:38:36Z,27.114553,-165.442022
2025-04-11T23:38:37Z,27.114554,-165.442026
2025-04-11T23:38:38Z,27.114555,-165.442030
2025-04-11T23:38:39Z,27.114557,-165.442034
2025-04-11T23:38:40Z,27.114556,-165.442027
2025-04-11T23:38:41Z,27.114555,-165.442017
2025-04-11T23:38:42Z,27.114554,-165.442007
2025-04-11T23:38:43Z,27.114553,-165.441997
2025-04-11T23:38:44Z,27.114552,-165.441987
2025-04-11T23:38:45Z,27.114551,-165.441976
2025-04-11T23:38:46Z,27.114550,-165.441966
2025-04-11T23:38:47Z,27.114548,-165.441958
2025-04-11T23:38:48Z,27.114545,-165.441953
2025-04-11T23:38:49Z,27.114543,-165.441949
2025-04-11T23:38:50Z,27.114540,-165.441945
2025-04-11T23:38:51Z,27.114537,-165.441940
2025-04-11T23:38:52Z,27.114534,-165.441936
2025-04-11T23:38:53Z,27.114531,-165.441932
2025-04-11T23:38:54Z,27.114528,-165.441927
2025-04-11T23:38:55Z,27.114527,-165.441923
2025-04-11T23:38:56Z,27.114531,-165.441921
2025-04-11T23:38:57Z,27.114535,-165.441918
2025-04-11T23:38:58Z,27.114539,-165.441915
2025-04-11T23:38:59Z,27.114543,-165.441912
2025-04-11T23:39:00Z,27.114547,-165.441910
2025-04-11T23:39:01Z,27.114550,-165.441907
2025-04-11T23:39:02Z,27.114554,-165.441904
2025-04-11T23:39:03Z,27.114557,-165.441905
2025-04-11T23:39:04Z,27.114557,-165.441908
2025-04-11T23:39:05Z,27.114558,-165.441912
2025-04-11T23:39:06Z,27.114559,-165.441915
2025-04-11T23:39:07Z,27.114560,-165.441918
2025-04-11T23:39:08Z,27.114561,-165.441922
2025-04-11T23:39:09Z,27.114562,-165.441925
2025-04-11T23:39:10Z,27.114563,-165.441928
2025-04-11T23:39:11Z,27.114561,-165.441935
2025-04-11T23:39:12Z,27.114559,-165.441942
2025-04-11T23:39:13Z,27.114557,-165.441950
2025-04-11T23:39:14Z,27.114555,-165.441957
2025-04-11T23:39:15Z,27.114553,-165.441965
2025-04-11T23:39:16Z,27.114551,-165.441972
2025-04-11T23:39:17Z,27.114549,-165.441979
2025-04-11T23:39:18Z,27.114547,-165.441987
2025-04-11T23:39:19Z,27.114543,-165.441991
2025-04-11T23:39:20Z,27.114538,-165.441995
2025-04-11T23:39:21Z,27.114533,-165.442000
2025-04-11T23:39:22Z,27.114528,-165.442004
2025-04-11T23:39:23Z,27.114524,-165.442008
2025-04-11T23:39:24Z,27.114519,-165.442012
2025-04-11T23:39:25Z,27.114514,-165.442016
2025-04-11T23:39:26Z,27.114509,-165.442020
2025-04-11T23:39:27Z,27.114510,-165.442014
2025-04-11T23:39:28Z,27.114510,-165.442009
2025-04-11T23:39:29Z,27.114511,-165.442003
2025-04-11T23:39:30Z,27.114511,-165.441998
2025-04-11T23:39:31Z,27.114512,-165.441992
2025-04-11T23:39:32Z,27.114512,-165.441987
2025-04-11T23:39:33Z,27.114513,-165.441981
2025-04-11T23:39:34Z,27.114511,-165.441978
2025-04-11T23:39:35Z,27.114507,-165.441978
2025-04-11T23:39:36Z,27.114502,-165.441978
2025-04-11T23:39:37Z,27.114498,-165.441978
2025-04-11T23:39:38Z,27.114494,-165.441979
2025-04-11T23:39:39Z,27.114490,-165.441979
2025-04-11T23:39:40Z,27.114485,-165.441979
2025-04-11T23:39:41Z,27.114481,-165.441979
2025-04-11T23:39:42Z,27.114479,-165.441969
2025-04-11T23:39:43Z,27.114480,-165.441952
2025-04-11T23:39:44Z,27.114481,-165.441934
2025-04-11T23:39:45Z,27.114482,-165.441917
2025-04-11T23:39:46Z,27.114482,-165.441899
2025-04-11T23:39:47Z,27.114483,-165.441882
2025-04-11T23:39:48Z,27.114484,-165.441864
2025-04-11T23:39:49Z,27.114485,-165.441847
2025-04-11T23:39:50Z,27.114484,-165.441844
2025-04-11T23:39:51Z,27.114483,-165.441846
2025-04-11T23:39:52Z,27.114481,-165.441848
2025-04-11T23:39:53Z,27.114480,-165.441850
2025-04-11T23:39:54Z,27.114478,-165.441852
2025-04-11T23:39:55Z,27.114477,-165.441855
2025-04-11T23:39:56Z,27.114475,-165.441857
2025-04-11T23:39:57Z,27.114474,-165.441859
2025-04-11T23:39:58Z,27.114475,-165.441859
2025-04-11T23:39:59Z,27.114477,-165.441859
2025-04-11T23:40:00Z,27.114478,-165.441859
2025-04-11T23:40:01Z,27.114479,-165.441860
2025-04-11T23:40:02Z,27.114480,-165.441860
2025-04-11T23:40:03Z,27.114482,-165.441860
2025-04-11T23:40:04Z,27.114483,-165.441860
2025-04-11T23:40:05Z,27.114484,-165.441860
2025-04-11T23:40:06Z,27.114486,-165.441861
2025-04-11T23:40:07Z,27.114488,-165.441862
2025-04-11T23:40:08Z,27.114490,-165.441863
2025-04-11T23:40:09Z,27.114491,-165.441864
2025-04-11T23:40:10Z,27.114493,-165.441865
2025-04-11T23:40:11Z,27.114495,-165.441865
2025-04-11T23:40:12Z,27.114497,-165.441866
2025-04-11T23:40:13Z,27.114497,-165.441870
2025-04-11T23:40:14Z,27.114493,-165.441879
2025-04-11T23:40:15Z,27.114490,-165.441889
2025-04-11T23:40:16Z,27.114486,-165.441898
2025-04-11T23:40:17Z,27.114482,-165.441908
2025-04-11T23:40:18Z,27.114479,-165.441917
2025-04-11T23:40:19Z,27.114475,-165.441927
2025-04-11T23:40:20Z,27.114471,-165.441936
2025-04-11T23:40:21Z,27.114471,-165.441942
2025-04-11T23:40:22Z,27.114472,-165.441945
2025-04-11T23:40:23Z,27.114473,-165.441948
2025-04-11T23:40:24Z,27.114475,-165.441952
2025-04-11T23:40:25Z,27.114476,-165.441955
2025-04-11T23:40:26Z,27.114477,-165.441958
2025-04-11T23:40:27Z,27.114479,-165.441961
2025-04-11T23:40:28Z,27.114480,-165.441965
2025-04-11T23:40:29Z,27.114479,-165.441965
2025-04-11T23:40:30Z,27.114478,-165.441966
2025-04-11T23:40:31Z,27.114477,-165.441966
2025-04-11T23:40:32Z,27.114476,-165.441967
2025-04-11T23:40:33Z,27.114474,-165.441967
2025-04-11T23:40:34Z,27.114473,-165.441968
2025-04-11T23:40:35Z,27.114472,-165.441968
2025-04-11T23:40:36Z,27.114471,-165.441969
2025-04-11T23:40:37Z,27.114469,-165.441965
2025-04-11T23:40:38Z,27.114466,-165.441961
2025-04-11T23:40:39Z,27.114464,-165.441957
2025-04-11T23:40:40Z,27.114461,-165.441953
2025-04-11T23:40:41Z,27.114459,-165.441949
2025-04-11T23:40:42Z,27.114456,-165.441945
2025-04-11T23:40:43Z,27.114454,-165.441941
2025-04-11T23:40:44Z,27.114451,-165.441937
2025-04-11T23:40:45Z,27.114446,-165.441930
2025-04-11T23:40:46Z,27.114441,-165.441923
2025-04-11T23:40:47Z,27.114436,-165.441916
2025-04-11T23:40:48Z,27.114431,-165.441909
2025-04-11T23:40:49Z,27.114426,-165.441902
2025-04-11T23:40:50Z,27.114421,-165.441896
2025-04-11T23:40:51Z,27.114416,-165.441889
2025-04-11T23:40:52Z,27.114413,-165.441884
2025-04-11T23:40:53Z,27.114417,-165.441890
2025-04-11T23:40:54Z,27.114422,-165.441896
2025-04-11T23:40:55Z,27.114427,-165.441902
2025-04-11T23:40:56Z,27.114431,-165.441908
2025-04-11T23:40:57Z,27.114436,-165.441914
2025-04-11T23:40:58Z,27.114441,-165.441920
2025-04-11T23:40:59Z,27.114445,-165.441926
2025-04-11T23:41:00Z,27.114450,-165.441930
2025-04-11T23:41:01Z,27.114455,-165.441933
2025-04-11T23:41:02Z,27.114459,-165.441936
2025-04-11T23:41:03Z,27.114464,-165.441939
2025-04-11T23:41:04Z,27.114469,-165.441942
2025-04-11T23:41:05Z,27.114474,-165.441946
2025-04-11T23:41:06Z,27.114478,-165.441949
2025-04-11T23:41:07Z,27.114483,-165.441952
2025-04-11T23:41:08Z,27.114480,-165.441952
2025-04-11T23:41:09Z,27.114477,-165.441952
2025-04-11T23:41:10Z,27.114475,-165.441952
2025-04-11T23:41:11Z,27.114472,-165.441952
2025-04-11T23:41:12Z,27.114469,-165.441952
2025-04-11T23:41:13Z,27.114466,-165.441952
2025-04-11T23:41:14Z,27.114464,-165.441952
2025-04-11T23:41:15Z,27.114460,-165.441953
2025-04-11T23:41:16Z,27.114455,-165.441957
2025-04-11T23:41:17Z,27.114451,-165.441960
2025-04-11T23:41:18Z,27.114446,-165.441963
2025-04-11T23:41:19Z,27.114441,-165.441967
2025-04-11T23:41:20Z,27.114437,-165.441970
2025-04-11T23:41:21Z,27.114432,-165.441973
2025-04-11T23:41:22Z,27.114427,-165.441977
2025-04-11T23:41:23Z,27.114425,-165.441979
2025-04-11T23:41:24Z,27.114430,-165.441979
2025-04-11T23:41:25Z,27.114435,-165.441979
2025-04-11T23:41:26Z,27.114440,-165.441979
2025-04-11T23:41:27Z,27.114445,-165.441980
2025-04-11T23:41:28Z,27.114450,-165.441980
2025-04-11T23:41:29Z,27.114455,-165.441980
2025-04-11T23:41:30Z,27.114460,-165.441980
2025-04-11T23:41:31Z,27.114461,-165.441987
2025-04-11T23:41:32Z,27.114459,-165.441996
2025-04-11T23:41:33Z,27.114458,-165.442006
2025-04-11T23:41:34Z,27.114456,-165.442016
2025-04-11T23:41:35Z,27.114455,-165.442025
2025-04-11T23:41:36Z,27.114453,-165.442035
2025-04-11T23:41:37Z,27.114452,-165.442045
2025-04-11T23:41:38Z,27.114450,-165.442055
2025-04-11T23:41:39Z,27.114451,-165.442052
2025-04-11T23:41:40Z,27.114451,-165.442046
2025-04-11T23:41:41Z,27.114452,-165.442041
2025-04-11T23:41:42Z,27.114453,-165.442036
2025-04-11T23:41:43Z,27.114454,-165.442030
2025-04-11T23:41:44Z,27.114455,-165.442025
2025-04-11T23:41:45Z,27.114455,-165.442020
2025-04-11T23:41:46Z,27.114456,-165.442015
2025-04-11T23:41:47Z,27.114456,-165.442010
2025-04-11T23:41:48Z,27.114456,-165.442004
2025-04-11T23:41:49Z,27.114456,-165.441999
2025-04-11T23:41:50Z,27.114456,-165.441994
2025-04-11T23:41:51Z,27.114456,-165.441989
2025-04-11T23:41:52Z,27.114456,-165.441984
2025-04-11T23:41:53Z,27.114456,-165.441979
2025-04-11T23:41:54Z,27.114457,-165.441972
2025-04-11T23:41:55Z,27.114458,-165.441963
2025-04-11T23:41:56Z,27.114460,-165.441954
2025-04-11T23:41:57Z,27.114462,-165.441946
2025-04-11T23:41:58Z,27.114463,-165.441937
2025-04-11T23:41:59Z,27.114465,-165.441928
2025-04-11T23:42:00Z,27.114467,-165.441919
2025-04-11T23:42:01Z,27.114468,-165.441910
2025-04-11T23:42:02Z,27.114469,-165.441907
2025-04-11T23:42:03Z,27.114470,-165.441909
2025-04-11T23:42:04Z,27.114470,-165.441912
2025-04-11T23:42:05Z,27.114471,-165.441914
2025-04-11T23:42:06Z,27.114471,-165.441916
2025-04-11T23:42:07Z,27.114472,-165.441918
2025-04-11T23:42:08Z,27.114472,-165.441920
2025-04-11T23:42:09Z,27.114473,-165.441923
2025-04-11T23:42:10Z,27.114474,-165.441918
2025-04-11T23:42:11Z,27.114474,-165.441911
2025-04-11T23:42:12Z,27.114475,-165.441905
2025-04-11T23:42:13Z,27.114475,-165.441899
2025-04-11T23:42:14Z,27.114476,-165.441893
2025-04-11T23:42:15Z,27.114477,-165.441887
2025-04-11T23:42:16Z,27.114477,-165.441880
2025-04-11T23:42:17Z,27.114478,-165.441874
2025-04-11T23:42:18Z,27.114482,-165.441882
2025-04-11T23:42:19Z,27.114486,-165.441891
2025-04-11T23:42:20Z,27.114489,-165.441900
2025-04-11T23:42:21Z,27.114493,-165.441908
2025-04-11T23:42:22Z,27.114497,-165.441917
2025-04-11T23:42:23Z,27.114501,-165.441926
2025-04-11T23:42:24Z,27.114505,-165.441934
2025-04-11T23:42:25Z,27.114507,-165.441942
2025-04-11T23:42:26Z,27.114500,-165.441938
2025-04-11T23:42:27Z,27.114492,-165.441933
2025-04-11T23:42:28Z,27.114484,-165.441929
2025-04-11T23:42:29Z,27.114477,-165.441925
2025-04-11T23:42:30Z,27.114469,-165.441921
2025-04-11T23:42:31Z,27.114462,-165.441917
2025-04-11T23:42:32Z,27.114454,-165.441913
2025-04-11T23:42:33Z,27.114449,-165.441907
2025-04-11T23:42:34Z,27.114447,-165.441899
2025-04-11T23:42:35Z,27.114445,-165.441890
2025-04-11T23:42:36Z,27.114444,-165.441882
2025-04-11T23:42:37Z,27.114442,-165.441874
2025-04-11T23:42:38Z,27.114440,-165.441865
2025-04-11T23:42:39Z,27.114438,-165.441857
2025-04-11T23:42:40Z,27.114436,-165.441848
2025-04-11T23:42:41Z,27.114435,-165.441847
2025-04-11T23:42:42Z,27.114436,-165.441854
2025-04-11T23:42:43Z,27.114437,-165.441860
2025-04-11T23:42:44Z,27.114438,-165.441867
2025-04-11T23:42:45Z,27.114439,-165.441873
2025-04-11T23:42:46Z,27.114440,-165.441880
2025-04-11T23:42:47Z,27.114441,-165.441886
2025-04-11T23:42:48Z,27.114442,-165.441893
2025-04-11T23:42:49Z,27.114443,-165.441899
2025-04-11T23:42:50Z,27.114444,-165.441906
2025-04-11T23:42:51Z,27.114445,-165.441913
2025-04-11T23:42:52Z,27.114446,-165.441919
2025-04-11T23:42:53Z,27.114447,-165.441926
2025-04-11T23:42:54Z,27.114448,-165.441932
2025-04-11T23:42:55Z,27.114449,-165.441939
2025-04-11T23:42:56Z,27.114449,-165.441945
2025-04-11T23:42:57Z,27.114450,-165.441952
2025-04-11T23:42:58Z,27.114451,-165.441958
2025-04-11T23:42:59Z,27.114452,-165.441965
2025-04-11T23:43:00Z,27.114453,-165.441972
2025-04-11T23:43:01Z,27.114454,-165.441978
2025-04-11T23:43:02Z,27.114455,-165.441984
2025-04-11T23:43:03Z,27.114460,-165.441986
2025-04-11T23:43:04Z,27.114464,-165.441987
2025-04-11T23:43:05Z,27.114468,-165.441988
2025-04-11T23:43:06Z,27.114473,-165.441990
2025-04-11T23:43:07Z,27.114477,-165.441991
2025-04-11T23:43:08Z,27.114481,-165.441993
2025-04-11T23:43:09Z,27.114485,-165.441994
2025-04-11T23:43:10Z,27.114486,-165.441989
2025-04-11T23:43:11Z,27.114481,-165.441976
2025-04-11T23:43:12Z,27.114475,-165.441962
2025-04-11T23:43:13Z,27.114470,-165.441949
2025-04-11T23:43:14Z,27.114465,-165.441935
2025-04-11T23:43:15Z,27.114459,-165.441921
2025-04-11T23:43:16Z,27.114454,-165.441908
2025-04-11T23:43:17Z,27.114449,-165.441894
2025-04-11T23:43:18Z,27.114447,-165.441886
2025-04-11T23:43:19Z,27.114446,-165.441882
2025-04-11T23:43:20Z,27.114446,-165.441878
2025-04-11T23:43:21Z,27.114446,-165.441874
2025-04-11T23:43:22Z,27.114445,-165.441870
2025-04-11T23:43:23Z,27.114445,-165.441866
2025-04-11T23:43:24Z,27.114444,-165.441862
2025-04-11T23:43:25Z,27.114444,-165.441858
2025-04-11T23:43:26Z,27.114447,-165.441860
2025-04-11T23:43:27Z,27.114451,-165.441863
2025-04-11T23:43:28Z,27.114455,-165.441867
2025-04-11T23:43:29Z,27.114459,-165.441870
2025-04-11T23:43:30Z,27.114463,-165.441874
2025-04-11T23:43:31Z,27.114467,-165.441877
2025-04-11T23:43:32Z,27.114471,-165.441881
2025-04-11T23:43:33Z,27.114475,-165.441884
2025-04-11T23:43:34Z,27.114478,-165.441887
2025-04-11T23:43:35Z,27.114482,-165.441891
2025-04-11T23:43:36Z,27.114485,-165.441894
2025-04-11T23:43:37Z,27.114489,-165.441898
2025-04-11T23:43:38Z,27.114492,-165.441901
2025-04-11T23:43:39Z,27.114496,-165.441905
2025-04-11T23:43:40Z,27.114499,-165.441908
2025-04-11T23:43:41Z,27.114503,-165.441911
2025-04-11T23:43:42Z,27.114506,-165.441911
2025-04-11T23:43:43Z,27.114509,-165.441911
2025-04-11T23:43:44Z,27.114513,-165.441911
2025-04-11T23:43:45Z,27.114516,-165.441912
2025-04-11T23:43:46Z,27.114520,-165.441912
2025-04-11T23:43:47Z,27.114523,-165.441912
2025-04-11T23:43:48Z,27.114526,-165.441912
2025-04-11T23:43:49Z,27.114526,-165.441913
2025-04-11T23:43:50Z,27.114522,-165.441915
2025-04-11T23:43:51Z,27.114517,-165.441917
2025-04-11T23:43:52Z,27.114513,-165.441920
2025-04-11T23:43:53Z,27.114509,-165.441922
2025-04-11T23:43:54Z,27.114504,-165.441924
2025-04-11T23:43:55Z,27.114500,-165.441926
2025-04-11T23:43:56Z,27.114496,-165.441928
2025-04-11T23:43:57Z,27.114492,-165.441916
2025-04-11T23:43:58Z,27.114489,-165.441893
2025-04-11T23:43:59Z,27.114486,-165.441871
2025-04-11T23:44:00Z,27.114483,-165.441848
2025-04-11T23:44:01Z,27.114480,-165.441826
2025-04-11T23:44:02Z,27.114476,-165.441804
2025-04-11T23:44:03Z,27.114473,-165.441781
2025-04-11T23:44:04Z,27.114470,-165.441759
2025-04-11T23:44:05Z,27.114473,-165.441764
2025-04-11T23:44:06Z,27.114476,-165.441771
2025-04-11T23:44:07Z,27.114479,-165.441778
2025-04-11T23:44:08Z,27.114482,-165.441784
2025-04-11T23:44:09Z,27.114485,-165.441791
2025-04-11T23:44:10Z,27.114488,-165.441798
2025-04-11T23:44:11Z,27.114490,-165.441804
2025-04-11T23:44:12Z,27.114493,-165.441811
2025-04-11T23:44:13Z,27.114496,-165.441818
2025-04-11T23:44:14Z,27.114499,-165.441824
2025-04-11T23:44:15Z,27.114502,-165.441831
2025-04-11T23:44:16Z,27.114505,-165.441838
2025-04-11T23:44:17Z,27.114508,-165.441844
2025-04-11T23:44:18Z,27.114511,-165.441851
2025-04-11T23:44:19Z,27.114514,-165.441858
2025-04-11T23:44:20Z,27.114517,-165.441864
2025-04-11T23:44:21Z,27.114520,-165.441871
2025-04-11T23:44:22Z,27.114523,-165.441878
2025-04-11T23:44:23Z,27.114526,-165.441884
2025-04-11T23:44:24Z,27.114529,-165.441891
2025-04-11T23:44:25Z,27.114532,-165.441898
2025-04-11T23:44:26Z,27.114532,-165.441902
2025-04-11T23:44:27Z,27.114529,-165.441904
2025-04-11T23:44:28Z,27.114526,-165.441906
2025-04-11T23:44:29Z,27.114523,-165.441908
2025-04-11T23:44:30Z,27.114520,-165.441910
2025-04-11T23:44:31Z,27.114517,-165.441912
2025-04-11T23:44:32Z,27.114514,-165.441914
2025-04-11T23:44:33Z,27.114511,-165.441915
2025-04-11T23:44:34Z,27.114513,-165.441908
2025-04-11T23:44:35Z,27.114518,-165.441898
2025-04-11T23:44:36Z,27.114522,-165.441888
2025-04-11T23:44:37Z,27.114526,-165.441878
2025-04-11T23:44:38Z,27.114531,-165.441868
2025-04-11T23:44:39Z,27.114535,-165.441858
2025-04-11T23:44:40Z,27.114540,-165.441847
2025-04-11T23:44:41Z,27.114544,-165.441837
2025-04-11T23:44:42Z,27.114543,-165.441840
2025-04-11T23:44:43Z,27.114541,-165.441843
2025-04-11T23:44:44Z,27.114540,-165.441846
2025-04-11T23:44:45Z,27.114538,-165.441849
2025-04-11T23:44:46Z,27.114537,-165.441852
2025-04-11T23:44:47Z,27.114536,-165.441855
2025-04-11T23:44:48Z,27.114534,-165.441858
2025-04-11T23:44:49Z,27.114532,-165.441861
2025-04-11T23:44:50Z,27.114525,-165.441866
2025-04-11T23:44:51Z,27.114518,-165.441870
2025-04-11T23:44:52Z,27.114511,-165.441875
2025-04-11T23:44:53Z,27.114504,-165.441879
2025-04-11T23:44:54Z,27.114497,-165.441884
2025-04-11T23:44:55Z,27.114491,-165.441888
2025-04-11T23:44:56Z,27.114484,-165.441893
2025-04-11T23:44:57Z,27.114483,-165.441891
2025-04-11T23:44:58Z,27.114489,-165.441882
2025-04-11T23:44:59Z,27.114495,-165.441873
2025-04-11T23:45:00Z,27.114501,-165.441864
2025-04-11T23:45:01Z,27.114507,-165.441855
2025-04-11T23:45:02Z,27.114513,-165.441846
2025-04-11T23:45:03Z,27.114519,-165.441837
2025-04-11T23:45:04Z,27.114525,-165.441827
2025-04-11T23:45:05Z,27.114526,-165.441823
2025-04-11T23:45:06Z,27.114524,-165.441820
2025-04-11T23:45:07Z,27.114522,-165.441818
2025-04-11T23:45:08Z,27.114520,-165.441816
2025-04-11T23:45:09Z,27.114518,-165.441813
2025-04-11T23:45:10Z,27.114515,-165.441811
2025-04-11T23:45:11Z,27.114513,-165.441809
2025-04-11T23:45:12Z,27.114511,-165.441806
2025-04-11T23:45:13Z,27.114514,-165.441807
2025-04-11T23:45:14Z,27.114518,-165.441808
2025-04-11T23:45:15Z,27.114522,-165.441809
2025-04-11T23:45:16Z,27.114526,-165.441809
2025-04-11T23:45:17Z,27.114530,-165.441810
2025-04-11T23:45:18Z,27.114534,-165.441811
2025-04-11T23:45:19Z,27.114538,-165.441812
2025-04-11T23:45:20Z,27.114542,-165.441813
2025-04-11T23:45:21Z,27.114541,-165.441821
2025-04-11T23:45:22Z,27.114541,-165.441829
2025-04-11T23:45:23Z,27.114540,-165.441837
2025-04-11T23:45:24Z,27.114539,-165.441845
2025-04-11T23:45:25Z,27.114539,-165.441853
2025-04-11T23:45:26Z,27.114538,-165.441861
2025-04-11T23:45:27Z,27.114538,-165.441869
2025-04-11T23:45:28Z,27.114536,-165.441876
2025-04-11T23:45:29Z,27.114533,-165.441880
2025-04-11T23:45:30Z,27.114529,-165.441884
2025-04-11T23:45:31Z,27.114526,-165.441888
2025-04-11T23:45:32Z,27.114522,-165.441893
2025-04-11T23:45:33Z,27.114519,-165.441897
2025-04-11T23:45:34Z,27.114515,-165.441901
2025-04-11T23:45:35Z,27.114512,-165.441906
2025-04-11T23:45:36Z,27.114509,-165.441911
2025-04-11T23:45:37Z,27.114507,-165.441916
2025-04-11T23:45:38Z,27.114504,-165.441920
2025-04-11T23:45:39Z,27.114501,-165.441925
2025-04-11T23:45:40Z,27.114499,-165.441930
2025-04-11T23:45:41Z,27.114496,-165.441935
2025-04-11T23:45:42Z,27.114494,-165.441940
2025-04-11T23:45:43Z,27.114490,-165.441936
2025-04-11T23:45:44Z,27.114486,-165.441921
2025-04-11T23:45:45Z,27.114483,-165.441905
2025-04-11T23:45:46Z,27.114479,-165.441890
2025-04-11T23:45:47Z,27.114475,-165.441874
2025-04-11T23:45:48Z,27.114471,-165.441859
2025-04-11T23:45:49Z,27.114467,-165.441843
2025-04-11T23:45:50Z,27.114463,-165.441827
2025-04-11T23:45:51Z,27.114457,-165.441825
2025-04-11T23:45:52Z,27.114451,-165.441829
2025-04-11T23:45:53Z,27.114445,-165.441832
2025-04-11T23:45:54Z,27.114438,-165.441835
2025-04-11T23:45:55Z,27.114432,-165.441839
2025-04-11T23:45:56Z,27.114425,-165.441842
2025-04-11T23:45:57Z,27.114419,-165.441845
2025-04-11T23:45:58Z,27.114413,-165.441849
2025-04-11T23:45:59Z,27.114421,-165.441841
2025-04-11T23:46:00Z,27.114430,-165.441833
2025-04-11T23:46:01Z,27.114439,-165.441825
2025-04-11T23:46:02Z,27.114449,-165.441817
2025-04-11T23:46:03Z,27.114458,-165.441808
2025-04-11T23:46:04Z,27.114467,-165.441800
2025-04-11T23:46:05Z,27.114477,-165.441792
2025-04-11T23:46:06Z,27.114477,-165.441792
2025-04-11T23:46:07Z,27.114475,-165.441795
2025-04-11T23:46:08Z,27.114473,-165.441797
2025-04-11T23:46:09Z,27.114472,-165.441800
2025-04-11T23:46:10Z,27.114470,-165.441803
2025-04-11T23:46:11Z,27.114468,-165.441805
2025-04-11T23:46:12Z,27.114466,-165.441808
2025-04-11T23:46:13Z,27.114462,-165.441806
2025-04-11T23:46:14Z,27.114454,-165.441785
2025-04-11T23:46:15Z,27.114446,-165.441765
2025-04-11T23:46:16Z,27.114437,-165.441744
2025-04-11T23:46:17Z,27.114429,-165.441724
2025-04-11T23:46:18Z,27.114421,-165.441703
2025-04-11T23:46:19Z,27.114412,-165.441683
2025-04-11T23:46:20Z,27.114404,-165.441662
2025-04-11T23:46:21Z,27.114401,-165.441669
2025-04-11T23:46:22Z,27.114404,-165.441700
2025-04-11T23:46:23Z,27.114407,-165.441730
2025-04-11T23:46:24Z,27.114409,-165.441760
2025-04-11T23:46:25Z,27.114412,-165.441790
2025-04-11T23:46:26Z,27.114415,-165.441820
2025-04-11T23:46:27Z,27.114417,-165.441850
2025-04-11T23:46:28Z,27.114420,-165.441881
2025-04-11T23:46:29Z,27.114421,-165.441884
2025-04-11T23:46:30Z,27.114422,-165.441864
2025-04-11T23:46:31Z,27.114423,-165.441844
2025-04-11T23:46:32Z,27.114424,-165.441823
2025-04-11T23:46:33Z,27.114425,-165.441803
2025-04-11T23:46:34Z,27.114426,-165.441783
2025-04-11T23:46:35Z,27.114427,-165.441762
2025-04-11T23:46:36Z,27.114428,-165.441742
2025-04-11T23:46:37Z,27.114427,-165.441744
2025-04-11T23:46:38Z,27.114425,-165.441753
2025-04-11T23:46:39Z,27.114423,-165.441763
2025-04-11T23:46:40Z,27.114421,-165.441772
2025-04-11T23:46:41Z,27.114419,-165.441781
2025-04-11T23:46:42Z,27.114417,-165.441790
2025-04-11T23:46:43Z,27.114416,-165.441800
2025-04-11T23:46:44Z,27.114414,-165.441809
2025-04-11T23:46:45Z,27.114411,-165.441816
2025-04-11T23:46:46Z,27.114409,-165.441823
2025-04-11T23:46:47Z,27.114406,-165.441831
2025-04-11T23:46:48Z,27.114404,-165.441838
2025-04-11T23:46:49Z,27.114401,-165.441846
2025-04-11T23:46:50Z,27.114399,-165.441853
2025-04-11T23:46:51Z,27.114396,-165.441860
2025-04-11T23:46:52Z,27.114395,-165.441866
2025-04-11T23:46:53Z,27.114397,-165.441867
2025-04-11T23:46:54Z,27.114400,-165.441869
2025-04-11T23:46:55Z,27.114403,-165.441870
2025-04-11T23:46:56Z,27.114406,-165.441871
2025-04-11T23:46:57Z,27.114409,-165.441872
2025-04-11T23:46:58Z,27.114411,-165.441873
2025-04-11T23:46:59Z,27.114414,-165.441874
2025-04-11T23:47:00Z,27.114415,-165.441871
2025-04-11T23:47:01Z,27.114413,-165.441859
2025-04-11T23:47:02Z,27.114411,-165.441848
2025-04-11T23:47:03Z,27.114409,-165.441836
2025-04-11T23:47:04Z,27.114407,-165.441825
2025-04-11T23:47:05Z,27.114406,-165.441813
2025-04-11T23:47:06Z,27.114404,-165.441802
2025-04-11T23:47:07Z,27.114402,-165.441791
2025-04-11T23:47:08Z,27.114402,-165.441794
2025-04-11T23:47:09Z,27.114404,-165.441804
2025-04-11T23:47:10Z,27.114405,-165.441814
2025-04-11T23:47:11Z,27.114407,-165.441823
2025-04-11T23:47:12Z,27.114409,-165.441833
2025-04-11T23:47:13Z,27.114410,-165.441843
2025-04-11T23:47:14Z,27.114412,-165.441853
2025-04-11T23:47:15Z,27.114413,-165.441863
2025-04-11T23:47:16Z,27.114414,-165.441861
2025-04-11T23:47:17Z,27.114413,-165.441855
2025-04-11T23:47:18Z,27.114412,-165.441848
2025-04-11T23:47:19Z,27.114412,-165.441842
2025-04-11T23:47:20Z,27.114411,-165.441835
2025-04-11T23:47:21Z,27.114410,-165.441828
2025-04-11T23:47:22Z,27.114410,-165.441822
2025-04-11T23:47:23Z,27.114409,-165.441816
2025-04-11T23:47:24Z,27.114408,-165.441812
2025-04-11T23:47:25Z,27.114407,-165.441809
2025-04-11T23:47:26Z,27.114406,-165.441806
2025-04-11T23:47:27Z,27.114405,-165.441803
2025-04-11T23:47:28Z,27.114404,-165.441800
2025-04-11T23:47:29Z,27.114403,-165.441796
2025-04-11T23:47:30Z,27.114402,-165.441793
2025-04-11T23:47:31Z,27.114402,-165.441792
2025-04-11T23:47:32Z,27.114407,-165.441796
2025-04-11T23:47:33Z,27.114411,-165.441801
2025-04-11T23:47:34Z,27.114416,-165.441805
2025-04-11T23:47:35Z,27.114420,-165.441809
2025-04-11T23:47:36Z,27.114424,-165.441813
2025-04-11T23:47:37Z,27.114429,-165.441817
2025-04-11T23:47:38Z,27.114433,-165.441821
2025-04-11T23:47:39Z,27.114437,-165.441820
2025-04-11T23:47:40Z,27.114439,-165.441816
2025-04-11T23:47:41Z,27.114442,-165.441812
2025-04-11T23:47:42Z,27.114445,-165.441808
2025-04-11T23:47:43Z,27.114448,-165.441804
2025-04-11T23:47:44Z,27.114450,-165.441800
2025-04-11T23:47:45Z,27.114453,-165.441796
2025-04-11T23:47:46Z,27.114456,-165.441792
2025-04-11T23:47:47Z,27.114457,-165.441792
2025-04-11T23:47:48Z,27.114458,-165.441793
2025-04-11T23:47:49Z,27.114459,-165.441795
2025-04-11T23:47:50Z,27.114460,-165.441796
2025-04-11T23:47:51Z,27.114461,-165.441797
2025-04-11T23:47:52Z,27.114462,-165.441799
2025-04-11T23:47:53Z,27.114463,-165.441800
2025-04-11T23:47:54Z,27.114465,-165.441801
2025-04-11T23:47:55Z,27.114468,-165.441803
2025-04-11T23:47:56Z,27.114472,-165.441804
2025-04-11T23:47:57Z,27.114475,-165.441805
2025-04-11T23:47:58Z,27.114479,-165.441806
2025-04-11T23:47:59Z,27.114482,-165.441808
2025-04-11T23:48:00Z,27.114485,-165.441809
2025-04-11T23:48:01Z,27.114489,-165.441810
2025-04-11T23:48:02Z,27.114490,-165.441808
2025-04-11T23:48:03Z,27.114487,-165.441800
2025-04-11T23:48:04Z,27.114484,-165.441792
2025-04-11T23:48:05Z,27.114482,-165.441784
2025-04-11T23:48:06Z,27.114479,-165.441777
2025-04-11T23:48:07Z,27.114476,-165.441769
2025-04-11T23:48:08Z,27.114474,-165.441761
2025-04-11T23:48:09Z,27.114471,-165.441753
2025-04-11T23:48:10Z,27.114464,-165.441751
2025-04-11T23:48:11Z,27.114454,-165.441751
2025-04-11T23:48:12Z,27.114445,-165.441751
2025-04-11T23:48:13Z,27.114436,-165.441751
2025-04-11T23:48:14Z,27.114427,-165.441751
2025-04-11T23:48:15Z,27.114418,-165.441751
2025-04-11T23:48:16Z,27.114409,-165.441751
2025-04-11T23:48:17Z,27.114400,-165.441751
2025-04-11T23:48:18Z,27.114405,-165.441750
2025-04-11T23:48:19Z,27.114412,-165.441749
2025-04-11T23:48:20Z,27.114419,-165.441748
2025-04-11T23:48:21Z,27.114426,-165.441748
2025-04-11T23:48:22Z,27.114433,-165.441747
2025-04-11T23:48:23Z,27.114440,-165.441746
2025-04-11T23:48:24Z,27.114447,-165.441745
2025-04-11T23:48:25Z,27.114454,-165.441744
2025-04-11T23:48:26Z,27.114455,-165.441740
2025-04-11T23:48:27Z,27.114457,-165.441736
2025-04-11T23:48:28Z,27.114458,-165.441732
2025-04-11T23:48:29Z,27.114459,-165.441728
2025-04-11T23:48:30Z,27.114461,-165.441724
2025-04-11T23:48:31Z,27.114462,-165.441720
2025-04-11T23:48:32Z,27.114463,-165.441716
2025-04-11T23:48:33Z,27.114465,-165.441717
2025-04-11T23:48:34Z,27.114466,-165.441723
2025-04-11T23:48:35Z,27.114468,-165.441729
2025-04-11T23:48:36Z,27.114469,-165.441735
2025-04-11T23:48:37Z,27.114471,-165.441741
2025-04-11T23:48:38Z,27.114472,-165.441747
2025-04-11T23:48:39Z,27.114474,-165.441753
2025-04-11T23:48:40Z,27.114475,-165.441759
2025-04-11T23:48:41Z,27.114478,-165.441763
2025-04-11T23:48:42Z,27.114481,-165.441766
2025-04-11T23:48:43Z,27.114485,-165.441768
2025-04-11T23:48:44Z,27.114488,-165.441771
2025-04-11T23:48:45Z,27.114492,-165.441773
2025-04-11T23:48:46Z,27.114495,-165.441776
2025-04-11T23:48:47Z,27.114499,-165.441778
2025-04-11T23:48:48Z,27.114502,-165.441780
2025-04-11T23:48:49Z,27.114500,-165.441780
2025-04-11T23:48:50Z,27.114496,-165.441779
2025-04-11T23:48:51Z,27.114492,-165.441778
2025-04-11T23:48:52Z,27.114488,-165.441778
2025-04-11T23:48:53Z,27.114484,-165.441777
2025-04-11T23:48:54Z,27.114480,-165.441776
2025-04-11T23:48:55Z,27.114476,-165.441775
2025-04-11T23:48:56Z,27.114473,-165.441773
2025-04-11T23:48:57Z,27.114475,-165.441770
2025-04-11T23:48:58Z,27.114476,-165.441767
2025-04-11T23:48:59Z,27.114478,-165.441764
2025-04-11T23:49:00Z,27.114479,-165.441761
2025-04-11T23:49:01Z,27.114481,-165.441757
2025-04-11T23:49:02Z,27.114482,-165.441754
2025-04-11T23:49:03Z,27.114484,-165.441751
2025-04-11T23:49:04Z,27.114486,-165.441746
2025-04-11T23:49:05Z,27.114488,-165.441739
2025-04-11T23:49:06Z,27.114491,-165.441731
2025-04-11T23:49:07Z,27.114493,-165.441724
2025-04-11T23:49:08Z,27.114495,-165.441716
2025-04-11T23:49:09Z,27.114498,-165.441708
2025-04-11T23:49:10Z,27.114500,-165.441701
2025-04-11T23:49:11Z,27.114503,-165.441693
2025-04-11T23:49:12Z,27.114505,-165.441688
2025-04-11T23:49:13Z,27.114506,-165.441685
2025-04-11T23:49:14Z,27.114508,-165.441682
2025-04-11T23:49:15Z,27.114509,-165.441680
2025-04-11T23:49:16Z,27.114511,-165.441677
2025-04-11T23:49:17Z,27.114512,-165.441674
2025-04-11T23:49:18Z,27.114513,-165.441672
2025-04-11T23:49:19Z,27.114515,-165.441669
2025-04-11T23:49:20Z,27.114516,-165.441666
2025-04-11T23:49:21Z,27.114518,-165.441664
2025-04-11T23:49:22Z,27.114519,-165.441661
2025-04-11T23:49:23Z,27.114521,-165.441658
2025-04-11T23:49:24Z,27.114522,-165.441656
2025-04-11T23:49:25Z,27.114524,-165.441653
2025-04-11T23:49:26Z,27.114525,-165.441650
2025-04-11T23:49:27Z,27.114527,-165.441647
2025-04-11T23:49:28Z,27.114533,-165.441654
2025-04-11T23:49:29Z,27.114541,-165.441662
2025-04-11T23:49:30Z,27.114549,-165.441670
2025-04-11T23:49:31Z,27.114557,-165.441678
2025-04-11T23:49:32Z,27.114564,-165.441686
2025-04-11T23:49:33Z,27.114572,-165.441694
2025-04-11T23:49:34Z,27.114580,-165.441703
2025-04-11T23:49:35Z,27.114582,-165.441709
2025-04-11T23:49:36Z,27.114573,-165.441714
2025-04-11T23:49:37Z,27.114565,-165.441718
2025-04-11T23:49:38Z,27.114556,-165.441722
2025-04-11T23:49:39Z,27.114547,-165.441726
2025-04-11T23:49:40Z,27.114539,-165.441730
2025-04-11T23:49:41Z,27.114530,-165.441734
2025-04-11T23:49:42Z,27.114521,-165.441738
2025-04-11T23:49:43Z,27.114518,-165.441738
2025-04-11T23:49:44Z,27.114519,-165.441736
2025-04-11T23:49:45Z,27.114519,-165.441734
2025-04-11T23:49:46Z,27.114519,-165.441731
2025-04-11T23:49:47Z,27.114520,-165.441729
2025-04-11T23:49:48Z,27.114520,-165.441726
2025-04-11T23:49:49Z,27.114521,-165.441724
2025-04-11T23:49:50Z,27.114521,-165.441721
2025-04-11T23:49:51Z,27.114529,-165.441724
2025-04-11T23:49:52Z,27.114538,-165.441727
2025-04-11T23:49:53Z,27.114547,-165.441730
2025-04-11T23:49:54Z,27.114555,-165.441733
2025-04-11T23:49:55Z,27.114564,-165.441737
2025-04-11T23:49:56Z,27.114573,-165.441740
2025-04-11T23:49:57Z,27.114582,-165.441743
2025-04-11T23:49:58Z,27.114589,-165.441746
2025-04-11T23:49:59Z,27.114576,-165.441741
2025-04-11T23:50:00Z,27.114564,-165.441736
2025-04-11T23:50:01Z,27.114551,-165.441732
2025-04-11T23:50:02Z,27.114539,-165.441727
2025-04-11T23:50:03Z,27.114526,-165.441722
2025-04-11T23:50:04Z,27.114514,-165.441717
2025-04-11T23:50:05Z,27.114501,-165.441713
2025-04-11T23:50:06Z,27.114490,-165.441708
2025-04-11T23:50:07Z,27.114484,-165.441705
2025-04-11T23:50:08Z,27.114478,-165.441702
2025-04-11T23:50:09Z,27.114472,-165.441699
2025-04-11T23:50:10Z,27.114466,-165.441696
2025-04-11T23:50:11Z,27.114461,-165.441693
2025-04-11T23:50:12Z,27.114455,-165.441690
2025-04-11T23:50:13Z,27.114449,-165.441687
2025-04-11T23:50:14Z,27.114452,-165.441689
2025-04-11T23:50:15Z,27.114462,-165.441695
2025-04-11T23:50:16Z,27.114473,-165.441702
2025-04-11T23:50:17Z,27.114484,-165.441708
2025-04-11T23:50:18Z,27.114495,-165.441714
2025-04-11T23:50:19Z,27.114505,-165.441720
2025-04-11T23:50:20Z,27.114516,-165.441726
2025-04-11T23:50:21Z,27.114527,-165.441733
2025-04-11T23:50:22Z,27.114534,-165.441739
2025-04-11T23:50:23Z,27.114540,-165.441746
2025-04-11T23:50:24Z,27.114545,-165.441753
2025-04-11T23:50:25Z,27.114551,-165.441759
2025-04-11T23:50:26Z,27.114556,-165.441766
2025-04-11T23:50:27Z,27.114562,-165.441773
2025-04-11T23:50:28Z,27.114568,-165.441780
2025-04-11T23:50:29Z,27.114572,-165.441785
2025-04-11T23:50:30Z,27.114572,-165.441788
2025-04-11T23:50:31Z,27.114572,-165.441791
2025-04-11T23:50:32Z,27.114572,-165.441793
2025-04-11T23:50:33Z,27.114571,-165.441796
2025-04-11T23:50:34Z,27.114571,-165.441798
2025-04-11T23:50:35Z,27.114571,-165.441801
2025-04-11T23:50:36Z,27.114571,-165.441803
2025-04-11T23:50:37Z,27.114571,-165.441803
2025-04-11T23:50:38Z,27.114569,-165.441797
2025-04-11T23:50:39Z,27.114568,-165.441791
2025-04-11T23:50:40Z,27.114566,-165.441785
2025-04-11T23:50:41Z,27.114565,-165.441779
2025-04-11T23:50:42Z,27.114563,-165.441773
2025-04-11T23:50:43Z,27.114562,-165.441767
2025-04-11T23:50:44Z,27.114561,-165.441761
2025-04-11T23:50:45Z,27.114563,-165.441752
2025-04-11T23:50:46Z,27.114569,-165.441740
2025-04-11T23:50:47Z,27.114575,-165.441729
2025-04-11T23:50:48Z,27.114580,-165.441717
2025-04-11T23:50:49Z,27.114586,-165.441705
2025-04-11T23:50:50Z,27.114591,-165.441694
2025-04-11T23:50:51Z,27.114597,-165.441682
2025-04-11T23:50:52Z,27.114602,-165.441671
2025-04-11T23:50:53Z,27.114599,-165.441670
2025-04-11T23:50:54Z,27.114595,-165.441671
2025-04-11T23:50:55Z,27.114591,-165.441673
2025-04-11T23:50:56Z,27.114586,-165.441674
2025-04-11T23:50:57Z,27.114582,-165.441675
2025-04-11T23:50:58Z,27.114578,-165.441676
2025-04-11T23:50:59Z,27.114574,-165.441678
2025-04-11T23:51:00Z,27.114569,-165.441679
2025-04-11T23:51:01Z,27.114566,-165.441674
2025-04-11T23:51:02Z,27.114563,-165.441668
2025-04-11T23:51:03Z,27.114560,-165.441663
2025-04-11T23:51:04Z,27.114558,-165.441657
2025-04-11T23:51:05Z,27.114555,-165.441652
2025-04-11T23:51:06Z,27.114552,-165.441646
2025-04-11T23:51:07Z,27.114549,-165.441641
2025-04-11T23:51:08Z,27.114547,-165.441639
2025-04-11T23:51:09Z,27.114548,-165.441643
2025-04-11T23:51:10Z,27.114548,-165.441648
2025-04-11T23:51:11Z,27.114549,-165.441652
2025-04-11T23:51:12Z,27.114549,-165.441657
2025-04-11T23:51:13Z,27.114550,-165.441661
2025-04-11T23:51:14Z,27.114550,-165.441666
2025-04-11T23:51:15Z,27.114551,-165.441670
2025-04-11T23:51:16Z,27.114551,-165.441675
2025-04-11T23:51:17Z,27.114552,-165.441680
2025-04-11T23:51:18Z,27.114552,-165.441684
2025-04-11T23:51:19Z,27.114553,-165.441689
2025-04-11T23:51:20Z,27.114553,-165.441693
2025-04-11T23:51:21Z,27.114554,-165.441698
2025-04-11T23:51:22Z,27.114554,-165.441702
2025-04-11T23:51:23Z,27.114555,-165.441707
2025-04-11T23:51:24Z,27.114555,-165.441711
2025-04-11T23:51:25Z,27.114556,-165.441716
2025-04-11T23:51:26Z,27.114556,-165.441721
2025-04-11T23:51:27Z,27.114557,-165.441725
2025-04-11T23:51:28Z,27.114558,-165.441730
2025-04-11T23:51:29Z,27.114558,-165.441734
2025-04-11T23:51:30Z,27.114563,-165.441738
2025-04-11T23:51:31Z,27.114567,-165.441742
2025-04-11T23:51:32Z,27.114572,-165.441747
2025-04-11T23:51:33Z,27.114576,-165.441751
2025-04-11T23:51:34Z,27.114581,-165.441755
2025-04-11T23:51:35Z,27.114585,-165.441759
2025-04-11T23:51:36Z,27.114590,-165.441763
2025-04-11T23:51:37Z,27.114592,-165.441767
2025-04-11T23:51:38Z,27.114589,-165.441769
2025-04-11T23:51:39Z,27.114586,-165.441772
2025-04-11T23:51:40Z,27.114583,-165.441775
2025-04-11T23:51:41Z,27.114580,-165.441777
2025-04-11T23:51:42Z,27.114577,-165.441780
2025-04-11T23:51:43Z,27.114573,-165.441782
2025-04-11T23:51:44Z,27.114570,-165.441785
2025-04-11T23:51:45Z,27.114573,-165.441786
2025-04-11T23:51:46Z,27.114579,-165.441785
2025-04-11T23:51:47Z,27.114585,-165.441785
2025-04-11T23:51:48Z,27.114591,-165.441784
2025-04-11T23:51:49Z,27.114597,-165.441784
2025-04-11T23:51:50Z,27.114604,-165.441783
2025-04-11T23:51:51Z,27.114610,-165.441783
2025-04-11T23:51:52Z,27.114616,-165.441782
2025-04-11T23:51:53Z,27.114616,-165.441784
2025-04-11T23:51:54Z,27.114614,-165.441786
2025-04-11T23:51:55Z,27.114612,-165.441788
2025-04-11T23:51:56Z,27.114611,-165.441789
2025-04-11T23:51:57Z,27.114609,-165.441791
2025-04-11T23:51:58Z,27.114607,-165.441793
2025-04-11T23:51:59Z,27.114605,-165.441795
2025-04-11T23:52:00Z,27.114603,-165.441796
2025-04-11T23:52:01Z,27.114597,-165.441786
2025-04-11T23:52:02Z,27.114591,-165.441776
2025-04-11T23:52:03Z,27.114585,-165.441766
2025-04-11T23:52:04Z,27.114579,-165.441756
2025-04-11T23:52:05Z,27.114573,-165.441746
2025-04-11T23:52:06Z,27.114567,-165.441736
2025-04-11T23:52:07Z,27.114561,-165.441726
2025-04-11T23:52:08Z,27.114557,-165.441717
2025-04-11T23:52:09Z,27.114555,-165.441709
2025-04-11T23:52:10Z,27.114553,-165.441702
2025-04-11T23:52:11Z,27.114551,-165.441695
2025-04-11T23:52:12Z,27.114550,-165.441687
2025-04-11T23:52:13Z,27.114548,-165.441680
2025-04-11T23:52:14Z,27.114546,-165.441672
2025-04-11T23:52:15Z,27.114544,-165.441665
2025-04-11T23:52:16Z,27.114545,-165.441666
2025-04-11T23:52:17Z,27.114545,-165.441669
2025-04-11T23:52:18Z,27.114546,-165.441673
2025-04-11T23:52:19Z,27.114547,-165.441677
2025-04-11T23:52:20Z,27.114548,-165.441681
2025-04-11T23:52:21Z,27.114549,-165.441684
2025-04-11T23:52:22Z,27.114550,-165.441688
2025-04-11T23:52:23Z,27.114550,-165.441692
2025-04-11T23:52:24Z,27.114551,-165.441696
2025-04-11T23:52:25Z,27.114552,-165.441699
2025-04-11T23:52:26Z,27.114553,-165.441703
2025-04-11T23:52:27Z,27.114554,-165.441707
2025-04-11T23:52:28Z,27.114555,-165.441710
2025-04-11T23:52:29Z,27.114556,-165.441714
2025-04-11T23:52:30Z,27.114556,-165.441718
2025-04-11T23:52:31Z,27.114557,-165.441722
2025-04-11T23:52:32Z,27.114558,-165.441725
2025-04-11T23:52:33Z,27.114559,-165.441729
2025-04-11T23:52:34Z,27.114560,-165.441733
2025-04-11T23:52:35Z,27.114561,-165.441737
2025-04-11T23:52:36Z,27.114561,-165.441740
2025-04-11T23:52:37Z,27.114561,-165.441742
2025-04-11T23:52:38Z,27.114558,-165.441739
2025-04-11T23:52:39Z,27.114555,-165.441736
2025-04-11T23:52:40Z,27.114552,-165.441733
2025-04-11T23:52:41Z,27.114549,-165.441729
2025-04-11T23:52:42Z,27.114547,-165.441726
2025-04-11T23:52:43Z,27.114544,-165.441723
2025-04-11T23:52:44Z,27.114541,-165.441720
2025-04-11T23:52:45Z,27.114537,-165.441717
2025-04-11T23:52:46Z,27.114531,-165.441715
2025-04-11T23:52:47Z,27.114526,-165.441713
2025-04-11T23:52:48Z,27.114520,-165.441711
2025-04-11T23:52:49Z,27.114514,-165.441709
2025-04-11T23:52:50Z,27.114509,-165.441708
2025-04-11T23:52:51Z,27.114503,-165.441706
2025-04-11T23:52:52Z,27.114498,-165.441704
2025-04-11T23:52:53Z,27.114499,-165.441701
2025-04-11T23:52:54Z,27.114505,-165.441697
2025-04-11T23:52:55Z,27.114510,-165.441694
2025-04-11T23:52:56Z,27.114515,-165.441691
2025-04-11T23:52:57Z,27.114520,-165.441687
2025-04-11T23:52:58Z,27.114525,-165.441684
2025-04-11T23:52:59Z,27.114531,-165.441680
2025-04-11T23:53:00Z,27.114536,-165.441677
2025-04-11T23:53:01Z,27.114543,-165.441680
2025-04-11T23:53:02Z,27.114551,-165.441682
2025-04-11T23:53:03Z,27.114559,-165.441685
2025-04-11T23:53:04Z,27.114566,-165.441688
2025-04-11T23:53:05Z,27.114574,-165.441690
2025-04-11T23:53:06Z,27.114581,-165.441693
2025-04-11T23:53:07Z,27.114589,-165.441696
2025-04-11T23:53:08Z,27.114595,-165.441698
2025-04-11T23:53:09Z,27.114589,-165.441703
2025-04-11T23:53:10Z,27.114582,-165.441707
2025-04-11T23:53:11Z,27.114575,-165.441711
2025-04-11T23:53:12Z,27.114568,-165.441715
2025-04-11T23:53:13Z,27.114561,-165.441720
2025-04-11T23:53:14Z,27.114555,-165.441724
2025-04-11T23:53:15Z,27.114548,-165.441728
2025-04-11T23:53:16Z,27.114542,-165.441735
2025-04-11T23:53:17Z,27.114537,-165.441746
2025-04-11T23:53:18Z,27.114533,-165.441758
2025-04-11T23:53:19Z,27.114529,-165.441770
2025-04-11T23:53:20Z,27.114525,-165.441781
2025-04-11T23:53:21Z,27.114520,-165.441793
2025-04-11T23:53:22Z,27.114516,-165.441805
2025-04-11T23:53:23Z,27.114512,-165.441816
2025-04-11T23:53:24Z,27.114511,-165.441812
2025-04-11T23:53:25Z,27.114512,-165.441802
2025-04-11T23:53:26Z,27.114512,-165.441792
2025-04-11T23:53:27Z,27.114513,-165.441783
2025-04-11T23:53:28Z,27.114513,-165.441773
2025-04-11T23:53:29Z,27.114514,-165.441764
2025-04-11T23:53:30Z,27.114514,-165.441754
2025-04-11T23:53:31Z,27.114515,-165.441745
2025-04-11T23:53:32Z,27.114517,-165.441740
2025-04-11T23:53:33Z,27.114520,-165.441735
2025-04-11T23:53:34Z,27.114523,-165.441731
2025-04-11T23:53:35Z,27.114526,-165.441727
2025-04-11T23:53:36Z,27.114529,-165.441723
2025-04-11T23:53:37Z,27.114532,-165.441719
2025-04-11T23:53:38Z,27.114534,-165.441715
2025-04-11T23:53:39Z,27.114537,-165.441711
2025-04-11T23:53:40Z,27.114538,-165.441712
2025-04-11T23:53:41Z,27.114539,-165.441714
2025-04-11T23:53:42Z,27.114541,-165.441715
2025-04-11T23:53:43Z,27.114542,-165.441716
2025-04-11T23:53:44Z,27.114543,-165.441717
2025-04-11T23:53:45Z,27.114544,-165.441719
2025-04-11T23:53:46Z,27.114545,-165.441720
2025-04-11T23:53:47Z,27.114546,-165.441722
2025-04-11T23:53:48Z,27.114546,-165.441729
2025-04-11T23:53:49Z,27.114545,-165.441735
2025-04-11T23:53:50Z,27.114545,-165.441741
2025-04-11T23:53:51Z,27.114545,-165.441748
2025-04-11T23:53:52Z,27.114545,-165.441754
2025-04-11T23:53:53Z,27.114544,-165.441760
2025-04-11T23:53:54Z,27.114544,-165.441767
2025-04-11T23:53:55Z,27.114543,-165.441769
2025-04-11T23:53:56Z,27.114541,-165.441768
2025-04-11T23:53:57Z,27.114539,-165.441767
2025-04-11T23:53:58Z,27.114537,-165.441766
2025-04-11T23:53:59Z,27.114535,-165.441765
2025-04-11T23:54:00Z,27.114533,-165.441765
2025-04-11T23:54:01Z,27.114531,-165.441764
2025-04-11T23:54:02Z,27.114529,-165.441763
2025-04-11T23:54:03Z,27.114531,-165.441764
2025-04-11T23:54:04Z,27.114533,-165.441765
2025-04-11T23:54:05Z,27.114534,-165.441766
2025-04-11T23:54:06Z,27.114536,-165.441767
2025-04-11T23:54:07Z,27.114538,-165.441769
2025-04-11T23:54:08Z,27.114540,-165.441770
2025-04-11T23:54:09Z,27.114542,-165.441771
2025-04-11T23:54:10Z,27.114544,-165.441772
2025-04-11T23:54:11Z,27.114546,-165.441769
2025-04-11T23:54:12Z,27.114549,-165.441767
2025-04-11T23:54:13Z,27.114551,-165.441764
2025-04-11T23:54:14Z,27.114554,-165.441761
2025-04-11T23:54:15Z,27.114556,-165.441758
2025-04-11T23:54:16Z,27.114559,-165.441755
2025-04-11T23:54:17Z,27.114561,-165.441752
2025-04-11T23:54:18Z,27.114564,-165.441749
2025-04-11T23:54:19Z,27.114566,-165.441743
2025-04-11T23:54:20Z,27.114568,-165.441738
2025-04-11T23:54:21Z,27.114571,-165.441732
2025-04-11T23:54:22Z,27.114573,-165.441726
2025-04-11T23:54:23Z,27.114575,-165.441721
2025-04-11T23:54:24Z,27.114578,-165.441715
2025-04-11T23:54:25Z,27.114580,-165.441710
2025-04-11T23:54:26Z,27.114580,-165.441707
2025-04-11T23:54:27Z,27.114579,-165.441706
2025-04-11T23:54:28Z,27.114577,-165.441706
2025-04-11T23:54:29Z,27.114576,-165.441705
2025-04-11T23:54:30Z,27.114574,-165.441705
2025-04-11T23:54:31Z,27.114573,-165.441704
2025-04-11T23:54:32Z,27.114571,-165.441704
2025-04-11T23:54:33Z,27.114570,-165.441703
2025-04-11T23:54:34Z,27.114567,-165.441706
2025-04-11T23:54:35Z,27.114562,-165.441711
2025-04-11T23:54:36Z,27.114558,-165.441716
2025-04-11T23:54:37Z,27.114554,-165.441721
2025-04-11T23:54:38Z,27.114550,-165.441726
2025-04-11T23:54:39Z,27.114545,-165.441732
2025-04-11T23:54:40Z,27.114541,-165.441737
2025-04-11T23:54:41Z,27.114537,-165.441742
2025-04-11T23:54:42Z,27.114532,-165.441735
2025-04-11T23:54:43Z,27.114526,-165.441725
2025-04-11T23:54:44Z,27.114521,-165.441715
2025-04-11T23:54:45Z,27.114515,-165.441705
2025-04-11T23:54:46Z,27.114510,-165.441695
2025-04-11T23:54:47Z,27.114505,-165.441685
2025-04-11T23:54:48Z,27.114499,-165.441675
2025-04-11T23:54:49Z,27.114494,-165.441666
2025-04-11T23:54:50Z,27.114501,-165.441676
2025-04-11T23:54:51Z,27.114508,-165.441687
2025-04-11T23:54:52Z,27.114515,-165.441698
2025-04-11T23:54:53Z,27.114522,-165.441709
2025-04-11T23:54:54Z,27.114529,-165.441720
2025-04-11T23:54:55Z,27.114536,-165.441731
2025-04-11T23:54:56Z,27.114543,-165.441742
2025-04-11T23:54:57Z,27.114548,-165.441748
2025-04-11T23:54:58Z,27.114544,-165.441733
2025-04-11T23:54:59Z,27.114539,-165.441718
2025-04-11T23:55:00Z,27.114535,-165.441703
2025-04-11T23:55:01Z,27.114530,-165.441688
2025-04-11T23:55:02Z,27.114526,-165.441673
2025-04-11T23:55:03Z,27.114521,-165.441658
2025-04-11T23:55:04Z,27.114517,-165.441643
2025-04-11T23:55:05Z,27.114515,-165.441635
2025-04-11T23:55:06Z,27.114519,-165.441639
2025-04-11T23:55:07Z,27.114523,-165.441642
2025-04-11T23:55:08Z,27.114527,-165.441645
2025-04-11T23:55:09Z,27.114530,-165.441648
2025-04-11T23:55:10Z,27.114534,-165.441651
2025-04-11T23:55:11Z,27.114538,-165.441655
2025-04-11T23:55:12Z,27.114542,-165.441658
2025-04-11T23:55:13Z,27.114541,-165.441659
2025-04-11T23:55:14Z,27.114539,-165.441659
2025-04-11T23:55:15Z,27.114536,-165.441659
2025-04-11T23:55:16Z,27.114534,-165.441659
2025-04-11T23:55:17Z,27.114531,-165.441658
2025-04-11T23:55:18Z,27.114529,-165.441658
2025-04-11T23:55:19Z,27.114526,-165.441658
2025-04-11T23:55:20Z,27.114524,-165.441658
2025-04-11T23:55:21Z,27.114523,-165.441662
2025-04-11T23:55:22Z,27.114524,-165.441667
2025-04-11T23:55:23Z,27.114524,-165.441673
2025-04-11T23:55:24Z,27.114525,-165.441678
2025-04-11T23:55:25Z,27.114525,-165.441683
2025-04-11T23:55:26Z,27.114526,-165.441689
2025-04-11T23:55:27Z,27.114527,-165.441694
2025-04-11T23:55:28Z,27.114527,-165.441699
2025-04-11T23:55:29Z,27.114529,-165.441696
2025-04-11T23:55:30Z,27.114531,-165.441693
2025-04-11T23:55:31Z,27.114533,-165.441690
2025-04-11T23:55:32Z,27.114535,-165.441687
2025-04-11T23:55:33Z,27.114537,-165.441683
2025-04-11T23:55:34Z,27.114539,-165.441680
2025-04-11T23:55:35Z,27.114541,-165.441677
2025-04-11T23:55:36Z,27.114544,-165.441677
2025-04-11T23:55:37Z,27.114548,-165.441684
2025-04-11T23:55:38Z,27.114552,-165.441691
2025-04-11T23:55:39Z,27.114556,-165.441698
2025-04-11T23:55:40Z,27.114560,-165.441706
2025-04-11T23:55:41Z,27.114564,-165.441713
2025-04-11T23:55:42Z,27.114568,-165.441720
2025-04-11T23:55:43Z,27.114571,-165.441727
2025-04-11T23:55:44Z,27.114574,-165.441729
2025-04-11T23:55:45Z,27.114575,-165.441720
2025-04-11T23:55:46Z,27.114576,-165.441710
2025-04-11T23:55:47Z,27.114577,-165.441701
2025-04-11T23:55:48Z,27.114578,-165.441692
2025-04-11T23:55:49Z,27.114579,-165.441683
2025-04-11T23:55:50Z,27.114580,-165.441673
2025-04-11T23:55:51Z,27.114581,-165.441664
2025-04-11T23:55:52Z,27.114578,-165.441663
2025-04-11T23:55:53Z,27.114573,-165.441669
2025-04-11T23:55:54Z,27.114567,-165.441674
2025-04-11T23:55:55Z,27.114562,-165.441680
2025-04-11T23:55:56Z,27.114557,-165.441685
2025-04-11T23:55:57Z,27.114552,-165.441691
2025-04-11T23:55:58Z,27.114546,-165.441696
2025-04-11T23:55:59Z,27.114541,-165.441702
2025-04-11T23:56:00Z,27.114534,-165.441705
2025-04-11T23:56:01Z,27.114527,-165.441708
2025-04-11T23:56:02Z,27.114520,-165.441711
2025-04-11T23:56:03Z,27.114513,-165.441713
2025-04-11T23:56:04Z,27.114505,-165.441716
2025-04-11T23:56:05Z,27.114498,-165.441719
2025-04-11T23:56:06Z,27.114491,-165.441722
2025-04-11T23:56:07Z,27.114485,-165.441723
2025-04-11T23:56:08Z,27.114488,-165.441717
2025-04-11T23:56:09Z,27.114491,-165.441711
2025-04-11T23:56:10Z,27.114494,-165.441705
2025-04-11T23:56:11Z,27.114496,-165.441699
2025-04-11T23:56:12Z,27.114499,-165.441693
2025-04-11T23:56:13Z,27.114502,-165.441687
2025-04-11T23:56:14Z,27.114504,-165.441681
2025-04-11T23:56:15Z,27.114505,-165.441678
2025-04-11T23:56:16Z,27.114502,-165.441677
2025-04-11T23:56:17Z,27.114500,-165.441676
2025-04-11T23:56:18Z,27.114498,-165.441675
2025-04-11T23:56:19Z,27.114495,-165.441674
2025-04-11T23:56:20Z,27.114493,-165.441673
2025-04-11T23:56:21Z,27.114490,-165.441672
2025-04-11T23:56:22Z,27.114488,-165.441672
2025-04-11T23:56:23Z,27.114488,-165.441671
2025-04-11T23:56:24Z,27.114495,-165.441672
2025-04-11T23:56:25Z,27.114502,-165.441672
2025-04-11T23:56:26Z,27.114508,-165.441673
2025-04-11T23:56:27Z,27.114515,-165.441673
2025-04-11T23:56:28Z,27.114522,-165.441674
2025-04-11T23:56:29Z,27.114529,-165.441674
2025-04-11T23:56:30Z,27.114535,-165.441675
2025-04-11T23:56:31Z,27.114536,-165.441671
2025-04-11T23:56:32Z,27.114536,-165.441667
2025-04-11T23:56:33Z,27.114536,-165.441663
2025-04-11T23:56:34Z,27.114536,-165.441659
2025-04-11T23:56:35Z,27.114535,-165.441655
2025-04-11T23:56:36Z,27.114535,-165.441651
2025-04-11T23:56:37Z,27.114535,-165.441646
2025-04-11T23:56:38Z,27.114535,-165.441642
2025-04-11T23:56:39Z,27.114536,-165.441647
2025-04-11T23:56:40Z,27.114538,-165.441652
2025-04-11T23:56:41Z,27.114539,-165.441657
2025-04-11T23:56:42Z,27.114540,-165.441662
2025-04-11T23:56:43Z,27.114542,-165.441667
2025-04-11T23:56:44Z,27.114543,-165.441672
2025-04-11T23:56:45Z,27.114544,-165.441677
2025-04-11T23:56:46Z,27.114546,-165.441681
2025-04-11T23:56:47Z,27.114550,-165.441684
2025-04-11T23:56:48Z,27.114553,-165.441687
2025-04-11T23:56:49Z,27.114556,-165.441689
2025-04-11T23:56:50Z,27.114560,-165.441692
2025-04-11T23:56:51Z,27.114563,-165.441695
2025-04-11T23:56:52Z,27.114566,-165.441697
2025-04-11T23:56:53Z,27.114570,-165.441700
2025-04-11T23:56:54Z,27.114568,-165.441695
2025-04-11T23:56:55Z,27.114563,-165.441686
2025-04-11T23:56:56Z,27.114558,-165.441676
2025-04-11T23:56:57Z,27.114553,-165.441666
2025-04-11T23:56:58Z,27.114548,-165.441656
2025-04-11T23:56:59Z,27.114542,-165.441647
2025-04-11T23:57:00Z,27.114537,-165.441637
2025-04-11T23:57:01Z,27.114532,-165.441627
2025-04-11T23:57:02Z,27.114521,-165.441618
2025-04-11T23:57:03Z,27.114509,-165.441610
2025-04-11T23:57:04Z,27.114497,-165.441602
2025-04-11T23:57:05Z,27.114485,-165.441593
2025-04-11T23:57:06Z,27.114473,-165.441585
2025-04-11T23:57:07Z,27.114460,-165.441577
2025-04-11T23:57:08Z,27.114448,-165.441568
2025-04-11T23:57:09Z,27.114436,-165.441560
2025-04-11T23:57:10Z,27.114443,-165.441568
2025-04-11T23:57:11Z,27.114450,-165.441576
2025-04-11T23:57:12Z,27.114457,-165.441585
2025-04-11T23:57:13Z,27.114465,-165.441593
2025-04-11T23:57:14Z,27.114472,-165.441601
2025-04-11T23:57:15Z,27.114479,-165.441609
2025-04-11T23:57:16Z,27.114486,-165.441617
2025-04-11T23:57:17Z,27.114492,-165.441625
2025-04-11T23:57:18Z,27.114496,-165.441630
2025-04-11T23:57:19Z,27.114499,-165.441636
2025-04-11T23:57:20Z,27.114503,-165.441642
2025-04-11T23:57:21Z,27.114507,-165.441647
2025-04-11T23:57:22Z,27.114510,-165.441653
2025-04-11T23:57:23Z,27.114514,-165.441659
2025-04-11T23:57:24Z,27.114518,-165.441664
2025-04-11T23:57:25Z,27.114520,-165.441668
2025-04-11T23:57:26Z,27.114518,-165.441666
2025-04-11T23:57:27Z,27.114517,-165.441665
2025-04-11T23:57:28Z,27.114516,-165.441664
2025-04-11T23:57:29Z,27.114515,-165.441663
2025-04-11T23:57:30Z,27.114514,-165.441662
2025-04-11T23:57:31Z,27.114512,-165.441660
2025-04-11T23:57:32Z,27.114511,-165.441659
2025-04-11T23:57:33Z,27.114516,-165.441661
2025-04-11T23:57:34Z,27.114521,-165.441664
2025-04-11T23:57:35Z,27.114526,-165.441666
2025-04-11T23:57:36Z,27.114532,-165.441669
2025-04-11T23:57:37Z,27.114537,-165.441672
2025-04-11T23:57:38Z,27.114543,-165.441674
2025-04-11T23:57:39Z,27.114548,-165.441677
2025-04-11T23:57:40Z,27.114553,-165.441680
2025-04-11T23:57:41Z,27.114548,-165.441686
2025-04-11T23:57:42Z,27.114542,-165.441693
2025-04-11T23:57:43Z,27.114537,-165.441700
2025-04-11T23:57:44Z,27.114532,-165.441706
2025-04-11T23:57:45Z,27.114527,-165.441713
2025-04-11T23:57:46Z,27.114522,-165.441720
2025-04-11T23:57:47Z,27.114517,-165.441726
2025-04-11T23:57:48Z,27.114511,-165.441731
2025-04-11T23:57:49Z,27.114498,-165.441727
2025-04-11T23:57:50Z,27.114485,-165.441723
2025-04-11T23:57:51Z,27.114472,-165.441719
2025-04-11T23:57:52Z,27.114459,-165.441715
2025-04-11T23:57:53Z,27.114445,-165.441711
2025-04-11T23:57:54Z,27.114432,-165.441707
2025-04-11T23:57:55Z,27.114419,-165.441703
2025-04-11T23:57:56Z,27.114419,-165.441700
2025-04-11T23:57:57Z,27.114427,-165.441698
2025-04-11T23:57:58Z,27.114435,-165.441697
2025-04-11T23:57:59Z,27.114443,-165.441695
2025-04-11T23:58:00Z,27.114451,-165.441693
2025-04-11T23:58:01Z,27.114460,-165.441692
2025-04-11T23:58:02Z,27.114468,-165.441690
2025-04-11T23:58:03Z,27.114476,-165.441688
2025-04-11T23:58:04Z,27.114477,-165.441676
2025-04-11T23:58:05Z,27.114475,-165.441660
2025-04-11T23:58:06Z,27.114473,-165.441644
2025-04-11T23:58:07Z,27.114472,-165.441627
2025-04-11T23:58:08Z,27.114470,-165.441611
2025-04-11T23:58:09Z,27.114468,-165.441595
2025-04-11T23:58:10Z,27.114467,-165.441578
2025-04-11T23:58:11Z,27.114465,-165.441562
2025-04-11T23:58:12Z,27.114468,-165.441569
2025-04-11T23:58:13Z,27.114472,-165.441576
2025-04-11T23:58:14Z,27.114475,-165.441584
2025-04-11T23:58:15Z,27.114479,-165.441591
2025-04-11T23:58:16Z,27.114482,-165.441598
2025-04-11T23:58:17Z,27.114485,-165.441605
2025-04-11T23:58:18Z,27.114489,-165.441612
2025-04-11T23:58:19Z,27.114492,-165.441619
2025-04-11T23:58:20Z,27.114490,-165.441615
2025-04-11T23:58:21Z,27.114488,-165.441610
2025-04-11T23:58:22Z,27.114486,-165.441606
2025-04-11T23:58:23Z,27.114484,-165.441602
2025-04-11T23:58:24Z,27.114481,-165.441598
2025-04-11T23:58:25Z,27.114479,-165.441594
2025-04-11T23:58:26Z,27.114477,-165.441590
2025-04-11T23:58:27Z,27.114480,-165.441595
2025-04-11T23:58:28Z,27.114489,-165.441616
2025-04-11T23:58:29Z,27.114499,-165.441637
2025-04-11T23:58:30Z,27.114508,-165.441658
2025-04-11T23:58:31Z,27.114518,-165.441678
2025-04-11T23:58:32Z,27.114527,-165.441699
2025-04-11T23:58:33Z,27.114537,-165.441720
2025-04-11T23:58:34Z,27.114546,-165.441741
2025-04-11T23:58:35Z,27.114546,-165.441745
2025-04-11T23:58:36Z,27.114536,-165.441732
2025-04-11T23:58:37Z,27.114527,-165.441720
2025-04-11T23:58:38Z,27.114517,-165.441707
2025-04-11T23:58:39Z,27.114507,-165.441695
2025-04-11T23:58:40Z,27.114497,-165.441682
2025-04-11T23:58:41Z,27.114488,-165.441670
2025-04-11T23:58:42Z,27.114478,-165.441657
2025-04-11T23:58:43Z,27.114474,-165.441648
2025-04-11T23:58:44Z,27.114470,-165.441639
2025-04-11T23:58:45Z,27.114466,-165.441630
2025-04-11T23:58:46Z,27.114462,-165.441621
2025-04-11T23:58:47Z,27.114458,-165.441612
2025-04-11T23:58:48Z,27.114454,-165.441603
2025-04-11T23:58:49Z,27.114450,-165.441594
2025-04-11T23:58:50Z,27.114447,-165.441588
2025-04-11T23:58:51Z,27.114448,-165.441591
2025-04-11T23:58:52Z,27.114448,-165.441594
2025-04-11T23:58:53Z,27.114449,-165.441597
2025-04-11T23:58:54Z,27.114450,-165.441601
2025-04-11T23:58:55Z,27.114450,-165.441604
2025-04-11T23:58:56Z,27.114451,-165.441607
2025-04-11T23:58:57Z,27.114452,-165.441610
2025-04-11T23:58:58Z,27.114455,-165.441614
2025-04-11T23:58:59Z,27.114462,-165.441620
2025-04-11T23:59:00Z,27.114468,-165.441626
2025-04-11T23:59:01Z,27.114475,-165.441632
2025-04-11T23:59:02Z,27.114482,-165.441638
2025-04-11T23:59:03Z,27.114488,-165.441644
2025-04-11T23:59:04Z,27.114495,-165.441649
2025-04-11T23:59:05Z,27.114502,-165.441655
2025-04-11T23:59:06Z,27.114500,-165.441653
2025-04-11T23:59:07Z,27.114494,-165.441647
2025-04-11T23:59:08Z,27.114488,-165.441642
2025-04-11T23:59:09Z,27.114482,-165.441636
2025-04-11T23:59:10Z,27.114476,-165.441630
2025-04-11T23:59:11Z,27.114470,-165.441625
2025-04-11T23:59:12Z,27.114464,-165.441619
2025-04-11T23:59:13Z,27.114458,-165.441613
2025-04-11T23:59:14Z,27.114458,-165.441615
2025-04-11T23:59:15Z,27.114459,-165.441616
2025-04-11T23:59:16Z,27.114460,-165.441618
2025-04-11T23:59:17Z,27.114460,-165.441620
2025-04-11T23:59:18Z,27.114461,-165.441621
2025-04-11T23:59:19Z,27.114461,-165.441623
2025-04-11T23:59:20Z,27.114462,-165.441625
2025-04-11T23:59:21Z,27.114462,-165.441625
2025-04-11T23:59:22Z,27.114464,-165.441620
2025-04-11T23:59:23Z,27.114466,-165.441615
2025-04-11T23:59:24Z,27.114468,-165.441610
2025-04-11T23:59:25Z,27.114469,-165.441605
2025-04-11T23:59:26Z,27.114471,-165.441601
2025-04-11T23:59:27Z,27.114473,-165.441596
2025-04-11T23:59:28Z,27.114475,-165.441591
2025-04-11T23:59:29Z,27.114475,-165.441586
2025-04-11T23:59:30Z,27.114472,-165.441582
2025-04-11T23:59:31Z,27.114469,-165.441578
2025-04-11T23:59:32Z,27.114466,-165.441573
2025-04-11T23:59:33Z,27.114463,-165.441569
2025-04-11T23:59:34Z,27.114460,-165.441565
2025-04-11T23:59:35Z,27.114456,-165.441561
2025-04-11T23:59:36Z,27.114453,-165.441557
2025-04-11T23:59:37Z,27.114451,-165.441550
2025-04-11T23:59:38Z,27.114449,-165.441543
2025-04-11T23:59:39Z,27.114448,-165.441535
2025-04-11T23:59:40Z,27.114446,-165.441527
2025-04-11T23:59:41Z,27.114444,-165.441520
2025-04-11T23:59:42Z,27.114443,-165.441512
2025-04-11T23:59:43Z,27.114441,-165.441504
2025-04-11T23:59:44Z,27.114439,-165.441497
